[0.000000] (-) TimerEvent: {}
[0.000153] (fields2cover) JobQueued: {'identifier': 'fields2cover', 'dependencies': OrderedDict()}
[0.000300] (opennav_coverage_msgs) JobQueued: {'identifier': 'opennav_coverage_msgs', 'dependencies': OrderedDict()}
[0.000362] (opennav_coverage) JobQueued: {'identifier': 'opennav_coverage', 'dependencies': OrderedDict({'fields2cover': '/home/ws/install/fields2cover', 'opennav_coverage_msgs': '/home/ws/install/opennav_coverage_msgs'})}
[0.000423] (opennav_coverage_bt) JobQueued: {'identifier': 'opennav_coverage_bt', 'dependencies': OrderedDict({'opennav_coverage_msgs': '/home/ws/install/opennav_coverage_msgs'})}
[0.000444] (opennav_coverage_navigator) JobQueued: {'identifier': 'opennav_coverage_navigator', 'dependencies': OrderedDict({'fields2cover': '/home/ws/install/fields2cover', 'opennav_coverage_msgs': '/home/ws/install/opennav_coverage_msgs', 'opennav_coverage': '/home/ws/install/opennav_coverage', 'opennav_coverage_bt': '/home/ws/install/opennav_coverage_bt'})}
[0.000481] (opennav_row_coverage) JobQueued: {'identifier': 'opennav_row_coverage', 'dependencies': OrderedDict({'fields2cover': '/home/ws/install/fields2cover', 'opennav_coverage_msgs': '/home/ws/install/opennav_coverage_msgs', 'opennav_coverage': '/home/ws/install/opennav_coverage'})}
[0.000498] (opennav_coverage_demo) JobQueued: {'identifier': 'opennav_coverage_demo', 'dependencies': OrderedDict({'fields2cover': '/home/ws/install/fields2cover', 'opennav_coverage_msgs': '/home/ws/install/opennav_coverage_msgs', 'opennav_coverage': '/home/ws/install/opennav_coverage', 'opennav_coverage_bt': '/home/ws/install/opennav_coverage_bt', 'opennav_coverage_navigator': '/home/ws/install/opennav_coverage_navigator', 'opennav_row_coverage': '/home/ws/install/opennav_row_coverage'})}
[0.000514] (temizlik_navigation) JobQueued: {'identifier': 'temizlik_navigation', 'dependencies': OrderedDict({'fields2cover': '/home/ws/install/fields2cover', 'opennav_coverage_msgs': '/home/ws/install/opennav_coverage_msgs', 'opennav_coverage': '/home/ws/install/opennav_coverage', 'opennav_coverage_bt': '/home/ws/install/opennav_coverage_bt', 'opennav_coverage_navigator': '/home/ws/install/opennav_coverage_navigator'})}
[0.000611] (opennav_coverage_msgs) JobStarted: {'identifier': 'opennav_coverage_msgs'}
[0.005155] (fields2cover) JobStarted: {'identifier': 'fields2cover'}
[0.008630] (opennav_coverage_msgs) JobProgress: {'identifier': 'opennav_coverage_msgs', 'progress': 'cmake'}
[0.008956] (opennav_coverage_msgs) JobProgress: {'identifier': 'opennav_coverage_msgs', 'progress': 'build'}
[0.009238] (opennav_coverage_msgs) Command: {'cmd': ['/usr/bin/cmake', '--build', '/home/ws/build/opennav_coverage_msgs', '--', '-j12', '-l12'], 'cwd': '/home/ws/build/opennav_coverage_msgs', 'env': OrderedDict({'GZ_SIM_RESOURCE_PATH': '/opt/ros/jazzy/share', 'GZ_CONFIG_PATH': '/opt/ros/jazzy/opt/gz_sim_vendor/share/gz:/opt/ros/jazzy/opt/sdformat_vendor/share/gz:/opt/ros/jazzy/opt/gz_gui_vendor/share/gz:/opt/ros/jazzy/opt/gz_transport_vendor/share/gz:/opt/ros/jazzy/opt/gz_rendering_vendor/share/gz:/opt/ros/jazzy/opt/gz_plugin_vendor/share/gz:/opt/ros/jazzy/opt/gz_fuel_tools_vendor/share/gz:/opt/ros/jazzy/opt/gz_msgs_vendor/share/gz:/opt/ros/jazzy/opt/gz_common_vendor/share/gz', 'HOSTNAME': 'robotik-MS-7E27', 'GIT_ASKPASS': '/vscode/vscode-server/bin/linux-x64/0f0d87fa9e96c856c5212fc86db137ac0d783365/extensions/git/dist/askpass.sh', 'SHLVL': '2', 'LD_LIBRARY_PATH': '/home/ws/install/opennav_row_coverage/lib:/home/ws/install/opennav_coverage_navigator/lib:/home/ws/install/opennav_coverage_bt/lib:/home/ws/install/opennav_coverage/lib:/home/ws/install/opennav_coverage_msgs/lib:/home/ws/install/fields2cover/lib:/opt/ros/jazzy/opt/gz_sim_vendor/lib:/opt/ros/jazzy/opt/gz_sensors_vendor/lib:/opt/ros/jazzy/opt/gz_physics_vendor/lib:/opt/ros/jazzy/opt/sdformat_vendor/lib:/opt/ros/jazzy/opt/rviz_ogre_vendor/lib:/opt/ros/jazzy/lib/x86_64-linux-gnu:/opt/ros/jazzy/opt/gz_gui_vendor/lib:/opt/ros/jazzy/opt/gz_transport_vendor/lib:/opt/ros/jazzy/opt/gz_rendering_vendor/lib:/opt/ros/jazzy/opt/gz_plugin_vendor/lib:/opt/ros/jazzy/opt/gz_fuel_tools_vendor/lib:/opt/ros/jazzy/opt/gz_msgs_vendor/lib:/opt/ros/jazzy/opt/gz_common_vendor/lib:/opt/ros/jazzy/opt/gz_math_vendor/lib:/opt/ros/jazzy/opt/gz_utils_vendor/lib:/opt/ros/jazzy/opt/gz_tools_vendor/lib:/opt/ros/jazzy/opt/gz_ogre_next_vendor/lib:/opt/ros/jazzy/opt/gz_dartsim_vendor/lib:/opt/ros/jazzy/opt/gz_cmake_vendor/lib:/opt/ros/jazzy/lib', 'BROWSER': '/vscode/vscode-server/bin/linux-x64/0f0d87fa9e96c856c5212fc86db137ac0d783365/bin/helpers/browser.sh', 'HOME': '/home/robotik', 'TERM_PROGRAM_VERSION': '1.104.1', 'VSCODE_IPC_HOOK_CLI': '/tmp/vscode-ipc-05d4a918-3f54-4c4e-aa49-337cf9faf132.sock', 'ROS_PYTHON_VERSION': '3', 'VSCODE_GIT_ASKPASS_MAIN': '/vscode/vscode-server/bin/linux-x64/0f0d87fa9e96c856c5212fc86db137ac0d783365/extensions/git/dist/askpass-main.js', 'VSCODE_GIT_ASKPASS_NODE': '/vscode/vscode-server/bin/linux-x64/0f0d87fa9e96c856c5212fc86db137ac0d783365/node', 'VSCODE_PYTHON_AUTOACTIVATE_GUARD': '1', 'COLORTERM': 'truecolor', 'REMOTE_CONTAINERS': 'true', 'COLCON_PREFIX_PATH': '/home/ws/install', 'ROS_DISTRO': 'jazzy', 'REMOTE_CONTAINERS_IPC': '/tmp/vscode-remote-containers-ipc-d0d67ee2-8b23-4d00-87f0-ed667bc59202.sock', '_': '/usr/bin/colcon', 'ROS_VERSION': '2', 'PKG_CONFIG_PATH': '/home/ws/install/fields2cover/lib/x86_64-linux-gnu/pkgconfig:/home/ws/install/fields2cover/lib/pkgconfig', 'TERM': 'xterm-256color', 'ROS_LOCALHOST_ONLY': '1', 'QT_X11_NO_MITSHM': '1', 'PATH': '/vscode/vscode-server/bin/linux-x64/0f0d87fa9e96c856c5212fc86db137ac0d783365/bin/remote-cli:/opt/ros/jazzy/opt/gz_msgs_vendor/bin:/opt/ros/jazzy/opt/gz_tools_vendor/bin:/opt/ros/jazzy/opt/gz_ogre_next_vendor/bin:/opt/ros/jazzy/bin:/usr/local/sbin:/usr/local/bin:/usr/sbin:/usr/bin:/sbin:/bin', 'REMOTE_CONTAINERS_SOCKETS': '["/tmp/vscode-ssh-auth-d0d67ee2-8b23-4d00-87f0-ed667bc59202.sock","/home/robotik/.gnupg/S.gpg-agent"]', 'DISPLAY': ':1', 'LANG': 'C.UTF-8', 'LS_COLORS': 'rs=0:di=01;34:ln=01;36:mh=00:pi=40;33:so=01;35:do=01;35:bd=40;33;01:cd=40;33;01:or=40;31;01:mi=00:su=37;41:sg=30;43:ca=00:tw=30;42:ow=34;42:st=37;44:ex=01;32:*.tar=01;31:*.tgz=01;31:*.arc=01;31:*.arj=01;31:*.taz=01;31:*.lha=01;31:*.lz4=01;31:*.lzh=01;31:*.lzma=01;31:*.tlz=01;31:*.txz=01;31:*.tzo=01;31:*.t7z=01;31:*.zip=01;31:*.z=01;31:*.dz=01;31:*.gz=01;31:*.lrz=01;31:*.lz=01;31:*.lzo=01;31:*.xz=01;31:*.zst=01;31:*.tzst=01;31:*.bz2=01;31:*.bz=01;31:*.tbz=01;31:*.tbz2=01;31:*.tz=01;31:*.deb=01;31:*.rpm=01;31:*.jar=01;31:*.war=01;31:*.ear=01;31:*.sar=01;31:*.rar=01;31:*.alz=01;31:*.ace=01;31:*.zoo=01;31:*.cpio=01;31:*.7z=01;31:*.rz=01;31:*.cab=01;31:*.wim=01;31:*.swm=01;31:*.dwm=01;31:*.esd=01;31:*.avif=01;35:*.jpg=01;35:*.jpeg=01;35:*.mjpg=01;35:*.mjpeg=01;35:*.gif=01;35:*.bmp=01;35:*.pbm=01;35:*.pgm=01;35:*.ppm=01;35:*.tga=01;35:*.xbm=01;35:*.xpm=01;35:*.tif=01;35:*.tiff=01;35:*.png=01;35:*.svg=01;35:*.svgz=01;35:*.mng=01;35:*.pcx=01;35:*.mov=01;35:*.mpg=01;35:*.mpeg=01;35:*.m2v=01;35:*.mkv=01;35:*.webm=01;35:*.webp=01;35:*.ogm=01;35:*.mp4=01;35:*.m4v=01;35:*.mp4v=01;35:*.vob=01;35:*.qt=01;35:*.nuv=01;35:*.wmv=01;35:*.asf=01;35:*.rm=01;35:*.rmvb=01;35:*.flc=01;35:*.avi=01;35:*.fli=01;35:*.flv=01;35:*.gl=01;35:*.dl=01;35:*.xcf=01;35:*.xwd=01;35:*.yuv=01;35:*.cgm=01;35:*.emf=01;35:*.ogv=01;35:*.ogx=01;35:*.aac=00;36:*.au=00;36:*.flac=00;36:*.m4a=00;36:*.mid=00;36:*.midi=00;36:*.mka=00;36:*.mp3=00;36:*.mpc=00;36:*.ogg=00;36:*.ra=00;36:*.wav=00;36:*.oga=00;36:*.opus=00;36:*.spx=00;36:*.xspf=00;36:*~=00;90:*#=00;90:*.bak=00;90:*.crdownload=00;90:*.dpkg-dist=00;90:*.dpkg-new=00;90:*.dpkg-old=00;90:*.dpkg-tmp=00;90:*.old=00;90:*.orig=00;90:*.part=00;90:*.rej=00;90:*.rpmnew=00;90:*.rpmorig=00;90:*.rpmsave=00;90:*.swp=00;90:*.tmp=00;90:*.ucf-dist=00;90:*.ucf-new=00;90:*.ucf-old=00;90:', 'VSCODE_GIT_IPC_HANDLE': '/tmp/vscode-git-097b13c4b4.sock', 'TERM_PROGRAM': 'vscode', 'SSH_AUTH_SOCK': '/tmp/vscode-ssh-auth-d0d67ee2-8b23-4d00-87f0-ed667bc59202.sock', 'ROS_DOMAIN_ID': '42', 'AMENT_PREFIX_PATH': '/home/ws/install/temizlik_navigation:/home/ws/install/opennav_coverage_demo:/home/ws/install/opennav_row_coverage:/home/ws/install/opennav_coverage_navigator:/home/ws/install/opennav_coverage_bt:/home/ws/install/opennav_coverage:/home/ws/install/opennav_coverage_msgs:/opt/ros/jazzy', 'SHELL': '/bin/bash', 'ROS_AUTOMATIC_DISCOVERY_RANGE': 'SUBNET', 'VSCODE_GIT_ASKPASS_EXTRA_ARGS': '', 'PWD': '/home/ws/build/opennav_coverage_msgs', 'TURTLEBOT3_MODEL': 'burger', 'LC_ALL': 'C.UTF-8', 'PYTHONPATH': '/home/ws/install/opennav_coverage_demo/lib/python3.12/site-packages:/home/ws/install/opennav_coverage_msgs/lib/python3.12/site-packages:/opt/ros/jazzy/lib/python3.12/site-packages', 'COLCON': '1', 'CMAKE_PREFIX_PATH': '/home/ws/install/temizlik_navigation:/home/ws/install/opennav_row_coverage:/home/ws/install/opennav_coverage_navigator:/home/ws/install/opennav_coverage_bt:/home/ws/install/opennav_coverage:/home/ws/install/opennav_coverage_msgs:/home/ws/install/fields2cover:/opt/ros/jazzy/opt/gz_sim_vendor:/opt/ros/jazzy/opt/gz_sensors_vendor:/opt/ros/jazzy/opt/gz_physics_vendor:/opt/ros/jazzy/opt/sdformat_vendor:/opt/ros/jazzy/opt/gz_gui_vendor:/opt/ros/jazzy/opt/gz_transport_vendor:/opt/ros/jazzy/opt/gz_rendering_vendor:/opt/ros/jazzy/opt/gz_plugin_vendor:/opt/ros/jazzy/opt/gz_fuel_tools_vendor:/opt/ros/jazzy/opt/gz_msgs_vendor:/opt/ros/jazzy/opt/gz_common_vendor:/opt/ros/jazzy/opt/gz_math_vendor:/opt/ros/jazzy/opt/gz_utils_vendor:/opt/ros/jazzy/opt/gz_tools_vendor:/opt/ros/jazzy/opt/gz_ogre_next_vendor:/opt/ros/jazzy/opt/gz_dartsim_vendor:/opt/ros/jazzy/opt/gz_cmake_vendor:/home/ws/install/opennav_coverage_demo:/opt/ros/jazzy'}), 'shell': False}
[0.011306] (fields2cover) JobProgress: {'identifier': 'fields2cover', 'progress': 'cmake'}
[0.011685] (fields2cover) JobProgress: {'identifier': 'fields2cover', 'progress': 'build'}
[0.011939] (fields2cover) Command: {'cmd': ['/usr/bin/cmake', '--build', '/home/ws/build/fields2cover', '--', '-j12', '-l12'], 'cwd': '/home/ws/build/fields2cover', 'env': OrderedDict({'GZ_SIM_RESOURCE_PATH': '/opt/ros/jazzy/share', 'GZ_CONFIG_PATH': '/opt/ros/jazzy/opt/gz_sim_vendor/share/gz:/opt/ros/jazzy/opt/sdformat_vendor/share/gz:/opt/ros/jazzy/opt/gz_gui_vendor/share/gz:/opt/ros/jazzy/opt/gz_transport_vendor/share/gz:/opt/ros/jazzy/opt/gz_rendering_vendor/share/gz:/opt/ros/jazzy/opt/gz_plugin_vendor/share/gz:/opt/ros/jazzy/opt/gz_fuel_tools_vendor/share/gz:/opt/ros/jazzy/opt/gz_msgs_vendor/share/gz:/opt/ros/jazzy/opt/gz_common_vendor/share/gz', 'HOSTNAME': 'robotik-MS-7E27', 'GIT_ASKPASS': '/vscode/vscode-server/bin/linux-x64/0f0d87fa9e96c856c5212fc86db137ac0d783365/extensions/git/dist/askpass.sh', 'SHLVL': '2', 'LD_LIBRARY_PATH': '/home/ws/install/opennav_row_coverage/lib:/home/ws/install/opennav_coverage_navigator/lib:/home/ws/install/opennav_coverage_bt/lib:/home/ws/install/opennav_coverage/lib:/home/ws/install/opennav_coverage_msgs/lib:/home/ws/install/fields2cover/lib:/opt/ros/jazzy/opt/gz_sim_vendor/lib:/opt/ros/jazzy/opt/gz_sensors_vendor/lib:/opt/ros/jazzy/opt/gz_physics_vendor/lib:/opt/ros/jazzy/opt/sdformat_vendor/lib:/opt/ros/jazzy/opt/rviz_ogre_vendor/lib:/opt/ros/jazzy/lib/x86_64-linux-gnu:/opt/ros/jazzy/opt/gz_gui_vendor/lib:/opt/ros/jazzy/opt/gz_transport_vendor/lib:/opt/ros/jazzy/opt/gz_rendering_vendor/lib:/opt/ros/jazzy/opt/gz_plugin_vendor/lib:/opt/ros/jazzy/opt/gz_fuel_tools_vendor/lib:/opt/ros/jazzy/opt/gz_msgs_vendor/lib:/opt/ros/jazzy/opt/gz_common_vendor/lib:/opt/ros/jazzy/opt/gz_math_vendor/lib:/opt/ros/jazzy/opt/gz_utils_vendor/lib:/opt/ros/jazzy/opt/gz_tools_vendor/lib:/opt/ros/jazzy/opt/gz_ogre_next_vendor/lib:/opt/ros/jazzy/opt/gz_dartsim_vendor/lib:/opt/ros/jazzy/opt/gz_cmake_vendor/lib:/opt/ros/jazzy/lib', 'BROWSER': '/vscode/vscode-server/bin/linux-x64/0f0d87fa9e96c856c5212fc86db137ac0d783365/bin/helpers/browser.sh', 'HOME': '/home/robotik', 'TERM_PROGRAM_VERSION': '1.104.1', 'VSCODE_IPC_HOOK_CLI': '/tmp/vscode-ipc-05d4a918-3f54-4c4e-aa49-337cf9faf132.sock', 'ROS_PYTHON_VERSION': '3', 'VSCODE_GIT_ASKPASS_MAIN': '/vscode/vscode-server/bin/linux-x64/0f0d87fa9e96c856c5212fc86db137ac0d783365/extensions/git/dist/askpass-main.js', 'VSCODE_GIT_ASKPASS_NODE': '/vscode/vscode-server/bin/linux-x64/0f0d87fa9e96c856c5212fc86db137ac0d783365/node', 'VSCODE_PYTHON_AUTOACTIVATE_GUARD': '1', 'COLORTERM': 'truecolor', 'REMOTE_CONTAINERS': 'true', 'COLCON_PREFIX_PATH': '/home/ws/install', 'ROS_DISTRO': 'jazzy', 'REMOTE_CONTAINERS_IPC': '/tmp/vscode-remote-containers-ipc-d0d67ee2-8b23-4d00-87f0-ed667bc59202.sock', '_': '/usr/bin/colcon', 'ROS_VERSION': '2', 'PKG_CONFIG_PATH': '/home/ws/install/fields2cover/lib/x86_64-linux-gnu/pkgconfig:/home/ws/install/fields2cover/lib/pkgconfig', 'TERM': 'xterm-256color', 'ROS_LOCALHOST_ONLY': '1', 'QT_X11_NO_MITSHM': '1', 'PATH': '/vscode/vscode-server/bin/linux-x64/0f0d87fa9e96c856c5212fc86db137ac0d783365/bin/remote-cli:/opt/ros/jazzy/opt/gz_msgs_vendor/bin:/opt/ros/jazzy/opt/gz_tools_vendor/bin:/opt/ros/jazzy/opt/gz_ogre_next_vendor/bin:/opt/ros/jazzy/bin:/usr/local/sbin:/usr/local/bin:/usr/sbin:/usr/bin:/sbin:/bin', 'REMOTE_CONTAINERS_SOCKETS': '["/tmp/vscode-ssh-auth-d0d67ee2-8b23-4d00-87f0-ed667bc59202.sock","/home/robotik/.gnupg/S.gpg-agent"]', 'DISPLAY': ':1', 'LANG': 'C.UTF-8', 'LS_COLORS': 'rs=0:di=01;34:ln=01;36:mh=00:pi=40;33:so=01;35:do=01;35:bd=40;33;01:cd=40;33;01:or=40;31;01:mi=00:su=37;41:sg=30;43:ca=00:tw=30;42:ow=34;42:st=37;44:ex=01;32:*.tar=01;31:*.tgz=01;31:*.arc=01;31:*.arj=01;31:*.taz=01;31:*.lha=01;31:*.lz4=01;31:*.lzh=01;31:*.lzma=01;31:*.tlz=01;31:*.txz=01;31:*.tzo=01;31:*.t7z=01;31:*.zip=01;31:*.z=01;31:*.dz=01;31:*.gz=01;31:*.lrz=01;31:*.lz=01;31:*.lzo=01;31:*.xz=01;31:*.zst=01;31:*.tzst=01;31:*.bz2=01;31:*.bz=01;31:*.tbz=01;31:*.tbz2=01;31:*.tz=01;31:*.deb=01;31:*.rpm=01;31:*.jar=01;31:*.war=01;31:*.ear=01;31:*.sar=01;31:*.rar=01;31:*.alz=01;31:*.ace=01;31:*.zoo=01;31:*.cpio=01;31:*.7z=01;31:*.rz=01;31:*.cab=01;31:*.wim=01;31:*.swm=01;31:*.dwm=01;31:*.esd=01;31:*.avif=01;35:*.jpg=01;35:*.jpeg=01;35:*.mjpg=01;35:*.mjpeg=01;35:*.gif=01;35:*.bmp=01;35:*.pbm=01;35:*.pgm=01;35:*.ppm=01;35:*.tga=01;35:*.xbm=01;35:*.xpm=01;35:*.tif=01;35:*.tiff=01;35:*.png=01;35:*.svg=01;35:*.svgz=01;35:*.mng=01;35:*.pcx=01;35:*.mov=01;35:*.mpg=01;35:*.mpeg=01;35:*.m2v=01;35:*.mkv=01;35:*.webm=01;35:*.webp=01;35:*.ogm=01;35:*.mp4=01;35:*.m4v=01;35:*.mp4v=01;35:*.vob=01;35:*.qt=01;35:*.nuv=01;35:*.wmv=01;35:*.asf=01;35:*.rm=01;35:*.rmvb=01;35:*.flc=01;35:*.avi=01;35:*.fli=01;35:*.flv=01;35:*.gl=01;35:*.dl=01;35:*.xcf=01;35:*.xwd=01;35:*.yuv=01;35:*.cgm=01;35:*.emf=01;35:*.ogv=01;35:*.ogx=01;35:*.aac=00;36:*.au=00;36:*.flac=00;36:*.m4a=00;36:*.mid=00;36:*.midi=00;36:*.mka=00;36:*.mp3=00;36:*.mpc=00;36:*.ogg=00;36:*.ra=00;36:*.wav=00;36:*.oga=00;36:*.opus=00;36:*.spx=00;36:*.xspf=00;36:*~=00;90:*#=00;90:*.bak=00;90:*.crdownload=00;90:*.dpkg-dist=00;90:*.dpkg-new=00;90:*.dpkg-old=00;90:*.dpkg-tmp=00;90:*.old=00;90:*.orig=00;90:*.part=00;90:*.rej=00;90:*.rpmnew=00;90:*.rpmorig=00;90:*.rpmsave=00;90:*.swp=00;90:*.tmp=00;90:*.ucf-dist=00;90:*.ucf-new=00;90:*.ucf-old=00;90:', 'VSCODE_GIT_IPC_HANDLE': '/tmp/vscode-git-097b13c4b4.sock', 'TERM_PROGRAM': 'vscode', 'SSH_AUTH_SOCK': '/tmp/vscode-ssh-auth-d0d67ee2-8b23-4d00-87f0-ed667bc59202.sock', 'ROS_DOMAIN_ID': '42', 'AMENT_PREFIX_PATH': '/home/ws/install/temizlik_navigation:/home/ws/install/opennav_coverage_demo:/home/ws/install/opennav_row_coverage:/home/ws/install/opennav_coverage_navigator:/home/ws/install/opennav_coverage_bt:/home/ws/install/opennav_coverage:/home/ws/install/opennav_coverage_msgs:/opt/ros/jazzy', 'SHELL': '/bin/bash', 'ROS_AUTOMATIC_DISCOVERY_RANGE': 'SUBNET', 'VSCODE_GIT_ASKPASS_EXTRA_ARGS': '', 'PWD': '/home/ws/build/fields2cover', 'TURTLEBOT3_MODEL': 'burger', 'LC_ALL': 'C.UTF-8', 'PYTHONPATH': '/home/ws/install/opennav_coverage_demo/lib/python3.12/site-packages:/home/ws/install/opennav_coverage_msgs/lib/python3.12/site-packages:/opt/ros/jazzy/lib/python3.12/site-packages', 'COLCON': '1', 'CMAKE_PREFIX_PATH': '/home/ws/install/temizlik_navigation:/home/ws/install/opennav_row_coverage:/home/ws/install/opennav_coverage_navigator:/home/ws/install/opennav_coverage_bt:/home/ws/install/opennav_coverage:/home/ws/install/opennav_coverage_msgs:/home/ws/install/fields2cover:/opt/ros/jazzy/opt/gz_sim_vendor:/opt/ros/jazzy/opt/gz_sensors_vendor:/opt/ros/jazzy/opt/gz_physics_vendor:/opt/ros/jazzy/opt/sdformat_vendor:/opt/ros/jazzy/opt/gz_gui_vendor:/opt/ros/jazzy/opt/gz_transport_vendor:/opt/ros/jazzy/opt/gz_rendering_vendor:/opt/ros/jazzy/opt/gz_plugin_vendor:/opt/ros/jazzy/opt/gz_fuel_tools_vendor:/opt/ros/jazzy/opt/gz_msgs_vendor:/opt/ros/jazzy/opt/gz_common_vendor:/opt/ros/jazzy/opt/gz_math_vendor:/opt/ros/jazzy/opt/gz_utils_vendor:/opt/ros/jazzy/opt/gz_tools_vendor:/opt/ros/jazzy/opt/gz_ogre_next_vendor:/opt/ros/jazzy/opt/gz_dartsim_vendor:/opt/ros/jazzy/opt/gz_cmake_vendor:/home/ws/install/opennav_coverage_demo:/opt/ros/jazzy'}), 'shell': False}
[0.059315] (fields2cover) StdoutLine: {'line': b'[  2%] Built target tinyxml2\n'}
[0.059661] (opennav_coverage_msgs) StdoutLine: {'line': b'[  1%] Built target opennav_coverage_msgs__rosidl_generator_type_description\n'}
[0.064888] (fields2cover) StdoutLine: {'line': b'[ 17%] Built target steering_functions\n'}
[0.071645] (opennav_coverage_msgs) StdoutLine: {'line': b'[  1%] Built target ament_cmake_python_copy_opennav_coverage_msgs\n'}
[0.078423] (fields2cover) StdoutLine: {'line': b'[ 19%] Built target xmltest\n'}
[0.079403] (opennav_coverage_msgs) StdoutLine: {'line': b'[  1%] Built target opennav_coverage_msgs__cpp\n'}
[0.084668] (opennav_coverage_msgs) StdoutLine: {'line': b'[ 27%] Built target opennav_coverage_msgs__rosidl_generator_c\n'}
[0.099920] (-) TimerEvent: {}
[0.112124] (opennav_coverage_msgs) StdoutLine: {'line': b'[ 50%] Built target opennav_coverage_msgs__rosidl_typesupport_introspection_cpp\n'}
[0.112278] (opennav_coverage_msgs) StdoutLine: {'line': b'[ 50%] Built target opennav_coverage_msgs__rosidl_typesupport_introspection_c\n'}
[0.112337] (opennav_coverage_msgs) StdoutLine: {'line': b'[ 62%] Built target opennav_coverage_msgs__rosidl_typesupport_c\n'}
[0.112390] (opennav_coverage_msgs) StdoutLine: {'line': b'[ 68%] Built target opennav_coverage_msgs__rosidl_typesupport_cpp\n'}
[0.112440] (opennav_coverage_msgs) StdoutLine: {'line': b'[ 75%] Built target opennav_coverage_msgs__rosidl_typesupport_fastrtps_c\n'}
[0.113382] (opennav_coverage_msgs) StdoutLine: {'line': b'[ 85%] Built target opennav_coverage_msgs__rosidl_typesupport_fastrtps_cpp\n'}
[0.122921] (fields2cover) StdoutLine: {'line': b'[ 53%] Built target Fields2Cover\n'}
[0.140909] (opennav_coverage_msgs) StdoutLine: {'line': b'[ 85%] Built target opennav_coverage_msgs\n'}
[0.154480] (fields2cover) StdoutLine: {'line': b'[ 55%] Built target 4_swath_generator_tutorial\n'}
[0.154645] (fields2cover) StdoutLine: {'line': b'[ 57%] Built target 7_complete_flow\n'}
[0.154978] (fields2cover) StdoutLine: {'line': b'[ 59%] Built target 3_headland_generator_tutorial\n'}
[0.155858] (fields2cover) StdoutLine: {'line': b'[ 61%] Built target 5_route_planning_tutorial\n'}
[0.156040] (fields2cover) StdoutLine: {'line': b'[ 63%] Built target 2_objective_functions_tutorial\n'}
[0.156110] (fields2cover) StdoutLine: {'line': b'[ 63%] Built target 1_basic_types_tutorial\n'}
[0.156164] (fields2cover) StdoutLine: {'line': b'[ 64%] Built target 6_path_planning_tutorial\n'}
[0.163275] (opennav_coverage_msgs) StdoutLine: {'line': b'[ 86%] Built target opennav_coverage_msgs__py\n'}
[0.187776] (opennav_coverage_msgs) StdoutLine: {'line': b'[ 95%] Built target opennav_coverage_msgs__rosidl_generator_py\n'}
[0.188212] (fields2cover) StdoutLine: {'line': b'[100%] Built target unittests\n'}
[0.200036] (-) TimerEvent: {}
[0.200537] (fields2cover) CommandEnded: {'returncode': 0}
[0.200849] (opennav_coverage_msgs) StdoutLine: {'line': b'running egg_info\n'}
[0.201169] (fields2cover) JobProgress: {'identifier': 'fields2cover', 'progress': 'install'}
[0.208058] (opennav_coverage_msgs) StdoutLine: {'line': b'[100%] Built target opennav_coverage_msgs_s__rosidl_typesupport_c\n'}
[0.208171] (opennav_coverage_msgs) StdoutLine: {'line': b'[100%] Built target opennav_coverage_msgs_s__rosidl_typesupport_fastrtps_c\n'}
[0.208215] (opennav_coverage_msgs) StdoutLine: {'line': b'[100%] Built target opennav_coverage_msgs_s__rosidl_typesupport_introspection_c\n'}
[0.209065] (fields2cover) Command: {'cmd': ['/usr/bin/cmake', '--install', '/home/ws/build/fields2cover'], 'cwd': '/home/ws/build/fields2cover', 'env': OrderedDict({'GZ_SIM_RESOURCE_PATH': '/opt/ros/jazzy/share', 'GZ_CONFIG_PATH': '/opt/ros/jazzy/opt/gz_sim_vendor/share/gz:/opt/ros/jazzy/opt/sdformat_vendor/share/gz:/opt/ros/jazzy/opt/gz_gui_vendor/share/gz:/opt/ros/jazzy/opt/gz_transport_vendor/share/gz:/opt/ros/jazzy/opt/gz_rendering_vendor/share/gz:/opt/ros/jazzy/opt/gz_plugin_vendor/share/gz:/opt/ros/jazzy/opt/gz_fuel_tools_vendor/share/gz:/opt/ros/jazzy/opt/gz_msgs_vendor/share/gz:/opt/ros/jazzy/opt/gz_common_vendor/share/gz', 'HOSTNAME': 'robotik-MS-7E27', 'GIT_ASKPASS': '/vscode/vscode-server/bin/linux-x64/0f0d87fa9e96c856c5212fc86db137ac0d783365/extensions/git/dist/askpass.sh', 'SHLVL': '2', 'LD_LIBRARY_PATH': '/home/ws/install/opennav_row_coverage/lib:/home/ws/install/opennav_coverage_navigator/lib:/home/ws/install/opennav_coverage_bt/lib:/home/ws/install/opennav_coverage/lib:/home/ws/install/opennav_coverage_msgs/lib:/home/ws/install/fields2cover/lib:/opt/ros/jazzy/opt/gz_sim_vendor/lib:/opt/ros/jazzy/opt/gz_sensors_vendor/lib:/opt/ros/jazzy/opt/gz_physics_vendor/lib:/opt/ros/jazzy/opt/sdformat_vendor/lib:/opt/ros/jazzy/opt/rviz_ogre_vendor/lib:/opt/ros/jazzy/lib/x86_64-linux-gnu:/opt/ros/jazzy/opt/gz_gui_vendor/lib:/opt/ros/jazzy/opt/gz_transport_vendor/lib:/opt/ros/jazzy/opt/gz_rendering_vendor/lib:/opt/ros/jazzy/opt/gz_plugin_vendor/lib:/opt/ros/jazzy/opt/gz_fuel_tools_vendor/lib:/opt/ros/jazzy/opt/gz_msgs_vendor/lib:/opt/ros/jazzy/opt/gz_common_vendor/lib:/opt/ros/jazzy/opt/gz_math_vendor/lib:/opt/ros/jazzy/opt/gz_utils_vendor/lib:/opt/ros/jazzy/opt/gz_tools_vendor/lib:/opt/ros/jazzy/opt/gz_ogre_next_vendor/lib:/opt/ros/jazzy/opt/gz_dartsim_vendor/lib:/opt/ros/jazzy/opt/gz_cmake_vendor/lib:/opt/ros/jazzy/lib', 'BROWSER': '/vscode/vscode-server/bin/linux-x64/0f0d87fa9e96c856c5212fc86db137ac0d783365/bin/helpers/browser.sh', 'HOME': '/home/robotik', 'TERM_PROGRAM_VERSION': '1.104.1', 'VSCODE_IPC_HOOK_CLI': '/tmp/vscode-ipc-05d4a918-3f54-4c4e-aa49-337cf9faf132.sock', 'ROS_PYTHON_VERSION': '3', 'VSCODE_GIT_ASKPASS_MAIN': '/vscode/vscode-server/bin/linux-x64/0f0d87fa9e96c856c5212fc86db137ac0d783365/extensions/git/dist/askpass-main.js', 'VSCODE_GIT_ASKPASS_NODE': '/vscode/vscode-server/bin/linux-x64/0f0d87fa9e96c856c5212fc86db137ac0d783365/node', 'VSCODE_PYTHON_AUTOACTIVATE_GUARD': '1', 'COLORTERM': 'truecolor', 'REMOTE_CONTAINERS': 'true', 'COLCON_PREFIX_PATH': '/home/ws/install', 'ROS_DISTRO': 'jazzy', 'REMOTE_CONTAINERS_IPC': '/tmp/vscode-remote-containers-ipc-d0d67ee2-8b23-4d00-87f0-ed667bc59202.sock', '_': '/usr/bin/colcon', 'ROS_VERSION': '2', 'PKG_CONFIG_PATH': '/home/ws/install/fields2cover/lib/x86_64-linux-gnu/pkgconfig:/home/ws/install/fields2cover/lib/pkgconfig', 'TERM': 'xterm-256color', 'ROS_LOCALHOST_ONLY': '1', 'QT_X11_NO_MITSHM': '1', 'PATH': '/vscode/vscode-server/bin/linux-x64/0f0d87fa9e96c856c5212fc86db137ac0d783365/bin/remote-cli:/opt/ros/jazzy/opt/gz_msgs_vendor/bin:/opt/ros/jazzy/opt/gz_tools_vendor/bin:/opt/ros/jazzy/opt/gz_ogre_next_vendor/bin:/opt/ros/jazzy/bin:/usr/local/sbin:/usr/local/bin:/usr/sbin:/usr/bin:/sbin:/bin', 'REMOTE_CONTAINERS_SOCKETS': '["/tmp/vscode-ssh-auth-d0d67ee2-8b23-4d00-87f0-ed667bc59202.sock","/home/robotik/.gnupg/S.gpg-agent"]', 'DISPLAY': ':1', 'LANG': 'C.UTF-8', 'LS_COLORS': 'rs=0:di=01;34:ln=01;36:mh=00:pi=40;33:so=01;35:do=01;35:bd=40;33;01:cd=40;33;01:or=40;31;01:mi=00:su=37;41:sg=30;43:ca=00:tw=30;42:ow=34;42:st=37;44:ex=01;32:*.tar=01;31:*.tgz=01;31:*.arc=01;31:*.arj=01;31:*.taz=01;31:*.lha=01;31:*.lz4=01;31:*.lzh=01;31:*.lzma=01;31:*.tlz=01;31:*.txz=01;31:*.tzo=01;31:*.t7z=01;31:*.zip=01;31:*.z=01;31:*.dz=01;31:*.gz=01;31:*.lrz=01;31:*.lz=01;31:*.lzo=01;31:*.xz=01;31:*.zst=01;31:*.tzst=01;31:*.bz2=01;31:*.bz=01;31:*.tbz=01;31:*.tbz2=01;31:*.tz=01;31:*.deb=01;31:*.rpm=01;31:*.jar=01;31:*.war=01;31:*.ear=01;31:*.sar=01;31:*.rar=01;31:*.alz=01;31:*.ace=01;31:*.zoo=01;31:*.cpio=01;31:*.7z=01;31:*.rz=01;31:*.cab=01;31:*.wim=01;31:*.swm=01;31:*.dwm=01;31:*.esd=01;31:*.avif=01;35:*.jpg=01;35:*.jpeg=01;35:*.mjpg=01;35:*.mjpeg=01;35:*.gif=01;35:*.bmp=01;35:*.pbm=01;35:*.pgm=01;35:*.ppm=01;35:*.tga=01;35:*.xbm=01;35:*.xpm=01;35:*.tif=01;35:*.tiff=01;35:*.png=01;35:*.svg=01;35:*.svgz=01;35:*.mng=01;35:*.pcx=01;35:*.mov=01;35:*.mpg=01;35:*.mpeg=01;35:*.m2v=01;35:*.mkv=01;35:*.webm=01;35:*.webp=01;35:*.ogm=01;35:*.mp4=01;35:*.m4v=01;35:*.mp4v=01;35:*.vob=01;35:*.qt=01;35:*.nuv=01;35:*.wmv=01;35:*.asf=01;35:*.rm=01;35:*.rmvb=01;35:*.flc=01;35:*.avi=01;35:*.fli=01;35:*.flv=01;35:*.gl=01;35:*.dl=01;35:*.xcf=01;35:*.xwd=01;35:*.yuv=01;35:*.cgm=01;35:*.emf=01;35:*.ogv=01;35:*.ogx=01;35:*.aac=00;36:*.au=00;36:*.flac=00;36:*.m4a=00;36:*.mid=00;36:*.midi=00;36:*.mka=00;36:*.mp3=00;36:*.mpc=00;36:*.ogg=00;36:*.ra=00;36:*.wav=00;36:*.oga=00;36:*.opus=00;36:*.spx=00;36:*.xspf=00;36:*~=00;90:*#=00;90:*.bak=00;90:*.crdownload=00;90:*.dpkg-dist=00;90:*.dpkg-new=00;90:*.dpkg-old=00;90:*.dpkg-tmp=00;90:*.old=00;90:*.orig=00;90:*.part=00;90:*.rej=00;90:*.rpmnew=00;90:*.rpmorig=00;90:*.rpmsave=00;90:*.swp=00;90:*.tmp=00;90:*.ucf-dist=00;90:*.ucf-new=00;90:*.ucf-old=00;90:', 'VSCODE_GIT_IPC_HANDLE': '/tmp/vscode-git-097b13c4b4.sock', 'TERM_PROGRAM': 'vscode', 'SSH_AUTH_SOCK': '/tmp/vscode-ssh-auth-d0d67ee2-8b23-4d00-87f0-ed667bc59202.sock', 'ROS_DOMAIN_ID': '42', 'AMENT_PREFIX_PATH': '/home/ws/install/temizlik_navigation:/home/ws/install/opennav_coverage_demo:/home/ws/install/opennav_row_coverage:/home/ws/install/opennav_coverage_navigator:/home/ws/install/opennav_coverage_bt:/home/ws/install/opennav_coverage:/home/ws/install/opennav_coverage_msgs:/opt/ros/jazzy', 'SHELL': '/bin/bash', 'ROS_AUTOMATIC_DISCOVERY_RANGE': 'SUBNET', 'VSCODE_GIT_ASKPASS_EXTRA_ARGS': '', 'PWD': '/home/ws/build/fields2cover', 'TURTLEBOT3_MODEL': 'burger', 'LC_ALL': 'C.UTF-8', 'PYTHONPATH': '/home/ws/install/opennav_coverage_demo/lib/python3.12/site-packages:/home/ws/install/opennav_coverage_msgs/lib/python3.12/site-packages:/opt/ros/jazzy/lib/python3.12/site-packages', 'COLCON': '1', 'CMAKE_PREFIX_PATH': '/home/ws/install/temizlik_navigation:/home/ws/install/opennav_row_coverage:/home/ws/install/opennav_coverage_navigator:/home/ws/install/opennav_coverage_bt:/home/ws/install/opennav_coverage:/home/ws/install/opennav_coverage_msgs:/home/ws/install/fields2cover:/opt/ros/jazzy/opt/gz_sim_vendor:/opt/ros/jazzy/opt/gz_sensors_vendor:/opt/ros/jazzy/opt/gz_physics_vendor:/opt/ros/jazzy/opt/sdformat_vendor:/opt/ros/jazzy/opt/gz_gui_vendor:/opt/ros/jazzy/opt/gz_transport_vendor:/opt/ros/jazzy/opt/gz_rendering_vendor:/opt/ros/jazzy/opt/gz_plugin_vendor:/opt/ros/jazzy/opt/gz_fuel_tools_vendor:/opt/ros/jazzy/opt/gz_msgs_vendor:/opt/ros/jazzy/opt/gz_common_vendor:/opt/ros/jazzy/opt/gz_math_vendor:/opt/ros/jazzy/opt/gz_utils_vendor:/opt/ros/jazzy/opt/gz_tools_vendor:/opt/ros/jazzy/opt/gz_ogre_next_vendor:/opt/ros/jazzy/opt/gz_dartsim_vendor:/opt/ros/jazzy/opt/gz_cmake_vendor:/home/ws/install/opennav_coverage_demo:/opt/ros/jazzy'}), 'shell': False}
[0.210262] (opennav_coverage_msgs) StdoutLine: {'line': b'writing opennav_coverage_msgs.egg-info/PKG-INFO\n'}
[0.210418] (opennav_coverage_msgs) StdoutLine: {'line': b'writing dependency_links to opennav_coverage_msgs.egg-info/dependency_links.txt\n'}
[0.210531] (opennav_coverage_msgs) StdoutLine: {'line': b'writing top-level names to opennav_coverage_msgs.egg-info/top_level.txt\n'}
[0.216751] (fields2cover) StdoutLine: {'line': b'-- Install configuration: "Release"\n'}
[0.217136] (fields2cover) StdoutLine: {'line': b'-- Up-to-date: /home/ws/install/fields2cover/lib/libtinyxml2.so.9.0.0\n'}
[0.217210] (fields2cover) StdoutLine: {'line': b'-- Up-to-date: /home/ws/install/fields2cover/lib/libtinyxml2.so.9\n'}
[0.217258] (fields2cover) StdoutLine: {'line': b'-- Up-to-date: /home/ws/install/fields2cover/lib/libtinyxml2.so\n'}
[0.217313] (fields2cover) StdoutLine: {'line': b'-- Up-to-date: /home/ws/install/fields2cover/lib/cmake/tinyxml2/tinyxml2-shared-targets.cmake\n'}
[0.217360] (fields2cover) StdoutLine: {'line': b'-- Up-to-date: /home/ws/install/fields2cover/lib/cmake/tinyxml2/tinyxml2-shared-targets-release.cmake\n'}
[0.217438] (fields2cover) StdoutLine: {'line': b'-- Up-to-date: /home/ws/install/fields2cover/lib/cmake/tinyxml2/tinyxml2-config.cmake\n'}
[0.217503] (fields2cover) StdoutLine: {'line': b'-- Up-to-date: /home/ws/install/fields2cover/lib/cmake/tinyxml2/tinyxml2-config-version.cmake\n'}
[0.217565] (fields2cover) StdoutLine: {'line': b'-- Up-to-date: /home/ws/install/fields2cover/include/tinyxml2.h\n'}
[0.217616] (fields2cover) StdoutLine: {'line': b'-- Up-to-date: /home/ws/install/fields2cover/lib/pkgconfig/tinyxml2.pc\n'}
[0.217817] (fields2cover) StdoutLine: {'line': b'-- Up-to-date: /home/ws/install/fields2cover/lib/libsteering_functions.so\n'}
[0.218054] (fields2cover) StdoutLine: {'line': b'-- Up-to-date: /home/ws/install/fields2cover/cmake/spline/splineTargets.cmake\n'}
[0.218135] (fields2cover) StdoutLine: {'line': b'-- Up-to-date: /home/ws/install/fields2cover/cmake/spline/splineConfig.cmake\n'}
[0.218189] (fields2cover) StdoutLine: {'line': b'-- Up-to-date: /home/ws/install/fields2cover/include/spline.h\n'}
[0.218297] (fields2cover) StdoutLine: {'line': b'-- Up-to-date: /home/ws/install/fields2cover/cmake/matplotlib_cpp/matplotlib_cppTargets.cmake\n'}
[0.218355] (fields2cover) StdoutLine: {'line': b'-- Up-to-date: /home/ws/install/fields2cover/cmake/matplotlib_cpp/matplotlib_cppConfig.cmake\n'}
[0.218407] (fields2cover) StdoutLine: {'line': b'-- Up-to-date: /home/ws/install/fields2cover/include/matplotlibcpp.h\n'}
[0.218510] (fields2cover) StdoutLine: {'line': b'-- Up-to-date: /home/ws/install/fields2cover/lib/libFields2Cover.so\n'}
[0.218656] (fields2cover) StdoutLine: {'line': b'-- Up-to-date: /home/ws/install/fields2cover/include/fields2cover.h\n'}
[0.218801] (fields2cover) StdoutLine: {'line': b'-- Up-to-date: /home/ws/install/fields2cover/lib/libtinyxml2.so.9.0.0\n'}
[0.218861] (fields2cover) StdoutLine: {'line': b'-- Up-to-date: /home/ws/install/fields2cover/lib/libtinyxml2.so.9\n'}
[0.218916] (fields2cover) StdoutLine: {'line': b'-- Up-to-date: /home/ws/install/fields2cover/lib/libtinyxml2.so\n'}
[0.218985] (fields2cover) StdoutLine: {'line': b'-- Up-to-date: /home/ws/install/fields2cover/lib/libsteering_functions.so\n'}
[0.219068] (fields2cover) StdoutLine: {'line': b'-- Up-to-date: /home/ws/install/fields2cover/cmake/fields2cover/Fields2Cover-shared-Targets.cmake\n'}
[0.219122] (fields2cover) StdoutLine: {'line': b'-- Up-to-date: /home/ws/install/fields2cover/cmake/fields2cover/Fields2Cover-shared-Targets-release.cmake\n'}
[0.219182] (fields2cover) StdoutLine: {'line': b'-- Up-to-date: /home/ws/install/fields2cover/cmake/fields2cover/Fields2CoverConfig.cmake\n'}
[0.219242] (fields2cover) StdoutLine: {'line': b'-- Up-to-date: /home/ws/install/fields2cover/cmake/fields2cover/Fields2CoverConfigVersion.cmake\n'}
[0.219295] (fields2cover) StdoutLine: {'line': b'-- Up-to-date: /home/ws/install/fields2cover/share/Fields2Cover/package.xml\n'}
[0.219346] (fields2cover) StdoutLine: {'line': b'-- Up-to-date: /home/ws/install/fields2cover/include\n'}
[0.219419] (fields2cover) StdoutLine: {'line': b'-- Up-to-date: /home/ws/install/fields2cover/include/fields2cover\n'}
[0.219476] (fields2cover) StdoutLine: {'line': b'-- Up-to-date: /home/ws/install/fields2cover/include/fields2cover/objectives\n'}
[0.219541] (fields2cover) StdoutLine: {'line': b'-- Up-to-date: /home/ws/install/fields2cover/include/fields2cover/objectives/overlaps.h\n'}
[0.219608] (fields2cover) StdoutLine: {'line': b'-- Up-to-date: /home/ws/install/fields2cover/include/fields2cover/objectives/sg_objective.h\n'}
[0.219667] (fields2cover) StdoutLine: {'line': b'-- Up-to-date: /home/ws/install/fields2cover/include/fields2cover/objectives/rem_area.h\n'}
[0.219740] (fields2cover) StdoutLine: {'line': b'-- Up-to-date: /home/ws/install/fields2cover/include/fields2cover/objectives/base_objective.h\n'}
[0.219804] (fields2cover) StdoutLine: {'line': b'-- Up-to-date: /home/ws/install/fields2cover/include/fields2cover/objectives/pp_objective.h\n'}
[0.219869] (fields2cover) StdoutLine: {'line': b'-- Up-to-date: /home/ws/install/fields2cover/include/fields2cover/objectives/complete_turn_path_obj.h\n'}
[0.219958] (fields2cover) StdoutLine: {'line': b'-- Up-to-date: /home/ws/install/fields2cover/include/fields2cover/objectives/field_coverage.h\n'}
[0.220021] (fields2cover) StdoutLine: {'line': b'-- Up-to-date: /home/ws/install/fields2cover/include/fields2cover/objectives/path_length.h\n'}
[0.220069] (fields2cover) StdoutLine: {'line': b'-- Up-to-date: /home/ws/install/fields2cover/include/fields2cover/objectives/n_swath.h\n'}
[0.220105] (fields2cover) StdoutLine: {'line': b'-- Up-to-date: /home/ws/install/fields2cover/include/fields2cover/objectives/hg_objective.h\n'}
[0.220147] (fields2cover) StdoutLine: {'line': b'-- Up-to-date: /home/ws/install/fields2cover/include/fields2cover/objectives/rp_objective.h\n'}
[0.220185] (fields2cover) StdoutLine: {'line': b'-- Up-to-date: /home/ws/install/fields2cover/include/fields2cover/objectives/swath_length.h\n'}
[0.220230] (fields2cover) StdoutLine: {'line': b'-- Up-to-date: /home/ws/install/fields2cover/include/fields2cover/objectives/direct_dist_path_obj.h\n'}
[0.220272] (fields2cover) StdoutLine: {'line': b'-- Up-to-date: /home/ws/install/fields2cover/include/fields2cover/swath_generator\n'}
[0.220313] (fields2cover) StdoutLine: {'line': b'-- Up-to-date: /home/ws/install/fields2cover/include/fields2cover/swath_generator/swath_generator_base.h\n'}
[0.220354] (fields2cover) StdoutLine: {'line': b'-- Up-to-date: /home/ws/install/fields2cover/include/fields2cover/swath_generator/brute_force.h\n'}
[0.220397] (fields2cover) StdoutLine: {'line': b'-- Up-to-date: /home/ws/install/fields2cover/include/fields2cover/swath_generator/swath_generator_base_impl.hpp\n'}
[0.220442] (fields2cover) StdoutLine: {'line': b'-- Up-to-date: /home/ws/install/fields2cover/include/fields2cover/utils\n'}
[0.220480] (fields2cover) StdoutLine: {'line': b'-- Up-to-date: /home/ws/install/fields2cover/include/fields2cover/utils/transformation.h\n'}
[0.220526] (fields2cover) StdoutLine: {'line': b'-- Up-to-date: /home/ws/install/fields2cover/include/fields2cover/utils/parser.h\n'}
[0.220576] (fields2cover) StdoutLine: {'line': b'-- Up-to-date: /home/ws/install/fields2cover/include/fields2cover/utils/random.h\n'}
[0.220614] (fields2cover) StdoutLine: {'line': b'-- Up-to-date: /home/ws/install/fields2cover/include/fields2cover/utils/visualizer.h\n'}
[0.220863] (fields2cover) StdoutLine: {'line': b'-- Up-to-date: /home/ws/install/fields2cover/include/fields2cover/path_planning\n'}
[0.220934] (fields2cover) StdoutLine: {'line': b'-- Up-to-date: /home/ws/install/fields2cover/include/fields2cover/path_planning/turning_base.h\n'}
[0.220989] (fields2cover) StdoutLine: {'line': b'-- Up-to-date: /home/ws/install/fields2cover/include/fields2cover/path_planning/reeds_shepp_curves_hc.h\n'}
[0.221039] (fields2cover) StdoutLine: {'line': b'-- Up-to-date: /home/ws/install/fields2cover/include/fields2cover/path_planning/dubins_curves.h\n'}
[0.221087] (fields2cover) StdoutLine: {'line': b'-- Up-to-date: /home/ws/install/fields2cover/include/fields2cover/path_planning/steer_to_path.hpp\n'}
[0.221137] (fields2cover) StdoutLine: {'line': b'-- Up-to-date: /home/ws/install/fields2cover/include/fields2cover/path_planning/reeds_shepp_curves.h\n'}
[0.221186] (fields2cover) StdoutLine: {'line': b'-- Up-to-date: /home/ws/install/fields2cover/include/fields2cover/path_planning/dubins_curves_cc.h\n'}
[0.221235] (fields2cover) StdoutLine: {'line': b'-- Up-to-date: /home/ws/install/fields2cover/include/fields2cover/path_planning/path_planning.h\n'}
[0.221284] (fields2cover) StdoutLine: {'line': b'-- Up-to-date: /home/ws/install/fields2cover/include/fields2cover/types.h\n'}
[0.221331] (fields2cover) StdoutLine: {'line': b'-- Up-to-date: /home/ws/install/fields2cover/include/fields2cover/headland_generator\n'}
[0.221378] (fields2cover) StdoutLine: {'line': b'-- Up-to-date: /home/ws/install/fields2cover/include/fields2cover/headland_generator/headland_generator_base.h\n'}
[0.221426] (fields2cover) StdoutLine: {'line': b'-- Up-to-date: /home/ws/install/fields2cover/include/fields2cover/headland_generator/constant_headland.h\n'}
[0.221480] (fields2cover) StdoutLine: {'line': b'-- Up-to-date: /home/ws/install/fields2cover/include/fields2cover/types\n'}
[0.221529] (fields2cover) StdoutLine: {'line': b'-- Up-to-date: /home/ws/install/fields2cover/include/fields2cover/types/MultiPoint.h\n'}
[0.221577] (fields2cover) StdoutLine: {'line': b'-- Up-to-date: /home/ws/install/fields2cover/include/fields2cover/types/Route.h\n'}
[0.221624] (fields2cover) StdoutLine: {'line': b'-- Up-to-date: /home/ws/install/fields2cover/include/fields2cover/types/Geometries.h\n'}
[0.221670] (fields2cover) StdoutLine: {'line': b'-- Up-to-date: /home/ws/install/fields2cover/include/fields2cover/types/Swaths.h\n'}
[0.221724] (fields2cover) StdoutLine: {'line': b'-- Up-to-date: /home/ws/install/fields2cover/include/fields2cover/types/Robot.h\n'}
[0.221771] (fields2cover) StdoutLine: {'line': b'-- Up-to-date: /home/ws/install/fields2cover/include/fields2cover/types/MultiLineString.h\n'}
[0.221816] (fields2cover) StdoutLine: {'line': b'-- Up-to-date: /home/ws/install/fields2cover/include/fields2cover/types/Path.h\n'}
[0.221860] (fields2cover) StdoutLine: {'line': b'-- Up-to-date: /home/ws/install/fields2cover/include/fields2cover/types/Geometry.h\n'}
[0.221904] (fields2cover) StdoutLine: {'line': b'-- Up-to-date: /home/ws/install/fields2cover/include/fields2cover/types/Cell.h\n'}
[0.221953] (fields2cover) StdoutLine: {'line': b'-- Up-to-date: /home/ws/install/fields2cover/include/fields2cover/types/Geometries_impl.hpp\n'}
[0.222001] (fields2cover) StdoutLine: {'line': b'-- Up-to-date: /home/ws/install/fields2cover/include/fields2cover/types/Strip.h\n'}
[0.222082] (fields2cover) StdoutLine: {'line': b'-- Up-to-date: /home/ws/install/fields2cover/include/fields2cover/types/Cells.h\n'}
[0.222278] (fields2cover) StdoutLine: {'line': b'-- Up-to-date: /home/ws/install/fields2cover/include/fields2cover/types/Field.h\n'}
[0.222420] (fields2cover) StdoutLine: {'line': b'-- Up-to-date: /home/ws/install/fields2cover/include/fields2cover/types/Geometry_impl.hpp\n'}
[0.222562] (fields2cover) StdoutLine: {'line': b'-- Up-to-date: /home/ws/install/fields2cover/include/fields2cover/types/Swath.h\n'}
[0.222620] (fields2cover) StdoutLine: {'line': b'-- Up-to-date: /home/ws/install/fields2cover/include/fields2cover/types/LinearRing.h\n'}
[0.222709] (fields2cover) StdoutLine: {'line': b'-- Up-to-date: /home/ws/install/fields2cover/include/fields2cover/types/OptimizationParams.h\n'}
[0.222796] (fields2cover) StdoutLine: {'line': b'-- Up-to-date: /home/ws/install/fields2cover/include/fields2cover/types/Point.h\n'}
[0.222919] (fields2cover) StdoutLine: {'line': b'-- Up-to-date: /home/ws/install/fields2cover/include/fields2cover/types/LineString.h\n'}
[0.223343] (fields2cover) StdoutLine: {'line': b'-- Up-to-date: /home/ws/install/fields2cover/include/fields2cover/route_planning\n'}
[0.223451] (fields2cover) StdoutLine: {'line': b'-- Up-to-date: /home/ws/install/fields2cover/include/fields2cover/route_planning/boustrophedon_order.h\n'}
[0.223508] (fields2cover) StdoutLine: {'line': b'-- Up-to-date: /home/ws/install/fields2cover/include/fields2cover/route_planning/custom_order.h\n'}
[0.223849] (fields2cover) StdoutLine: {'line': b'-- Up-to-date: /home/ws/install/fields2cover/include/fields2cover/route_planning/single_cell_swaths_order_base.h\n'}
[0.223938] (fields2cover) StdoutLine: {'line': b'-- Up-to-date: /home/ws/install/fields2cover/include/fields2cover/route_planning/snake_order.h\n'}
[0.224089] (fields2cover) StdoutLine: {'line': b'-- Up-to-date: /home/ws/install/fields2cover/include/fields2cover/route_planning/spiral_order.h\n'}
[0.224280] (fields2cover) StdoutLine: {'line': b'-- Up-to-date: /home/ws/install/fields2cover/include/fields2cover.h\n'}
[0.224344] (fields2cover) CommandEnded: {'returncode': 0}
[0.234080] (fields2cover) JobEnded: {'identifier': 'fields2cover', 'rc': 0}
[0.238803] (opennav_coverage_msgs) StdoutLine: {'line': b"reading manifest file 'opennav_coverage_msgs.egg-info/SOURCES.txt'\n"}
[0.239217] (opennav_coverage_msgs) StdoutLine: {'line': b"writing manifest file 'opennav_coverage_msgs.egg-info/SOURCES.txt'\n"}
[0.260143] (opennav_coverage_msgs) StdoutLine: {'line': b'[100%] Built target ament_cmake_python_build_opennav_coverage_msgs_egg\n'}
[0.272115] (opennav_coverage_msgs) CommandEnded: {'returncode': 0}
[0.272578] (opennav_coverage_msgs) JobProgress: {'identifier': 'opennav_coverage_msgs', 'progress': 'install'}
[0.272908] (opennav_coverage_msgs) Command: {'cmd': ['/usr/bin/cmake', '--install', '/home/ws/build/opennav_coverage_msgs'], 'cwd': '/home/ws/build/opennav_coverage_msgs', 'env': OrderedDict({'GZ_SIM_RESOURCE_PATH': '/opt/ros/jazzy/share', 'GZ_CONFIG_PATH': '/opt/ros/jazzy/opt/gz_sim_vendor/share/gz:/opt/ros/jazzy/opt/sdformat_vendor/share/gz:/opt/ros/jazzy/opt/gz_gui_vendor/share/gz:/opt/ros/jazzy/opt/gz_transport_vendor/share/gz:/opt/ros/jazzy/opt/gz_rendering_vendor/share/gz:/opt/ros/jazzy/opt/gz_plugin_vendor/share/gz:/opt/ros/jazzy/opt/gz_fuel_tools_vendor/share/gz:/opt/ros/jazzy/opt/gz_msgs_vendor/share/gz:/opt/ros/jazzy/opt/gz_common_vendor/share/gz', 'HOSTNAME': 'robotik-MS-7E27', 'GIT_ASKPASS': '/vscode/vscode-server/bin/linux-x64/0f0d87fa9e96c856c5212fc86db137ac0d783365/extensions/git/dist/askpass.sh', 'SHLVL': '2', 'LD_LIBRARY_PATH': '/home/ws/install/opennav_row_coverage/lib:/home/ws/install/opennav_coverage_navigator/lib:/home/ws/install/opennav_coverage_bt/lib:/home/ws/install/opennav_coverage/lib:/home/ws/install/opennav_coverage_msgs/lib:/home/ws/install/fields2cover/lib:/opt/ros/jazzy/opt/gz_sim_vendor/lib:/opt/ros/jazzy/opt/gz_sensors_vendor/lib:/opt/ros/jazzy/opt/gz_physics_vendor/lib:/opt/ros/jazzy/opt/sdformat_vendor/lib:/opt/ros/jazzy/opt/rviz_ogre_vendor/lib:/opt/ros/jazzy/lib/x86_64-linux-gnu:/opt/ros/jazzy/opt/gz_gui_vendor/lib:/opt/ros/jazzy/opt/gz_transport_vendor/lib:/opt/ros/jazzy/opt/gz_rendering_vendor/lib:/opt/ros/jazzy/opt/gz_plugin_vendor/lib:/opt/ros/jazzy/opt/gz_fuel_tools_vendor/lib:/opt/ros/jazzy/opt/gz_msgs_vendor/lib:/opt/ros/jazzy/opt/gz_common_vendor/lib:/opt/ros/jazzy/opt/gz_math_vendor/lib:/opt/ros/jazzy/opt/gz_utils_vendor/lib:/opt/ros/jazzy/opt/gz_tools_vendor/lib:/opt/ros/jazzy/opt/gz_ogre_next_vendor/lib:/opt/ros/jazzy/opt/gz_dartsim_vendor/lib:/opt/ros/jazzy/opt/gz_cmake_vendor/lib:/opt/ros/jazzy/lib', 'BROWSER': '/vscode/vscode-server/bin/linux-x64/0f0d87fa9e96c856c5212fc86db137ac0d783365/bin/helpers/browser.sh', 'HOME': '/home/robotik', 'TERM_PROGRAM_VERSION': '1.104.1', 'VSCODE_IPC_HOOK_CLI': '/tmp/vscode-ipc-05d4a918-3f54-4c4e-aa49-337cf9faf132.sock', 'ROS_PYTHON_VERSION': '3', 'VSCODE_GIT_ASKPASS_MAIN': '/vscode/vscode-server/bin/linux-x64/0f0d87fa9e96c856c5212fc86db137ac0d783365/extensions/git/dist/askpass-main.js', 'VSCODE_GIT_ASKPASS_NODE': '/vscode/vscode-server/bin/linux-x64/0f0d87fa9e96c856c5212fc86db137ac0d783365/node', 'VSCODE_PYTHON_AUTOACTIVATE_GUARD': '1', 'COLORTERM': 'truecolor', 'REMOTE_CONTAINERS': 'true', 'COLCON_PREFIX_PATH': '/home/ws/install', 'ROS_DISTRO': 'jazzy', 'REMOTE_CONTAINERS_IPC': '/tmp/vscode-remote-containers-ipc-d0d67ee2-8b23-4d00-87f0-ed667bc59202.sock', '_': '/usr/bin/colcon', 'ROS_VERSION': '2', 'PKG_CONFIG_PATH': '/home/ws/install/fields2cover/lib/x86_64-linux-gnu/pkgconfig:/home/ws/install/fields2cover/lib/pkgconfig', 'TERM': 'xterm-256color', 'ROS_LOCALHOST_ONLY': '1', 'QT_X11_NO_MITSHM': '1', 'PATH': '/vscode/vscode-server/bin/linux-x64/0f0d87fa9e96c856c5212fc86db137ac0d783365/bin/remote-cli:/opt/ros/jazzy/opt/gz_msgs_vendor/bin:/opt/ros/jazzy/opt/gz_tools_vendor/bin:/opt/ros/jazzy/opt/gz_ogre_next_vendor/bin:/opt/ros/jazzy/bin:/usr/local/sbin:/usr/local/bin:/usr/sbin:/usr/bin:/sbin:/bin', 'REMOTE_CONTAINERS_SOCKETS': '["/tmp/vscode-ssh-auth-d0d67ee2-8b23-4d00-87f0-ed667bc59202.sock","/home/robotik/.gnupg/S.gpg-agent"]', 'DISPLAY': ':1', 'LANG': 'C.UTF-8', 'LS_COLORS': 'rs=0:di=01;34:ln=01;36:mh=00:pi=40;33:so=01;35:do=01;35:bd=40;33;01:cd=40;33;01:or=40;31;01:mi=00:su=37;41:sg=30;43:ca=00:tw=30;42:ow=34;42:st=37;44:ex=01;32:*.tar=01;31:*.tgz=01;31:*.arc=01;31:*.arj=01;31:*.taz=01;31:*.lha=01;31:*.lz4=01;31:*.lzh=01;31:*.lzma=01;31:*.tlz=01;31:*.txz=01;31:*.tzo=01;31:*.t7z=01;31:*.zip=01;31:*.z=01;31:*.dz=01;31:*.gz=01;31:*.lrz=01;31:*.lz=01;31:*.lzo=01;31:*.xz=01;31:*.zst=01;31:*.tzst=01;31:*.bz2=01;31:*.bz=01;31:*.tbz=01;31:*.tbz2=01;31:*.tz=01;31:*.deb=01;31:*.rpm=01;31:*.jar=01;31:*.war=01;31:*.ear=01;31:*.sar=01;31:*.rar=01;31:*.alz=01;31:*.ace=01;31:*.zoo=01;31:*.cpio=01;31:*.7z=01;31:*.rz=01;31:*.cab=01;31:*.wim=01;31:*.swm=01;31:*.dwm=01;31:*.esd=01;31:*.avif=01;35:*.jpg=01;35:*.jpeg=01;35:*.mjpg=01;35:*.mjpeg=01;35:*.gif=01;35:*.bmp=01;35:*.pbm=01;35:*.pgm=01;35:*.ppm=01;35:*.tga=01;35:*.xbm=01;35:*.xpm=01;35:*.tif=01;35:*.tiff=01;35:*.png=01;35:*.svg=01;35:*.svgz=01;35:*.mng=01;35:*.pcx=01;35:*.mov=01;35:*.mpg=01;35:*.mpeg=01;35:*.m2v=01;35:*.mkv=01;35:*.webm=01;35:*.webp=01;35:*.ogm=01;35:*.mp4=01;35:*.m4v=01;35:*.mp4v=01;35:*.vob=01;35:*.qt=01;35:*.nuv=01;35:*.wmv=01;35:*.asf=01;35:*.rm=01;35:*.rmvb=01;35:*.flc=01;35:*.avi=01;35:*.fli=01;35:*.flv=01;35:*.gl=01;35:*.dl=01;35:*.xcf=01;35:*.xwd=01;35:*.yuv=01;35:*.cgm=01;35:*.emf=01;35:*.ogv=01;35:*.ogx=01;35:*.aac=00;36:*.au=00;36:*.flac=00;36:*.m4a=00;36:*.mid=00;36:*.midi=00;36:*.mka=00;36:*.mp3=00;36:*.mpc=00;36:*.ogg=00;36:*.ra=00;36:*.wav=00;36:*.oga=00;36:*.opus=00;36:*.spx=00;36:*.xspf=00;36:*~=00;90:*#=00;90:*.bak=00;90:*.crdownload=00;90:*.dpkg-dist=00;90:*.dpkg-new=00;90:*.dpkg-old=00;90:*.dpkg-tmp=00;90:*.old=00;90:*.orig=00;90:*.part=00;90:*.rej=00;90:*.rpmnew=00;90:*.rpmorig=00;90:*.rpmsave=00;90:*.swp=00;90:*.tmp=00;90:*.ucf-dist=00;90:*.ucf-new=00;90:*.ucf-old=00;90:', 'VSCODE_GIT_IPC_HANDLE': '/tmp/vscode-git-097b13c4b4.sock', 'TERM_PROGRAM': 'vscode', 'SSH_AUTH_SOCK': '/tmp/vscode-ssh-auth-d0d67ee2-8b23-4d00-87f0-ed667bc59202.sock', 'ROS_DOMAIN_ID': '42', 'AMENT_PREFIX_PATH': '/home/ws/install/temizlik_navigation:/home/ws/install/opennav_coverage_demo:/home/ws/install/opennav_row_coverage:/home/ws/install/opennav_coverage_navigator:/home/ws/install/opennav_coverage_bt:/home/ws/install/opennav_coverage:/home/ws/install/opennav_coverage_msgs:/opt/ros/jazzy', 'SHELL': '/bin/bash', 'ROS_AUTOMATIC_DISCOVERY_RANGE': 'SUBNET', 'VSCODE_GIT_ASKPASS_EXTRA_ARGS': '', 'PWD': '/home/ws/build/opennav_coverage_msgs', 'TURTLEBOT3_MODEL': 'burger', 'LC_ALL': 'C.UTF-8', 'PYTHONPATH': '/home/ws/install/opennav_coverage_demo/lib/python3.12/site-packages:/home/ws/install/opennav_coverage_msgs/lib/python3.12/site-packages:/opt/ros/jazzy/lib/python3.12/site-packages', 'COLCON': '1', 'CMAKE_PREFIX_PATH': '/home/ws/install/temizlik_navigation:/home/ws/install/opennav_row_coverage:/home/ws/install/opennav_coverage_navigator:/home/ws/install/opennav_coverage_bt:/home/ws/install/opennav_coverage:/home/ws/install/opennav_coverage_msgs:/home/ws/install/fields2cover:/opt/ros/jazzy/opt/gz_sim_vendor:/opt/ros/jazzy/opt/gz_sensors_vendor:/opt/ros/jazzy/opt/gz_physics_vendor:/opt/ros/jazzy/opt/sdformat_vendor:/opt/ros/jazzy/opt/gz_gui_vendor:/opt/ros/jazzy/opt/gz_transport_vendor:/opt/ros/jazzy/opt/gz_rendering_vendor:/opt/ros/jazzy/opt/gz_plugin_vendor:/opt/ros/jazzy/opt/gz_fuel_tools_vendor:/opt/ros/jazzy/opt/gz_msgs_vendor:/opt/ros/jazzy/opt/gz_common_vendor:/opt/ros/jazzy/opt/gz_math_vendor:/opt/ros/jazzy/opt/gz_utils_vendor:/opt/ros/jazzy/opt/gz_tools_vendor:/opt/ros/jazzy/opt/gz_ogre_next_vendor:/opt/ros/jazzy/opt/gz_dartsim_vendor:/opt/ros/jazzy/opt/gz_cmake_vendor:/home/ws/install/opennav_coverage_demo:/opt/ros/jazzy'}), 'shell': False}
[0.280773] (opennav_coverage_msgs) StdoutLine: {'line': b'-- Install configuration: ""\n'}
[0.280897] (opennav_coverage_msgs) StdoutLine: {'line': b'-- Up-to-date: /home/ws/install/opennav_coverage_msgs/share/ament_index/resource_index/rosidl_interfaces/opennav_coverage_msgs\n'}
[0.280966] (opennav_coverage_msgs) StdoutLine: {'line': b'-- Up-to-date: /home/ws/install/opennav_coverage_msgs/share/opennav_coverage_msgs/msg/Coordinate.json\n'}
[0.281036] (opennav_coverage_msgs) StdoutLine: {'line': b'-- Up-to-date: /home/ws/install/opennav_coverage_msgs/share/opennav_coverage_msgs/msg/Coordinates.json\n'}
[0.281104] (opennav_coverage_msgs) StdoutLine: {'line': b'-- Up-to-date: /home/ws/install/opennav_coverage_msgs/share/opennav_coverage_msgs/msg/HeadlandMode.json\n'}
[0.281160] (opennav_coverage_msgs) StdoutLine: {'line': b'-- Up-to-date: /home/ws/install/opennav_coverage_msgs/share/opennav_coverage_msgs/msg/SwathMode.json\n'}
[0.281224] (opennav_coverage_msgs) StdoutLine: {'line': b'-- Up-to-date: /home/ws/install/opennav_coverage_msgs/share/opennav_coverage_msgs/msg/RowSwathMode.json\n'}
[0.281289] (opennav_coverage_msgs) StdoutLine: {'line': b'-- Up-to-date: /home/ws/install/opennav_coverage_msgs/share/opennav_coverage_msgs/msg/RouteMode.json\n'}
[0.281361] (opennav_coverage_msgs) StdoutLine: {'line': b'-- Up-to-date: /home/ws/install/opennav_coverage_msgs/share/opennav_coverage_msgs/msg/PathMode.json\n'}
[0.281423] (opennav_coverage_msgs) StdoutLine: {'line': b'-- Up-to-date: /home/ws/install/opennav_coverage_msgs/share/opennav_coverage_msgs/msg/Swath.json\n'}
[0.281489] (opennav_coverage_msgs) StdoutLine: {'line': b'-- Up-to-date: /home/ws/install/opennav_coverage_msgs/share/opennav_coverage_msgs/msg/PathComponents.json\n'}
[0.281548] (opennav_coverage_msgs) StdoutLine: {'line': b'-- Up-to-date: /home/ws/install/opennav_coverage_msgs/share/opennav_coverage_msgs/action/ComputeCoveragePath.json\n'}
[0.281604] (opennav_coverage_msgs) StdoutLine: {'line': b'-- Up-to-date: /home/ws/install/opennav_coverage_msgs/share/opennav_coverage_msgs/action/NavigateCompleteCoverage.json\n'}
[0.281648] (opennav_coverage_msgs) StdoutLine: {'line': b'-- Up-to-date: /home/ws/install/opennav_coverage_msgs/include/opennav_coverage_msgs/opennav_coverage_msgs\n'}
[0.281738] (opennav_coverage_msgs) StdoutLine: {'line': b'-- Up-to-date: /home/ws/install/opennav_coverage_msgs/include/opennav_coverage_msgs/opennav_coverage_msgs/action\n'}
[0.281811] (opennav_coverage_msgs) StdoutLine: {'line': b'-- Up-to-date: /home/ws/install/opennav_coverage_msgs/include/opennav_coverage_msgs/opennav_coverage_msgs/action/compute_coverage_path.h\n'}
[0.281877] (opennav_coverage_msgs) StdoutLine: {'line': b'-- Up-to-date: /home/ws/install/opennav_coverage_msgs/include/opennav_coverage_msgs/opennav_coverage_msgs/action/navigate_complete_coverage.h\n'}
[0.281950] (opennav_coverage_msgs) StdoutLine: {'line': b'-- Up-to-date: /home/ws/install/opennav_coverage_msgs/include/opennav_coverage_msgs/opennav_coverage_msgs/action/detail\n'}
[0.282017] (opennav_coverage_msgs) StdoutLine: {'line': b'-- Up-to-date: /home/ws/install/opennav_coverage_msgs/include/opennav_coverage_msgs/opennav_coverage_msgs/action/detail/navigate_complete_coverage__struct.h\n'}
[0.282085] (opennav_coverage_msgs) StdoutLine: {'line': b'-- Up-to-date: /home/ws/install/opennav_coverage_msgs/include/opennav_coverage_msgs/opennav_coverage_msgs/action/detail/navigate_complete_coverage__functions.h\n'}
[0.282142] (opennav_coverage_msgs) StdoutLine: {'line': b'-- Up-to-date: /home/ws/install/opennav_coverage_msgs/include/opennav_coverage_msgs/opennav_coverage_msgs/action/detail/compute_coverage_path__functions.c\n'}
[0.282207] (opennav_coverage_msgs) StdoutLine: {'line': b'-- Up-to-date: /home/ws/install/opennav_coverage_msgs/include/opennav_coverage_msgs/opennav_coverage_msgs/action/detail/navigate_complete_coverage__type_support.c\n'}
[0.282276] (opennav_coverage_msgs) StdoutLine: {'line': b'-- Up-to-date: /home/ws/install/opennav_coverage_msgs/include/opennav_coverage_msgs/opennav_coverage_msgs/action/detail/compute_coverage_path__description.c\n'}
[0.282334] (opennav_coverage_msgs) StdoutLine: {'line': b'-- Up-to-date: /home/ws/install/opennav_coverage_msgs/include/opennav_coverage_msgs/opennav_coverage_msgs/action/detail/compute_coverage_path__functions.h\n'}
[0.282401] (opennav_coverage_msgs) StdoutLine: {'line': b'-- Up-to-date: /home/ws/install/opennav_coverage_msgs/include/opennav_coverage_msgs/opennav_coverage_msgs/action/detail/navigate_complete_coverage__description.c\n'}
[0.282468] (opennav_coverage_msgs) StdoutLine: {'line': b'-- Up-to-date: /home/ws/install/opennav_coverage_msgs/include/opennav_coverage_msgs/opennav_coverage_msgs/action/detail/navigate_complete_coverage__type_support.h\n'}
[0.282524] (opennav_coverage_msgs) StdoutLine: {'line': b'-- Up-to-date: /home/ws/install/opennav_coverage_msgs/include/opennav_coverage_msgs/opennav_coverage_msgs/action/detail/compute_coverage_path__type_support.h\n'}
[0.282590] (opennav_coverage_msgs) StdoutLine: {'line': b'-- Up-to-date: /home/ws/install/opennav_coverage_msgs/include/opennav_coverage_msgs/opennav_coverage_msgs/action/detail/compute_coverage_path__type_support.c\n'}
[0.282651] (opennav_coverage_msgs) StdoutLine: {'line': b'-- Up-to-date: /home/ws/install/opennav_coverage_msgs/include/opennav_coverage_msgs/opennav_coverage_msgs/action/detail/compute_coverage_path__struct.h\n'}
[0.282709] (opennav_coverage_msgs) StdoutLine: {'line': b'-- Up-to-date: /home/ws/install/opennav_coverage_msgs/include/opennav_coverage_msgs/opennav_coverage_msgs/action/detail/navigate_complete_coverage__functions.c\n'}
[0.282758] (opennav_coverage_msgs) StdoutLine: {'line': b'-- Up-to-date: /home/ws/install/opennav_coverage_msgs/include/opennav_coverage_msgs/opennav_coverage_msgs/msg\n'}
[0.282796] (opennav_coverage_msgs) StdoutLine: {'line': b'-- Up-to-date: /home/ws/install/opennav_coverage_msgs/include/opennav_coverage_msgs/opennav_coverage_msgs/msg/path_mode.h\n'}
[0.282836] (opennav_coverage_msgs) StdoutLine: {'line': b'-- Up-to-date: /home/ws/install/opennav_coverage_msgs/include/opennav_coverage_msgs/opennav_coverage_msgs/msg/headland_mode.h\n'}
[0.282884] (opennav_coverage_msgs) StdoutLine: {'line': b'-- Up-to-date: /home/ws/install/opennav_coverage_msgs/include/opennav_coverage_msgs/opennav_coverage_msgs/msg/swath_mode.h\n'}
[0.282924] (opennav_coverage_msgs) StdoutLine: {'line': b'-- Up-to-date: /home/ws/install/opennav_coverage_msgs/include/opennav_coverage_msgs/opennav_coverage_msgs/msg/coordinate.h\n'}
[0.282969] (opennav_coverage_msgs) StdoutLine: {'line': b'-- Up-to-date: /home/ws/install/opennav_coverage_msgs/include/opennav_coverage_msgs/opennav_coverage_msgs/msg/path_components.h\n'}
[0.283023] (opennav_coverage_msgs) StdoutLine: {'line': b'-- Up-to-date: /home/ws/install/opennav_coverage_msgs/include/opennav_coverage_msgs/opennav_coverage_msgs/msg/route_mode.h\n'}
[0.283068] (opennav_coverage_msgs) StdoutLine: {'line': b'-- Up-to-date: /home/ws/install/opennav_coverage_msgs/include/opennav_coverage_msgs/opennav_coverage_msgs/msg/detail\n'}
[0.283111] (opennav_coverage_msgs) StdoutLine: {'line': b'-- Up-to-date: /home/ws/install/opennav_coverage_msgs/include/opennav_coverage_msgs/opennav_coverage_msgs/msg/detail/path_components__description.c\n'}
[0.283156] (opennav_coverage_msgs) StdoutLine: {'line': b'-- Up-to-date: /home/ws/install/opennav_coverage_msgs/include/opennav_coverage_msgs/opennav_coverage_msgs/msg/detail/path_mode__type_support.h\n'}
[0.283207] (opennav_coverage_msgs) StdoutLine: {'line': b'-- Up-to-date: /home/ws/install/opennav_coverage_msgs/include/opennav_coverage_msgs/opennav_coverage_msgs/msg/detail/route_mode__type_support.h\n'}
[0.283252] (opennav_coverage_msgs) StdoutLine: {'line': b'-- Up-to-date: /home/ws/install/opennav_coverage_msgs/include/opennav_coverage_msgs/opennav_coverage_msgs/msg/detail/swath_mode__functions.h\n'}
[0.283301] (opennav_coverage_msgs) StdoutLine: {'line': b'-- Up-to-date: /home/ws/install/opennav_coverage_msgs/include/opennav_coverage_msgs/opennav_coverage_msgs/msg/detail/swath__description.c\n'}
[0.283335] (opennav_coverage_msgs) StdoutLine: {'line': b'-- Up-to-date: /home/ws/install/opennav_coverage_msgs/include/opennav_coverage_msgs/opennav_coverage_msgs/msg/detail/path_mode__functions.h\n'}
[0.283366] (opennav_coverage_msgs) StdoutLine: {'line': b'-- Up-to-date: /home/ws/install/opennav_coverage_msgs/include/opennav_coverage_msgs/opennav_coverage_msgs/msg/detail/path_components__functions.h\n'}
[0.283397] (opennav_coverage_msgs) StdoutLine: {'line': b'-- Up-to-date: /home/ws/install/opennav_coverage_msgs/include/opennav_coverage_msgs/opennav_coverage_msgs/msg/detail/coordinates__description.c\n'}
[0.283435] (opennav_coverage_msgs) StdoutLine: {'line': b'-- Up-to-date: /home/ws/install/opennav_coverage_msgs/include/opennav_coverage_msgs/opennav_coverage_msgs/msg/detail/swath__functions.c\n'}
[0.283468] (opennav_coverage_msgs) StdoutLine: {'line': b'-- Up-to-date: /home/ws/install/opennav_coverage_msgs/include/opennav_coverage_msgs/opennav_coverage_msgs/msg/detail/route_mode__functions.c\n'}
[0.283499] (opennav_coverage_msgs) StdoutLine: {'line': b'-- Up-to-date: /home/ws/install/opennav_coverage_msgs/include/opennav_coverage_msgs/opennav_coverage_msgs/msg/detail/swath_mode__type_support.h\n'}
[0.283541] (opennav_coverage_msgs) StdoutLine: {'line': b'-- Up-to-date: /home/ws/install/opennav_coverage_msgs/include/opennav_coverage_msgs/opennav_coverage_msgs/msg/detail/row_swath_mode__type_support.c\n'}
[0.283584] (opennav_coverage_msgs) StdoutLine: {'line': b'-- Up-to-date: /home/ws/install/opennav_coverage_msgs/include/opennav_coverage_msgs/opennav_coverage_msgs/msg/detail/path_mode__type_support.c\n'}
[0.283622] (opennav_coverage_msgs) StdoutLine: {'line': b'-- Up-to-date: /home/ws/install/opennav_coverage_msgs/include/opennav_coverage_msgs/opennav_coverage_msgs/msg/detail/row_swath_mode__functions.c\n'}
[0.283670] (opennav_coverage_msgs) StdoutLine: {'line': b'-- Up-to-date: /home/ws/install/opennav_coverage_msgs/include/opennav_coverage_msgs/opennav_coverage_msgs/msg/detail/route_mode__struct.h\n'}
[0.283727] (opennav_coverage_msgs) StdoutLine: {'line': b'-- Up-to-date: /home/ws/install/opennav_coverage_msgs/include/opennav_coverage_msgs/opennav_coverage_msgs/msg/detail/coordinates__functions.h\n'}
[0.283777] (opennav_coverage_msgs) StdoutLine: {'line': b'-- Up-to-date: /home/ws/install/opennav_coverage_msgs/include/opennav_coverage_msgs/opennav_coverage_msgs/msg/detail/swath_mode__struct.h\n'}
[0.283820] (opennav_coverage_msgs) StdoutLine: {'line': b'-- Up-to-date: /home/ws/install/opennav_coverage_msgs/include/opennav_coverage_msgs/opennav_coverage_msgs/msg/detail/coordinate__description.c\n'}
[0.283867] (opennav_coverage_msgs) StdoutLine: {'line': b'-- Up-to-date: /home/ws/install/opennav_coverage_msgs/include/opennav_coverage_msgs/opennav_coverage_msgs/msg/detail/headland_mode__functions.h\n'}
[0.283917] (opennav_coverage_msgs) StdoutLine: {'line': b'-- Up-to-date: /home/ws/install/opennav_coverage_msgs/include/opennav_coverage_msgs/opennav_coverage_msgs/msg/detail/path_mode__functions.c\n'}
[0.283965] (opennav_coverage_msgs) StdoutLine: {'line': b'-- Up-to-date: /home/ws/install/opennav_coverage_msgs/include/opennav_coverage_msgs/opennav_coverage_msgs/msg/detail/coordinates__functions.c\n'}
[0.284007] (opennav_coverage_msgs) StdoutLine: {'line': b'-- Up-to-date: /home/ws/install/opennav_coverage_msgs/include/opennav_coverage_msgs/opennav_coverage_msgs/msg/detail/path_components__type_support.c\n'}
[0.284061] (opennav_coverage_msgs) StdoutLine: {'line': b'-- Up-to-date: /home/ws/install/opennav_coverage_msgs/include/opennav_coverage_msgs/opennav_coverage_msgs/msg/detail/route_mode__functions.h\n'}
[0.284110] (opennav_coverage_msgs) StdoutLine: {'line': b'-- Up-to-date: /home/ws/install/opennav_coverage_msgs/include/opennav_coverage_msgs/opennav_coverage_msgs/msg/detail/swath_mode__functions.c\n'}
[0.284160] (opennav_coverage_msgs) StdoutLine: {'line': b'-- Up-to-date: /home/ws/install/opennav_coverage_msgs/include/opennav_coverage_msgs/opennav_coverage_msgs/msg/detail/coordinate__struct.h\n'}
[0.284207] (opennav_coverage_msgs) StdoutLine: {'line': b'-- Up-to-date: /home/ws/install/opennav_coverage_msgs/include/opennav_coverage_msgs/opennav_coverage_msgs/msg/detail/path_mode__struct.h\n'}
[0.284258] (opennav_coverage_msgs) StdoutLine: {'line': b'-- Up-to-date: /home/ws/install/opennav_coverage_msgs/include/opennav_coverage_msgs/opennav_coverage_msgs/msg/detail/headland_mode__description.c\n'}
[0.284308] (opennav_coverage_msgs) StdoutLine: {'line': b'-- Up-to-date: /home/ws/install/opennav_coverage_msgs/include/opennav_coverage_msgs/opennav_coverage_msgs/msg/detail/row_swath_mode__type_support.h\n'}
[0.284352] (opennav_coverage_msgs) StdoutLine: {'line': b'-- Up-to-date: /home/ws/install/opennav_coverage_msgs/include/opennav_coverage_msgs/opennav_coverage_msgs/msg/detail/headland_mode__type_support.h\n'}
[0.284401] (opennav_coverage_msgs) StdoutLine: {'line': b'-- Up-to-date: /home/ws/install/opennav_coverage_msgs/include/opennav_coverage_msgs/opennav_coverage_msgs/msg/detail/path_components__struct.h\n'}
[0.284453] (opennav_coverage_msgs) StdoutLine: {'line': b'-- Up-to-date: /home/ws/install/opennav_coverage_msgs/include/opennav_coverage_msgs/opennav_coverage_msgs/msg/detail/swath_mode__type_support.c\n'}
[0.284506] (opennav_coverage_msgs) StdoutLine: {'line': b'-- Up-to-date: /home/ws/install/opennav_coverage_msgs/include/opennav_coverage_msgs/opennav_coverage_msgs/msg/detail/path_components__type_support.h\n'}
[0.284558] (opennav_coverage_msgs) StdoutLine: {'line': b'-- Up-to-date: /home/ws/install/opennav_coverage_msgs/include/opennav_coverage_msgs/opennav_coverage_msgs/msg/detail/swath__struct.h\n'}
[0.284611] (opennav_coverage_msgs) StdoutLine: {'line': b'-- Up-to-date: /home/ws/install/opennav_coverage_msgs/include/opennav_coverage_msgs/opennav_coverage_msgs/msg/detail/coordinates__type_support.h\n'}
[0.284658] (opennav_coverage_msgs) StdoutLine: {'line': b'-- Up-to-date: /home/ws/install/opennav_coverage_msgs/include/opennav_coverage_msgs/opennav_coverage_msgs/msg/detail/swath__type_support.c\n'}
[0.284770] (opennav_coverage_msgs) StdoutLine: {'line': b'-- Up-to-date: /home/ws/install/opennav_coverage_msgs/include/opennav_coverage_msgs/opennav_coverage_msgs/msg/detail/swath_mode__description.c\n'}
[0.284865] (opennav_coverage_msgs) StdoutLine: {'line': b'-- Up-to-date: /home/ws/install/opennav_coverage_msgs/include/opennav_coverage_msgs/opennav_coverage_msgs/msg/detail/route_mode__type_support.c\n'}
[0.284936] (opennav_coverage_msgs) StdoutLine: {'line': b'-- Up-to-date: /home/ws/install/opennav_coverage_msgs/include/opennav_coverage_msgs/opennav_coverage_msgs/msg/detail/route_mode__description.c\n'}
[0.285015] (opennav_coverage_msgs) StdoutLine: {'line': b'-- Up-to-date: /home/ws/install/opennav_coverage_msgs/include/opennav_coverage_msgs/opennav_coverage_msgs/msg/detail/coordinate__type_support.c\n'}
[0.285082] (opennav_coverage_msgs) StdoutLine: {'line': b'-- Up-to-date: /home/ws/install/opennav_coverage_msgs/include/opennav_coverage_msgs/opennav_coverage_msgs/msg/detail/headland_mode__struct.h\n'}
[0.285126] (opennav_coverage_msgs) StdoutLine: {'line': b'-- Up-to-date: /home/ws/install/opennav_coverage_msgs/include/opennav_coverage_msgs/opennav_coverage_msgs/msg/detail/headland_mode__functions.c\n'}
[0.285176] (opennav_coverage_msgs) StdoutLine: {'line': b'-- Up-to-date: /home/ws/install/opennav_coverage_msgs/include/opennav_coverage_msgs/opennav_coverage_msgs/msg/detail/path_components__functions.c\n'}
[0.285218] (opennav_coverage_msgs) StdoutLine: {'line': b'-- Up-to-date: /home/ws/install/opennav_coverage_msgs/include/opennav_coverage_msgs/opennav_coverage_msgs/msg/detail/row_swath_mode__description.c\n'}
[0.285265] (opennav_coverage_msgs) StdoutLine: {'line': b'-- Up-to-date: /home/ws/install/opennav_coverage_msgs/include/opennav_coverage_msgs/opennav_coverage_msgs/msg/detail/coordinates__type_support.c\n'}
[0.285319] (opennav_coverage_msgs) StdoutLine: {'line': b'-- Up-to-date: /home/ws/install/opennav_coverage_msgs/include/opennav_coverage_msgs/opennav_coverage_msgs/msg/detail/row_swath_mode__struct.h\n'}
[0.285372] (opennav_coverage_msgs) StdoutLine: {'line': b'-- Up-to-date: /home/ws/install/opennav_coverage_msgs/include/opennav_coverage_msgs/opennav_coverage_msgs/msg/detail/row_swath_mode__functions.h\n'}
[0.285431] (opennav_coverage_msgs) StdoutLine: {'line': b'-- Up-to-date: /home/ws/install/opennav_coverage_msgs/include/opennav_coverage_msgs/opennav_coverage_msgs/msg/detail/coordinate__type_support.h\n'}
[0.285493] (opennav_coverage_msgs) StdoutLine: {'line': b'-- Up-to-date: /home/ws/install/opennav_coverage_msgs/include/opennav_coverage_msgs/opennav_coverage_msgs/msg/detail/coordinates__struct.h\n'}
[0.285545] (opennav_coverage_msgs) StdoutLine: {'line': b'-- Up-to-date: /home/ws/install/opennav_coverage_msgs/include/opennav_coverage_msgs/opennav_coverage_msgs/msg/detail/swath__functions.h\n'}
[0.285612] (opennav_coverage_msgs) StdoutLine: {'line': b'-- Up-to-date: /home/ws/install/opennav_coverage_msgs/include/opennav_coverage_msgs/opennav_coverage_msgs/msg/detail/path_mode__description.c\n'}
[0.285682] (opennav_coverage_msgs) StdoutLine: {'line': b'-- Up-to-date: /home/ws/install/opennav_coverage_msgs/include/opennav_coverage_msgs/opennav_coverage_msgs/msg/detail/swath__type_support.h\n'}
[0.285750] (opennav_coverage_msgs) StdoutLine: {'line': b'-- Up-to-date: /home/ws/install/opennav_coverage_msgs/include/opennav_coverage_msgs/opennav_coverage_msgs/msg/detail/headland_mode__type_support.c\n'}
[0.285819] (opennav_coverage_msgs) StdoutLine: {'line': b'-- Up-to-date: /home/ws/install/opennav_coverage_msgs/include/opennav_coverage_msgs/opennav_coverage_msgs/msg/detail/coordinate__functions.c\n'}
[0.285867] (opennav_coverage_msgs) StdoutLine: {'line': b'-- Up-to-date: /home/ws/install/opennav_coverage_msgs/include/opennav_coverage_msgs/opennav_coverage_msgs/msg/detail/coordinate__functions.h\n'}
[0.285908] (opennav_coverage_msgs) StdoutLine: {'line': b'-- Up-to-date: /home/ws/install/opennav_coverage_msgs/include/opennav_coverage_msgs/opennav_coverage_msgs/msg/coordinates.h\n'}
[0.285957] (opennav_coverage_msgs) StdoutLine: {'line': b'-- Up-to-date: /home/ws/install/opennav_coverage_msgs/include/opennav_coverage_msgs/opennav_coverage_msgs/msg/swath.h\n'}
[0.285999] (opennav_coverage_msgs) StdoutLine: {'line': b'-- Up-to-date: /home/ws/install/opennav_coverage_msgs/include/opennav_coverage_msgs/opennav_coverage_msgs/msg/rosidl_generator_c__visibility_control.h\n'}
[0.286035] (opennav_coverage_msgs) StdoutLine: {'line': b'-- Up-to-date: /home/ws/install/opennav_coverage_msgs/include/opennav_coverage_msgs/opennav_coverage_msgs/msg/row_swath_mode.h\n'}
[0.286067] (opennav_coverage_msgs) StdoutLine: {'line': b'-- Up-to-date: /home/ws/install/opennav_coverage_msgs/share/opennav_coverage_msgs/environment/library_path.sh\n'}
[0.286102] (opennav_coverage_msgs) StdoutLine: {'line': b'-- Up-to-date: /home/ws/install/opennav_coverage_msgs/share/opennav_coverage_msgs/environment/library_path.dsv\n'}
[0.286142] (opennav_coverage_msgs) StdoutLine: {'line': b'-- Up-to-date: /home/ws/install/opennav_coverage_msgs/lib/libopennav_coverage_msgs__rosidl_generator_c.so\n'}
[0.286175] (opennav_coverage_msgs) StdoutLine: {'line': b'-- Up-to-date: /home/ws/install/opennav_coverage_msgs/include/opennav_coverage_msgs/opennav_coverage_msgs\n'}
[0.286207] (opennav_coverage_msgs) StdoutLine: {'line': b'-- Up-to-date: /home/ws/install/opennav_coverage_msgs/include/opennav_coverage_msgs/opennav_coverage_msgs/action\n'}
[0.286244] (opennav_coverage_msgs) StdoutLine: {'line': b'-- Up-to-date: /home/ws/install/opennav_coverage_msgs/include/opennav_coverage_msgs/opennav_coverage_msgs/action/detail\n'}
[0.286284] (opennav_coverage_msgs) StdoutLine: {'line': b'-- Up-to-date: /home/ws/install/opennav_coverage_msgs/include/opennav_coverage_msgs/opennav_coverage_msgs/action/detail/navigate_complete_coverage__rosidl_typesupport_fastrtps_c.h\n'}
[0.286329] (opennav_coverage_msgs) StdoutLine: {'line': b'-- Up-to-date: /home/ws/install/opennav_coverage_msgs/include/opennav_coverage_msgs/opennav_coverage_msgs/action/detail/compute_coverage_path__rosidl_typesupport_fastrtps_c.h\n'}
[0.286379] (opennav_coverage_msgs) StdoutLine: {'line': b'-- Up-to-date: /home/ws/install/opennav_coverage_msgs/include/opennav_coverage_msgs/opennav_coverage_msgs/msg\n'}
[0.286425] (opennav_coverage_msgs) StdoutLine: {'line': b'-- Up-to-date: /home/ws/install/opennav_coverage_msgs/include/opennav_coverage_msgs/opennav_coverage_msgs/msg/rosidl_typesupport_fastrtps_c__visibility_control.h\n'}
[0.286471] (opennav_coverage_msgs) StdoutLine: {'line': b'-- Up-to-date: /home/ws/install/opennav_coverage_msgs/include/opennav_coverage_msgs/opennav_coverage_msgs/msg/detail\n'}
[0.286522] (opennav_coverage_msgs) StdoutLine: {'line': b'-- Up-to-date: /home/ws/install/opennav_coverage_msgs/include/opennav_coverage_msgs/opennav_coverage_msgs/msg/detail/coordinates__rosidl_typesupport_fastrtps_c.h\n'}
[0.286578] (opennav_coverage_msgs) StdoutLine: {'line': b'-- Up-to-date: /home/ws/install/opennav_coverage_msgs/include/opennav_coverage_msgs/opennav_coverage_msgs/msg/detail/path_components__rosidl_typesupport_fastrtps_c.h\n'}
[0.286625] (opennav_coverage_msgs) StdoutLine: {'line': b'-- Up-to-date: /home/ws/install/opennav_coverage_msgs/include/opennav_coverage_msgs/opennav_coverage_msgs/msg/detail/coordinate__rosidl_typesupport_fastrtps_c.h\n'}
[0.286692] (opennav_coverage_msgs) StdoutLine: {'line': b'-- Up-to-date: /home/ws/install/opennav_coverage_msgs/include/opennav_coverage_msgs/opennav_coverage_msgs/msg/detail/row_swath_mode__rosidl_typesupport_fastrtps_c.h\n'}
[0.286747] (opennav_coverage_msgs) StdoutLine: {'line': b'-- Up-to-date: /home/ws/install/opennav_coverage_msgs/include/opennav_coverage_msgs/opennav_coverage_msgs/msg/detail/route_mode__rosidl_typesupport_fastrtps_c.h\n'}
[0.286787] (opennav_coverage_msgs) StdoutLine: {'line': b'-- Up-to-date: /home/ws/install/opennav_coverage_msgs/include/opennav_coverage_msgs/opennav_coverage_msgs/msg/detail/swath__rosidl_typesupport_fastrtps_c.h\n'}
[0.286819] (opennav_coverage_msgs) StdoutLine: {'line': b'-- Up-to-date: /home/ws/install/opennav_coverage_msgs/include/opennav_coverage_msgs/opennav_coverage_msgs/msg/detail/path_mode__rosidl_typesupport_fastrtps_c.h\n'}
[0.286851] (opennav_coverage_msgs) StdoutLine: {'line': b'-- Up-to-date: /home/ws/install/opennav_coverage_msgs/include/opennav_coverage_msgs/opennav_coverage_msgs/msg/detail/swath_mode__rosidl_typesupport_fastrtps_c.h\n'}
[0.286889] (opennav_coverage_msgs) StdoutLine: {'line': b'-- Up-to-date: /home/ws/install/opennav_coverage_msgs/include/opennav_coverage_msgs/opennav_coverage_msgs/msg/detail/headland_mode__rosidl_typesupport_fastrtps_c.h\n'}
[0.286921] (opennav_coverage_msgs) StdoutLine: {'line': b'-- Up-to-date: /home/ws/install/opennav_coverage_msgs/lib/libopennav_coverage_msgs__rosidl_typesupport_fastrtps_c.so\n'}
[0.286953] (opennav_coverage_msgs) StdoutLine: {'line': b'-- Up-to-date: /home/ws/install/opennav_coverage_msgs/include/opennav_coverage_msgs/opennav_coverage_msgs\n'}
[0.286985] (opennav_coverage_msgs) StdoutLine: {'line': b'-- Up-to-date: /home/ws/install/opennav_coverage_msgs/include/opennav_coverage_msgs/opennav_coverage_msgs/action\n'}
[0.287017] (opennav_coverage_msgs) StdoutLine: {'line': b'-- Up-to-date: /home/ws/install/opennav_coverage_msgs/include/opennav_coverage_msgs/opennav_coverage_msgs/action/navigate_complete_coverage.hpp\n'}
[0.287049] (opennav_coverage_msgs) StdoutLine: {'line': b'-- Up-to-date: /home/ws/install/opennav_coverage_msgs/include/opennav_coverage_msgs/opennav_coverage_msgs/action/compute_coverage_path.hpp\n'}
[0.287088] (opennav_coverage_msgs) StdoutLine: {'line': b'-- Up-to-date: /home/ws/install/opennav_coverage_msgs/include/opennav_coverage_msgs/opennav_coverage_msgs/action/detail\n'}
[0.287120] (opennav_coverage_msgs) StdoutLine: {'line': b'-- Up-to-date: /home/ws/install/opennav_coverage_msgs/include/opennav_coverage_msgs/opennav_coverage_msgs/action/detail/navigate_complete_coverage__traits.hpp\n'}
[0.287152] (opennav_coverage_msgs) StdoutLine: {'line': b'-- Up-to-date: /home/ws/install/opennav_coverage_msgs/include/opennav_coverage_msgs/opennav_coverage_msgs/action/detail/navigate_complete_coverage__struct.hpp\n'}
[0.287184] (opennav_coverage_msgs) StdoutLine: {'line': b'-- Up-to-date: /home/ws/install/opennav_coverage_msgs/include/opennav_coverage_msgs/opennav_coverage_msgs/action/detail/navigate_complete_coverage__type_support.hpp\n'}
[0.287226] (opennav_coverage_msgs) StdoutLine: {'line': b'-- Up-to-date: /home/ws/install/opennav_coverage_msgs/include/opennav_coverage_msgs/opennav_coverage_msgs/action/detail/compute_coverage_path__struct.hpp\n'}
[0.287272] (opennav_coverage_msgs) StdoutLine: {'line': b'-- Up-to-date: /home/ws/install/opennav_coverage_msgs/include/opennav_coverage_msgs/opennav_coverage_msgs/action/detail/compute_coverage_path__traits.hpp\n'}
[0.287315] (opennav_coverage_msgs) StdoutLine: {'line': b'-- Up-to-date: /home/ws/install/opennav_coverage_msgs/include/opennav_coverage_msgs/opennav_coverage_msgs/action/detail/compute_coverage_path__builder.hpp\n'}
[0.287347] (opennav_coverage_msgs) StdoutLine: {'line': b'-- Up-to-date: /home/ws/install/opennav_coverage_msgs/include/opennav_coverage_msgs/opennav_coverage_msgs/action/detail/compute_coverage_path__type_support.hpp\n'}
[0.287379] (opennav_coverage_msgs) StdoutLine: {'line': b'-- Up-to-date: /home/ws/install/opennav_coverage_msgs/include/opennav_coverage_msgs/opennav_coverage_msgs/action/detail/navigate_complete_coverage__builder.hpp\n'}
[0.287410] (opennav_coverage_msgs) StdoutLine: {'line': b'-- Up-to-date: /home/ws/install/opennav_coverage_msgs/include/opennav_coverage_msgs/opennav_coverage_msgs/msg\n'}
[0.287446] (opennav_coverage_msgs) StdoutLine: {'line': b'-- Up-to-date: /home/ws/install/opennav_coverage_msgs/include/opennav_coverage_msgs/opennav_coverage_msgs/msg/path_mode.hpp\n'}
[0.287478] (opennav_coverage_msgs) StdoutLine: {'line': b'-- Up-to-date: /home/ws/install/opennav_coverage_msgs/include/opennav_coverage_msgs/opennav_coverage_msgs/msg/coordinate.hpp\n'}
[0.287509] (opennav_coverage_msgs) StdoutLine: {'line': b'-- Up-to-date: /home/ws/install/opennav_coverage_msgs/include/opennav_coverage_msgs/opennav_coverage_msgs/msg/swath_mode.hpp\n'}
[0.287548] (opennav_coverage_msgs) StdoutLine: {'line': b'-- Up-to-date: /home/ws/install/opennav_coverage_msgs/include/opennav_coverage_msgs/opennav_coverage_msgs/msg/path_components.hpp\n'}
[0.287581] (opennav_coverage_msgs) StdoutLine: {'line': b'-- Up-to-date: /home/ws/install/opennav_coverage_msgs/include/opennav_coverage_msgs/opennav_coverage_msgs/msg/row_swath_mode.hpp\n'}
[0.287620] (opennav_coverage_msgs) StdoutLine: {'line': b'-- Up-to-date: /home/ws/install/opennav_coverage_msgs/include/opennav_coverage_msgs/opennav_coverage_msgs/msg/headland_mode.hpp\n'}
[0.287653] (opennav_coverage_msgs) StdoutLine: {'line': b'-- Up-to-date: /home/ws/install/opennav_coverage_msgs/include/opennav_coverage_msgs/opennav_coverage_msgs/msg/swath.hpp\n'}
[0.287692] (opennav_coverage_msgs) StdoutLine: {'line': b'-- Up-to-date: /home/ws/install/opennav_coverage_msgs/include/opennav_coverage_msgs/opennav_coverage_msgs/msg/coordinates.hpp\n'}
[0.287732] (opennav_coverage_msgs) StdoutLine: {'line': b'-- Up-to-date: /home/ws/install/opennav_coverage_msgs/include/opennav_coverage_msgs/opennav_coverage_msgs/msg/route_mode.hpp\n'}
[0.287778] (opennav_coverage_msgs) StdoutLine: {'line': b'-- Up-to-date: /home/ws/install/opennav_coverage_msgs/include/opennav_coverage_msgs/opennav_coverage_msgs/msg/detail\n'}
[0.287822] (opennav_coverage_msgs) StdoutLine: {'line': b'-- Up-to-date: /home/ws/install/opennav_coverage_msgs/include/opennav_coverage_msgs/opennav_coverage_msgs/msg/detail/headland_mode__builder.hpp\n'}
[0.287866] (opennav_coverage_msgs) StdoutLine: {'line': b'-- Up-to-date: /home/ws/install/opennav_coverage_msgs/include/opennav_coverage_msgs/opennav_coverage_msgs/msg/detail/swath_mode__type_support.hpp\n'}
[0.287911] (opennav_coverage_msgs) StdoutLine: {'line': b'-- Up-to-date: /home/ws/install/opennav_coverage_msgs/include/opennav_coverage_msgs/opennav_coverage_msgs/msg/detail/path_components__struct.hpp\n'}
[0.287957] (opennav_coverage_msgs) StdoutLine: {'line': b'-- Up-to-date: /home/ws/install/opennav_coverage_msgs/include/opennav_coverage_msgs/opennav_coverage_msgs/msg/detail/headland_mode__type_support.hpp\n'}
[0.288005] (opennav_coverage_msgs) StdoutLine: {'line': b'-- Up-to-date: /home/ws/install/opennav_coverage_msgs/include/opennav_coverage_msgs/opennav_coverage_msgs/msg/detail/coordinate__builder.hpp\n'}
[0.288049] (opennav_coverage_msgs) StdoutLine: {'line': b'-- Up-to-date: /home/ws/install/opennav_coverage_msgs/include/opennav_coverage_msgs/opennav_coverage_msgs/msg/detail/route_mode__traits.hpp\n'}
[0.288093] (opennav_coverage_msgs) StdoutLine: {'line': b'-- Up-to-date: /home/ws/install/opennav_coverage_msgs/include/opennav_coverage_msgs/opennav_coverage_msgs/msg/detail/path_mode__type_support.hpp\n'}
[0.288145] (opennav_coverage_msgs) StdoutLine: {'line': b'-- Up-to-date: /home/ws/install/opennav_coverage_msgs/include/opennav_coverage_msgs/opennav_coverage_msgs/msg/detail/path_mode__builder.hpp\n'}
[0.288188] (opennav_coverage_msgs) StdoutLine: {'line': b'-- Up-to-date: /home/ws/install/opennav_coverage_msgs/include/opennav_coverage_msgs/opennav_coverage_msgs/msg/detail/route_mode__builder.hpp\n'}
[0.288238] (opennav_coverage_msgs) StdoutLine: {'line': b'-- Up-to-date: /home/ws/install/opennav_coverage_msgs/include/opennav_coverage_msgs/opennav_coverage_msgs/msg/detail/coordinate__type_support.hpp\n'}
[0.288287] (opennav_coverage_msgs) StdoutLine: {'line': b'-- Up-to-date: /home/ws/install/opennav_coverage_msgs/include/opennav_coverage_msgs/opennav_coverage_msgs/msg/detail/row_swath_mode__builder.hpp\n'}
[0.288336] (opennav_coverage_msgs) StdoutLine: {'line': b'-- Up-to-date: /home/ws/install/opennav_coverage_msgs/include/opennav_coverage_msgs/opennav_coverage_msgs/msg/detail/coordinates__type_support.hpp\n'}
[0.288380] (opennav_coverage_msgs) StdoutLine: {'line': b'-- Up-to-date: /home/ws/install/opennav_coverage_msgs/include/opennav_coverage_msgs/opennav_coverage_msgs/msg/detail/swath_mode__traits.hpp\n'}
[0.288411] (opennav_coverage_msgs) StdoutLine: {'line': b'-- Up-to-date: /home/ws/install/opennav_coverage_msgs/include/opennav_coverage_msgs/opennav_coverage_msgs/msg/detail/row_swath_mode__struct.hpp\n'}
[0.288443] (opennav_coverage_msgs) StdoutLine: {'line': b'-- Up-to-date: /home/ws/install/opennav_coverage_msgs/include/opennav_coverage_msgs/opennav_coverage_msgs/msg/detail/coordinates__builder.hpp\n'}
[0.288474] (opennav_coverage_msgs) StdoutLine: {'line': b'-- Up-to-date: /home/ws/install/opennav_coverage_msgs/include/opennav_coverage_msgs/opennav_coverage_msgs/msg/detail/path_mode__struct.hpp\n'}
[0.288505] (opennav_coverage_msgs) StdoutLine: {'line': b'-- Up-to-date: /home/ws/install/opennav_coverage_msgs/include/opennav_coverage_msgs/opennav_coverage_msgs/msg/detail/headland_mode__struct.hpp\n'}
[0.288535] (opennav_coverage_msgs) StdoutLine: {'line': b'-- Up-to-date: /home/ws/install/opennav_coverage_msgs/include/opennav_coverage_msgs/opennav_coverage_msgs/msg/detail/path_components__builder.hpp\n'}
[0.288567] (opennav_coverage_msgs) StdoutLine: {'line': b'-- Up-to-date: /home/ws/install/opennav_coverage_msgs/include/opennav_coverage_msgs/opennav_coverage_msgs/msg/detail/path_components__traits.hpp\n'}
[0.288597] (opennav_coverage_msgs) StdoutLine: {'line': b'-- Up-to-date: /home/ws/install/opennav_coverage_msgs/include/opennav_coverage_msgs/opennav_coverage_msgs/msg/detail/swath__builder.hpp\n'}
[0.288628] (opennav_coverage_msgs) StdoutLine: {'line': b'-- Up-to-date: /home/ws/install/opennav_coverage_msgs/include/opennav_coverage_msgs/opennav_coverage_msgs/msg/detail/coordinates__traits.hpp\n'}
[0.288659] (opennav_coverage_msgs) StdoutLine: {'line': b'-- Up-to-date: /home/ws/install/opennav_coverage_msgs/include/opennav_coverage_msgs/opennav_coverage_msgs/msg/detail/path_components__type_support.hpp\n'}
[0.288696] (opennav_coverage_msgs) StdoutLine: {'line': b'-- Up-to-date: /home/ws/install/opennav_coverage_msgs/include/opennav_coverage_msgs/opennav_coverage_msgs/msg/detail/row_swath_mode__traits.hpp\n'}
[0.288730] (opennav_coverage_msgs) StdoutLine: {'line': b'-- Up-to-date: /home/ws/install/opennav_coverage_msgs/include/opennav_coverage_msgs/opennav_coverage_msgs/msg/detail/path_mode__traits.hpp\n'}
[0.288760] (opennav_coverage_msgs) StdoutLine: {'line': b'-- Up-to-date: /home/ws/install/opennav_coverage_msgs/include/opennav_coverage_msgs/opennav_coverage_msgs/msg/detail/route_mode__struct.hpp\n'}
[0.288791] (opennav_coverage_msgs) StdoutLine: {'line': b'-- Up-to-date: /home/ws/install/opennav_coverage_msgs/include/opennav_coverage_msgs/opennav_coverage_msgs/msg/detail/coordinate__struct.hpp\n'}
[0.288821] (opennav_coverage_msgs) StdoutLine: {'line': b'-- Up-to-date: /home/ws/install/opennav_coverage_msgs/include/opennav_coverage_msgs/opennav_coverage_msgs/msg/detail/coordinates__struct.hpp\n'}
[0.288858] (opennav_coverage_msgs) StdoutLine: {'line': b'-- Up-to-date: /home/ws/install/opennav_coverage_msgs/include/opennav_coverage_msgs/opennav_coverage_msgs/msg/detail/swath__struct.hpp\n'}
[0.288888] (opennav_coverage_msgs) StdoutLine: {'line': b'-- Up-to-date: /home/ws/install/opennav_coverage_msgs/include/opennav_coverage_msgs/opennav_coverage_msgs/msg/detail/coordinate__traits.hpp\n'}
[0.288919] (opennav_coverage_msgs) StdoutLine: {'line': b'-- Up-to-date: /home/ws/install/opennav_coverage_msgs/include/opennav_coverage_msgs/opennav_coverage_msgs/msg/detail/headland_mode__traits.hpp\n'}
[0.288950] (opennav_coverage_msgs) StdoutLine: {'line': b'-- Up-to-date: /home/ws/install/opennav_coverage_msgs/include/opennav_coverage_msgs/opennav_coverage_msgs/msg/detail/swath__traits.hpp\n'}
[0.288981] (opennav_coverage_msgs) StdoutLine: {'line': b'-- Up-to-date: /home/ws/install/opennav_coverage_msgs/include/opennav_coverage_msgs/opennav_coverage_msgs/msg/detail/swath_mode__builder.hpp\n'}
[0.289012] (opennav_coverage_msgs) StdoutLine: {'line': b'-- Up-to-date: /home/ws/install/opennav_coverage_msgs/include/opennav_coverage_msgs/opennav_coverage_msgs/msg/detail/swath_mode__struct.hpp\n'}
[0.289044] (opennav_coverage_msgs) StdoutLine: {'line': b'-- Up-to-date: /home/ws/install/opennav_coverage_msgs/include/opennav_coverage_msgs/opennav_coverage_msgs/msg/detail/row_swath_mode__type_support.hpp\n'}
[0.289075] (opennav_coverage_msgs) StdoutLine: {'line': b'-- Up-to-date: /home/ws/install/opennav_coverage_msgs/include/opennav_coverage_msgs/opennav_coverage_msgs/msg/detail/route_mode__type_support.hpp\n'}
[0.289106] (opennav_coverage_msgs) StdoutLine: {'line': b'-- Up-to-date: /home/ws/install/opennav_coverage_msgs/include/opennav_coverage_msgs/opennav_coverage_msgs/msg/detail/swath__type_support.hpp\n'}
[0.289136] (opennav_coverage_msgs) StdoutLine: {'line': b'-- Up-to-date: /home/ws/install/opennav_coverage_msgs/include/opennav_coverage_msgs/opennav_coverage_msgs/msg/rosidl_generator_cpp__visibility_control.hpp\n'}
[0.289167] (opennav_coverage_msgs) StdoutLine: {'line': b'-- Up-to-date: /home/ws/install/opennav_coverage_msgs/include/opennav_coverage_msgs/opennav_coverage_msgs\n'}
[0.289199] (opennav_coverage_msgs) StdoutLine: {'line': b'-- Up-to-date: /home/ws/install/opennav_coverage_msgs/include/opennav_coverage_msgs/opennav_coverage_msgs/action\n'}
[0.289232] (opennav_coverage_msgs) StdoutLine: {'line': b'-- Up-to-date: /home/ws/install/opennav_coverage_msgs/include/opennav_coverage_msgs/opennav_coverage_msgs/action/detail\n'}
[0.289265] (opennav_coverage_msgs) StdoutLine: {'line': b'-- Up-to-date: /home/ws/install/opennav_coverage_msgs/include/opennav_coverage_msgs/opennav_coverage_msgs/action/detail/navigate_complete_coverage__rosidl_typesupport_fastrtps_cpp.hpp\n'}
[0.289296] (opennav_coverage_msgs) StdoutLine: {'line': b'-- Up-to-date: /home/ws/install/opennav_coverage_msgs/include/opennav_coverage_msgs/opennav_coverage_msgs/action/detail/dds_fastrtps\n'}
[0.289327] (opennav_coverage_msgs) StdoutLine: {'line': b'-- Up-to-date: /home/ws/install/opennav_coverage_msgs/include/opennav_coverage_msgs/opennav_coverage_msgs/action/detail/compute_coverage_path__rosidl_typesupport_fastrtps_cpp.hpp\n'}
[0.289359] (opennav_coverage_msgs) StdoutLine: {'line': b'-- Up-to-date: /home/ws/install/opennav_coverage_msgs/include/opennav_coverage_msgs/opennav_coverage_msgs/msg\n'}
[0.289389] (opennav_coverage_msgs) StdoutLine: {'line': b'-- Up-to-date: /home/ws/install/opennav_coverage_msgs/include/opennav_coverage_msgs/opennav_coverage_msgs/msg/rosidl_typesupport_fastrtps_cpp__visibility_control.h\n'}
[0.289420] (opennav_coverage_msgs) StdoutLine: {'line': b'-- Up-to-date: /home/ws/install/opennav_coverage_msgs/include/opennav_coverage_msgs/opennav_coverage_msgs/msg/detail\n'}
[0.289452] (opennav_coverage_msgs) StdoutLine: {'line': b'-- Up-to-date: /home/ws/install/opennav_coverage_msgs/include/opennav_coverage_msgs/opennav_coverage_msgs/msg/detail/headland_mode__rosidl_typesupport_fastrtps_cpp.hpp\n'}
[0.289485] (opennav_coverage_msgs) StdoutLine: {'line': b'-- Up-to-date: /home/ws/install/opennav_coverage_msgs/include/opennav_coverage_msgs/opennav_coverage_msgs/msg/detail/row_swath_mode__rosidl_typesupport_fastrtps_cpp.hpp\n'}
[0.289516] (opennav_coverage_msgs) StdoutLine: {'line': b'-- Up-to-date: /home/ws/install/opennav_coverage_msgs/include/opennav_coverage_msgs/opennav_coverage_msgs/msg/detail/dds_fastrtps\n'}
[0.289546] (opennav_coverage_msgs) StdoutLine: {'line': b'-- Up-to-date: /home/ws/install/opennav_coverage_msgs/include/opennav_coverage_msgs/opennav_coverage_msgs/msg/detail/swath__rosidl_typesupport_fastrtps_cpp.hpp\n'}
[0.289577] (opennav_coverage_msgs) StdoutLine: {'line': b'-- Up-to-date: /home/ws/install/opennav_coverage_msgs/include/opennav_coverage_msgs/opennav_coverage_msgs/msg/detail/path_mode__rosidl_typesupport_fastrtps_cpp.hpp\n'}
[0.289607] (opennav_coverage_msgs) StdoutLine: {'line': b'-- Up-to-date: /home/ws/install/opennav_coverage_msgs/include/opennav_coverage_msgs/opennav_coverage_msgs/msg/detail/route_mode__rosidl_typesupport_fastrtps_cpp.hpp\n'}
[0.289638] (opennav_coverage_msgs) StdoutLine: {'line': b'-- Up-to-date: /home/ws/install/opennav_coverage_msgs/include/opennav_coverage_msgs/opennav_coverage_msgs/msg/detail/coordinates__rosidl_typesupport_fastrtps_cpp.hpp\n'}
[0.289669] (opennav_coverage_msgs) StdoutLine: {'line': b'-- Up-to-date: /home/ws/install/opennav_coverage_msgs/include/opennav_coverage_msgs/opennav_coverage_msgs/msg/detail/swath_mode__rosidl_typesupport_fastrtps_cpp.hpp\n'}
[0.289707] (opennav_coverage_msgs) StdoutLine: {'line': b'-- Up-to-date: /home/ws/install/opennav_coverage_msgs/include/opennav_coverage_msgs/opennav_coverage_msgs/msg/detail/path_components__rosidl_typesupport_fastrtps_cpp.hpp\n'}
[0.289743] (opennav_coverage_msgs) StdoutLine: {'line': b'-- Up-to-date: /home/ws/install/opennav_coverage_msgs/include/opennav_coverage_msgs/opennav_coverage_msgs/msg/detail/coordinate__rosidl_typesupport_fastrtps_cpp.hpp\n'}
[0.289773] (opennav_coverage_msgs) StdoutLine: {'line': b'-- Up-to-date: /home/ws/install/opennav_coverage_msgs/lib/libopennav_coverage_msgs__rosidl_typesupport_fastrtps_cpp.so\n'}
[0.289804] (opennav_coverage_msgs) StdoutLine: {'line': b'-- Up-to-date: /home/ws/install/opennav_coverage_msgs/include/opennav_coverage_msgs/opennav_coverage_msgs\n'}
[0.289835] (opennav_coverage_msgs) StdoutLine: {'line': b'-- Up-to-date: /home/ws/install/opennav_coverage_msgs/include/opennav_coverage_msgs/opennav_coverage_msgs/action\n'}
[0.289865] (opennav_coverage_msgs) StdoutLine: {'line': b'-- Up-to-date: /home/ws/install/opennav_coverage_msgs/include/opennav_coverage_msgs/opennav_coverage_msgs/action/detail\n'}
[0.289895] (opennav_coverage_msgs) StdoutLine: {'line': b'-- Up-to-date: /home/ws/install/opennav_coverage_msgs/include/opennav_coverage_msgs/opennav_coverage_msgs/action/detail/compute_coverage_path__rosidl_typesupport_introspection_c.h\n'}
[0.289926] (opennav_coverage_msgs) StdoutLine: {'line': b'-- Up-to-date: /home/ws/install/opennav_coverage_msgs/include/opennav_coverage_msgs/opennav_coverage_msgs/action/detail/navigate_complete_coverage__type_support.c\n'}
[0.289958] (opennav_coverage_msgs) StdoutLine: {'line': b'-- Up-to-date: /home/ws/install/opennav_coverage_msgs/include/opennav_coverage_msgs/opennav_coverage_msgs/action/detail/compute_coverage_path__type_support.c\n'}
[0.289989] (opennav_coverage_msgs) StdoutLine: {'line': b'-- Up-to-date: /home/ws/install/opennav_coverage_msgs/include/opennav_coverage_msgs/opennav_coverage_msgs/action/detail/navigate_complete_coverage__rosidl_typesupport_introspection_c.h\n'}
[0.290019] (opennav_coverage_msgs) StdoutLine: {'line': b'-- Up-to-date: /home/ws/install/opennav_coverage_msgs/include/opennav_coverage_msgs/opennav_coverage_msgs/msg\n'}
[0.290051] (opennav_coverage_msgs) StdoutLine: {'line': b'-- Up-to-date: /home/ws/install/opennav_coverage_msgs/include/opennav_coverage_msgs/opennav_coverage_msgs/msg/rosidl_typesupport_introspection_c__visibility_control.h\n'}
[0.290083] (opennav_coverage_msgs) StdoutLine: {'line': b'-- Up-to-date: /home/ws/install/opennav_coverage_msgs/include/opennav_coverage_msgs/opennav_coverage_msgs/msg/detail\n'}
[0.290115] (opennav_coverage_msgs) StdoutLine: {'line': b'-- Up-to-date: /home/ws/install/opennav_coverage_msgs/include/opennav_coverage_msgs/opennav_coverage_msgs/msg/detail/headland_mode__rosidl_typesupport_introspection_c.h\n'}
[0.290146] (opennav_coverage_msgs) StdoutLine: {'line': b'-- Up-to-date: /home/ws/install/opennav_coverage_msgs/include/opennav_coverage_msgs/opennav_coverage_msgs/msg/detail/coordinates__rosidl_typesupport_introspection_c.h\n'}
[0.290176] (opennav_coverage_msgs) StdoutLine: {'line': b'-- Up-to-date: /home/ws/install/opennav_coverage_msgs/include/opennav_coverage_msgs/opennav_coverage_msgs/msg/detail/swath__rosidl_typesupport_introspection_c.h\n'}
[0.290208] (opennav_coverage_msgs) StdoutLine: {'line': b'-- Up-to-date: /home/ws/install/opennav_coverage_msgs/include/opennav_coverage_msgs/opennav_coverage_msgs/msg/detail/path_components__rosidl_typesupport_introspection_c.h\n'}
[0.290238] (opennav_coverage_msgs) StdoutLine: {'line': b'-- Up-to-date: /home/ws/install/opennav_coverage_msgs/include/opennav_coverage_msgs/opennav_coverage_msgs/msg/detail/row_swath_mode__type_support.c\n'}
[0.290269] (opennav_coverage_msgs) StdoutLine: {'line': b'-- Up-to-date: /home/ws/install/opennav_coverage_msgs/include/opennav_coverage_msgs/opennav_coverage_msgs/msg/detail/path_mode__type_support.c\n'}
[0.290299] (opennav_coverage_msgs) StdoutLine: {'line': b'-- Up-to-date: /home/ws/install/opennav_coverage_msgs/include/opennav_coverage_msgs/opennav_coverage_msgs/msg/detail/row_swath_mode__rosidl_typesupport_introspection_c.h\n'}
[0.290329] (opennav_coverage_msgs) StdoutLine: {'line': b'-- Up-to-date: /home/ws/install/opennav_coverage_msgs/include/opennav_coverage_msgs/opennav_coverage_msgs/msg/detail/route_mode__rosidl_typesupport_introspection_c.h\n'}
[0.290360] (opennav_coverage_msgs) StdoutLine: {'line': b'-- Up-to-date: /home/ws/install/opennav_coverage_msgs/include/opennav_coverage_msgs/opennav_coverage_msgs/msg/detail/path_components__type_support.c\n'}
[0.290391] (opennav_coverage_msgs) StdoutLine: {'line': b'-- Up-to-date: /home/ws/install/opennav_coverage_msgs/include/opennav_coverage_msgs/opennav_coverage_msgs/msg/detail/coordinate__rosidl_typesupport_introspection_c.h\n'}
[0.290422] (opennav_coverage_msgs) StdoutLine: {'line': b'-- Up-to-date: /home/ws/install/opennav_coverage_msgs/include/opennav_coverage_msgs/opennav_coverage_msgs/msg/detail/swath_mode__type_support.c\n'}
[0.290453] (opennav_coverage_msgs) StdoutLine: {'line': b'-- Up-to-date: /home/ws/install/opennav_coverage_msgs/include/opennav_coverage_msgs/opennav_coverage_msgs/msg/detail/path_mode__rosidl_typesupport_introspection_c.h\n'}
[0.290483] (opennav_coverage_msgs) StdoutLine: {'line': b'-- Up-to-date: /home/ws/install/opennav_coverage_msgs/include/opennav_coverage_msgs/opennav_coverage_msgs/msg/detail/swath_mode__rosidl_typesupport_introspection_c.h\n'}
[0.290514] (opennav_coverage_msgs) StdoutLine: {'line': b'-- Up-to-date: /home/ws/install/opennav_coverage_msgs/include/opennav_coverage_msgs/opennav_coverage_msgs/msg/detail/swath__type_support.c\n'}
[0.290544] (opennav_coverage_msgs) StdoutLine: {'line': b'-- Up-to-date: /home/ws/install/opennav_coverage_msgs/include/opennav_coverage_msgs/opennav_coverage_msgs/msg/detail/route_mode__type_support.c\n'}
[0.290579] (opennav_coverage_msgs) StdoutLine: {'line': b'-- Up-to-date: /home/ws/install/opennav_coverage_msgs/include/opennav_coverage_msgs/opennav_coverage_msgs/msg/detail/coordinate__type_support.c\n'}
[0.290610] (opennav_coverage_msgs) StdoutLine: {'line': b'-- Up-to-date: /home/ws/install/opennav_coverage_msgs/include/opennav_coverage_msgs/opennav_coverage_msgs/msg/detail/coordinates__type_support.c\n'}
[0.290640] (opennav_coverage_msgs) StdoutLine: {'line': b'-- Up-to-date: /home/ws/install/opennav_coverage_msgs/include/opennav_coverage_msgs/opennav_coverage_msgs/msg/detail/headland_mode__type_support.c\n'}
[0.290670] (opennav_coverage_msgs) StdoutLine: {'line': b'-- Up-to-date: /home/ws/install/opennav_coverage_msgs/lib/libopennav_coverage_msgs__rosidl_typesupport_introspection_c.so\n'}
[0.290709] (opennav_coverage_msgs) StdoutLine: {'line': b'-- Up-to-date: /home/ws/install/opennav_coverage_msgs/lib/libopennav_coverage_msgs__rosidl_typesupport_c.so\n'}
[0.290741] (opennav_coverage_msgs) StdoutLine: {'line': b'-- Up-to-date: /home/ws/install/opennav_coverage_msgs/include/opennav_coverage_msgs/opennav_coverage_msgs\n'}
[0.290771] (opennav_coverage_msgs) StdoutLine: {'line': b'-- Up-to-date: /home/ws/install/opennav_coverage_msgs/include/opennav_coverage_msgs/opennav_coverage_msgs/action\n'}
[0.290802] (opennav_coverage_msgs) StdoutLine: {'line': b'-- Up-to-date: /home/ws/install/opennav_coverage_msgs/include/opennav_coverage_msgs/opennav_coverage_msgs/action/detail\n'}
[0.290832] (opennav_coverage_msgs) StdoutLine: {'line': b'-- Up-to-date: /home/ws/install/opennav_coverage_msgs/include/opennav_coverage_msgs/opennav_coverage_msgs/action/detail/compute_coverage_path__type_support.cpp\n'}
[0.290865] (opennav_coverage_msgs) StdoutLine: {'line': b'-- Up-to-date: /home/ws/install/opennav_coverage_msgs/include/opennav_coverage_msgs/opennav_coverage_msgs/action/detail/navigate_complete_coverage__type_support.cpp\n'}
[0.290896] (opennav_coverage_msgs) StdoutLine: {'line': b'-- Up-to-date: /home/ws/install/opennav_coverage_msgs/include/opennav_coverage_msgs/opennav_coverage_msgs/action/detail/compute_coverage_path__rosidl_typesupport_introspection_cpp.hpp\n'}
[0.290926] (opennav_coverage_msgs) StdoutLine: {'line': b'-- Up-to-date: /home/ws/install/opennav_coverage_msgs/include/opennav_coverage_msgs/opennav_coverage_msgs/action/detail/navigate_complete_coverage__rosidl_typesupport_introspection_cpp.hpp\n'}
[0.290957] (opennav_coverage_msgs) StdoutLine: {'line': b'-- Up-to-date: /home/ws/install/opennav_coverage_msgs/include/opennav_coverage_msgs/opennav_coverage_msgs/msg\n'}
[0.290987] (opennav_coverage_msgs) StdoutLine: {'line': b'-- Up-to-date: /home/ws/install/opennav_coverage_msgs/include/opennav_coverage_msgs/opennav_coverage_msgs/msg/detail\n'}
[0.291018] (opennav_coverage_msgs) StdoutLine: {'line': b'-- Up-to-date: /home/ws/install/opennav_coverage_msgs/include/opennav_coverage_msgs/opennav_coverage_msgs/msg/detail/path_mode__rosidl_typesupport_introspection_cpp.hpp\n'}
[0.291049] (opennav_coverage_msgs) StdoutLine: {'line': b'-- Up-to-date: /home/ws/install/opennav_coverage_msgs/include/opennav_coverage_msgs/opennav_coverage_msgs/msg/detail/route_mode__rosidl_typesupport_introspection_cpp.hpp\n'}
[0.291079] (opennav_coverage_msgs) StdoutLine: {'line': b'-- Up-to-date: /home/ws/install/opennav_coverage_msgs/include/opennav_coverage_msgs/opennav_coverage_msgs/msg/detail/coordinate__rosidl_typesupport_introspection_cpp.hpp\n'}
[0.291111] (opennav_coverage_msgs) StdoutLine: {'line': b'-- Up-to-date: /home/ws/install/opennav_coverage_msgs/include/opennav_coverage_msgs/opennav_coverage_msgs/msg/detail/headland_mode__rosidl_typesupport_introspection_cpp.hpp\n'}
[0.291141] (opennav_coverage_msgs) StdoutLine: {'line': b'-- Up-to-date: /home/ws/install/opennav_coverage_msgs/include/opennav_coverage_msgs/opennav_coverage_msgs/msg/detail/coordinates__rosidl_typesupport_introspection_cpp.hpp\n'}
[0.291172] (opennav_coverage_msgs) StdoutLine: {'line': b'-- Up-to-date: /home/ws/install/opennav_coverage_msgs/include/opennav_coverage_msgs/opennav_coverage_msgs/msg/detail/coordinates__type_support.cpp\n'}
[0.291203] (opennav_coverage_msgs) StdoutLine: {'line': b'-- Up-to-date: /home/ws/install/opennav_coverage_msgs/include/opennav_coverage_msgs/opennav_coverage_msgs/msg/detail/swath_mode__type_support.cpp\n'}
[0.291233] (opennav_coverage_msgs) StdoutLine: {'line': b'-- Up-to-date: /home/ws/install/opennav_coverage_msgs/include/opennav_coverage_msgs/opennav_coverage_msgs/msg/detail/swath__rosidl_typesupport_introspection_cpp.hpp\n'}
[0.291265] (opennav_coverage_msgs) StdoutLine: {'line': b'-- Up-to-date: /home/ws/install/opennav_coverage_msgs/include/opennav_coverage_msgs/opennav_coverage_msgs/msg/detail/path_mode__type_support.cpp\n'}
[0.291300] (opennav_coverage_msgs) StdoutLine: {'line': b'-- Up-to-date: /home/ws/install/opennav_coverage_msgs/include/opennav_coverage_msgs/opennav_coverage_msgs/msg/detail/path_components__rosidl_typesupport_introspection_cpp.hpp\n'}
[0.291331] (opennav_coverage_msgs) StdoutLine: {'line': b'-- Up-to-date: /home/ws/install/opennav_coverage_msgs/include/opennav_coverage_msgs/opennav_coverage_msgs/msg/detail/headland_mode__type_support.cpp\n'}
[0.291362] (opennav_coverage_msgs) StdoutLine: {'line': b'-- Up-to-date: /home/ws/install/opennav_coverage_msgs/include/opennav_coverage_msgs/opennav_coverage_msgs/msg/detail/row_swath_mode__type_support.cpp\n'}
[0.291392] (opennav_coverage_msgs) StdoutLine: {'line': b'-- Up-to-date: /home/ws/install/opennav_coverage_msgs/include/opennav_coverage_msgs/opennav_coverage_msgs/msg/detail/swath__type_support.cpp\n'}
[0.291423] (opennav_coverage_msgs) StdoutLine: {'line': b'-- Up-to-date: /home/ws/install/opennav_coverage_msgs/include/opennav_coverage_msgs/opennav_coverage_msgs/msg/detail/route_mode__type_support.cpp\n'}
[0.291458] (opennav_coverage_msgs) StdoutLine: {'line': b'-- Up-to-date: /home/ws/install/opennav_coverage_msgs/include/opennav_coverage_msgs/opennav_coverage_msgs/msg/detail/path_components__type_support.cpp\n'}
[0.291488] (opennav_coverage_msgs) StdoutLine: {'line': b'-- Up-to-date: /home/ws/install/opennav_coverage_msgs/include/opennav_coverage_msgs/opennav_coverage_msgs/msg/detail/row_swath_mode__rosidl_typesupport_introspection_cpp.hpp\n'}
[0.291519] (opennav_coverage_msgs) StdoutLine: {'line': b'-- Up-to-date: /home/ws/install/opennav_coverage_msgs/include/opennav_coverage_msgs/opennav_coverage_msgs/msg/detail/coordinate__type_support.cpp\n'}
[0.291550] (opennav_coverage_msgs) StdoutLine: {'line': b'-- Up-to-date: /home/ws/install/opennav_coverage_msgs/include/opennav_coverage_msgs/opennav_coverage_msgs/msg/detail/swath_mode__rosidl_typesupport_introspection_cpp.hpp\n'}
[0.291580] (opennav_coverage_msgs) StdoutLine: {'line': b'-- Up-to-date: /home/ws/install/opennav_coverage_msgs/lib/libopennav_coverage_msgs__rosidl_typesupport_introspection_cpp.so\n'}
[0.291611] (opennav_coverage_msgs) StdoutLine: {'line': b'-- Up-to-date: /home/ws/install/opennav_coverage_msgs/lib/libopennav_coverage_msgs__rosidl_typesupport_cpp.so\n'}
[0.291643] (opennav_coverage_msgs) StdoutLine: {'line': b'-- Up-to-date: /home/ws/install/opennav_coverage_msgs/share/opennav_coverage_msgs/environment/pythonpath.sh\n'}
[0.291675] (opennav_coverage_msgs) StdoutLine: {'line': b'-- Up-to-date: /home/ws/install/opennav_coverage_msgs/share/opennav_coverage_msgs/environment/pythonpath.dsv\n'}
[0.291711] (opennav_coverage_msgs) StdoutLine: {'line': b'-- Up-to-date: /home/ws/install/opennav_coverage_msgs/lib/python3.12/site-packages/opennav_coverage_msgs-0.0.1-py3.12.egg-info\n'}
[0.291743] (opennav_coverage_msgs) StdoutLine: {'line': b'-- Installing: /home/ws/install/opennav_coverage_msgs/lib/python3.12/site-packages/opennav_coverage_msgs-0.0.1-py3.12.egg-info/SOURCES.txt\n'}
[0.291774] (opennav_coverage_msgs) StdoutLine: {'line': b'-- Installing: /home/ws/install/opennav_coverage_msgs/lib/python3.12/site-packages/opennav_coverage_msgs-0.0.1-py3.12.egg-info/top_level.txt\n'}
[0.291804] (opennav_coverage_msgs) StdoutLine: {'line': b'-- Installing: /home/ws/install/opennav_coverage_msgs/lib/python3.12/site-packages/opennav_coverage_msgs-0.0.1-py3.12.egg-info/dependency_links.txt\n'}
[0.291835] (opennav_coverage_msgs) StdoutLine: {'line': b'-- Installing: /home/ws/install/opennav_coverage_msgs/lib/python3.12/site-packages/opennav_coverage_msgs-0.0.1-py3.12.egg-info/PKG-INFO\n'}
[0.291866] (opennav_coverage_msgs) StdoutLine: {'line': b'-- Up-to-date: /home/ws/install/opennav_coverage_msgs/lib/python3.12/site-packages/opennav_coverage_msgs\n'}
[0.291896] (opennav_coverage_msgs) StdoutLine: {'line': b'-- Up-to-date: /home/ws/install/opennav_coverage_msgs/lib/python3.12/site-packages/opennav_coverage_msgs/_opennav_coverage_msgs_s.ep.rosidl_typesupport_fastrtps_c.c\n'}
[0.291930] (opennav_coverage_msgs) StdoutLine: {'line': b'-- Up-to-date: /home/ws/install/opennav_coverage_msgs/lib/python3.12/site-packages/opennav_coverage_msgs/_opennav_coverage_msgs_s.ep.rosidl_typesupport_introspection_c.c\n'}
[0.291960] (opennav_coverage_msgs) StdoutLine: {'line': b'-- Up-to-date: /home/ws/install/opennav_coverage_msgs/lib/python3.12/site-packages/opennav_coverage_msgs/action\n'}
[0.291991] (opennav_coverage_msgs) StdoutLine: {'line': b'-- Up-to-date: /home/ws/install/opennav_coverage_msgs/lib/python3.12/site-packages/opennav_coverage_msgs/action/_navigate_complete_coverage_s.c\n'}
[0.292026] (opennav_coverage_msgs) StdoutLine: {'line': b'-- Up-to-date: /home/ws/install/opennav_coverage_msgs/lib/python3.12/site-packages/opennav_coverage_msgs/action/_compute_coverage_path.py\n'}
[0.292057] (opennav_coverage_msgs) StdoutLine: {'line': b'-- Up-to-date: /home/ws/install/opennav_coverage_msgs/lib/python3.12/site-packages/opennav_coverage_msgs/action/_navigate_complete_coverage.py\n'}
[0.292089] (opennav_coverage_msgs) StdoutLine: {'line': b'-- Up-to-date: /home/ws/install/opennav_coverage_msgs/lib/python3.12/site-packages/opennav_coverage_msgs/action/__init__.py\n'}
[0.292120] (opennav_coverage_msgs) StdoutLine: {'line': b'-- Up-to-date: /home/ws/install/opennav_coverage_msgs/lib/python3.12/site-packages/opennav_coverage_msgs/action/_compute_coverage_path_s.c\n'}
[0.292151] (opennav_coverage_msgs) StdoutLine: {'line': b'-- Up-to-date: /home/ws/install/opennav_coverage_msgs/lib/python3.12/site-packages/opennav_coverage_msgs/msg\n'}
[0.292182] (opennav_coverage_msgs) StdoutLine: {'line': b'-- Up-to-date: /home/ws/install/opennav_coverage_msgs/lib/python3.12/site-packages/opennav_coverage_msgs/msg/_swath_s.c\n'}
[0.292213] (opennav_coverage_msgs) StdoutLine: {'line': b'-- Up-to-date: /home/ws/install/opennav_coverage_msgs/lib/python3.12/site-packages/opennav_coverage_msgs/msg/_route_mode.py\n'}
[0.292250] (opennav_coverage_msgs) StdoutLine: {'line': b'-- Up-to-date: /home/ws/install/opennav_coverage_msgs/lib/python3.12/site-packages/opennav_coverage_msgs/msg/_coordinates_s.c\n'}
[0.292281] (opennav_coverage_msgs) StdoutLine: {'line': b'-- Up-to-date: /home/ws/install/opennav_coverage_msgs/lib/python3.12/site-packages/opennav_coverage_msgs/msg/_swath_mode_s.c\n'}
[0.292312] (opennav_coverage_msgs) StdoutLine: {'line': b'-- Up-to-date: /home/ws/install/opennav_coverage_msgs/lib/python3.12/site-packages/opennav_coverage_msgs/msg/_swath.py\n'}
[0.292345] (opennav_coverage_msgs) StdoutLine: {'line': b'-- Up-to-date: /home/ws/install/opennav_coverage_msgs/lib/python3.12/site-packages/opennav_coverage_msgs/msg/_swath_mode.py\n'}
[0.292381] (opennav_coverage_msgs) StdoutLine: {'line': b'-- Up-to-date: /home/ws/install/opennav_coverage_msgs/lib/python3.12/site-packages/opennav_coverage_msgs/msg/_path_mode.py\n'}
[0.292417] (opennav_coverage_msgs) StdoutLine: {'line': b'-- Up-to-date: /home/ws/install/opennav_coverage_msgs/lib/python3.12/site-packages/opennav_coverage_msgs/msg/_path_components_s.c\n'}
[0.292462] (opennav_coverage_msgs) StdoutLine: {'line': b'-- Up-to-date: /home/ws/install/opennav_coverage_msgs/lib/python3.12/site-packages/opennav_coverage_msgs/msg/_coordinates.py\n'}
[0.292505] (opennav_coverage_msgs) StdoutLine: {'line': b'-- Up-to-date: /home/ws/install/opennav_coverage_msgs/lib/python3.12/site-packages/opennav_coverage_msgs/msg/_row_swath_mode.py\n'}
[0.292543] (opennav_coverage_msgs) StdoutLine: {'line': b'-- Up-to-date: /home/ws/install/opennav_coverage_msgs/lib/python3.12/site-packages/opennav_coverage_msgs/msg/_path_components.py\n'}
[0.292575] (opennav_coverage_msgs) StdoutLine: {'line': b'-- Up-to-date: /home/ws/install/opennav_coverage_msgs/lib/python3.12/site-packages/opennav_coverage_msgs/msg/_coordinate_s.c\n'}
[0.292613] (opennav_coverage_msgs) StdoutLine: {'line': b'-- Up-to-date: /home/ws/install/opennav_coverage_msgs/lib/python3.12/site-packages/opennav_coverage_msgs/msg/_headland_mode_s.c\n'}
[0.292658] (opennav_coverage_msgs) StdoutLine: {'line': b'-- Up-to-date: /home/ws/install/opennav_coverage_msgs/lib/python3.12/site-packages/opennav_coverage_msgs/msg/__init__.py\n'}
[0.292699] (opennav_coverage_msgs) StdoutLine: {'line': b'-- Up-to-date: /home/ws/install/opennav_coverage_msgs/lib/python3.12/site-packages/opennav_coverage_msgs/msg/_path_mode_s.c\n'}
[0.292732] (opennav_coverage_msgs) StdoutLine: {'line': b'-- Up-to-date: /home/ws/install/opennav_coverage_msgs/lib/python3.12/site-packages/opennav_coverage_msgs/msg/_row_swath_mode_s.c\n'}
[0.292774] (opennav_coverage_msgs) StdoutLine: {'line': b'-- Up-to-date: /home/ws/install/opennav_coverage_msgs/lib/python3.12/site-packages/opennav_coverage_msgs/msg/_route_mode_s.c\n'}
[0.292812] (opennav_coverage_msgs) StdoutLine: {'line': b'-- Up-to-date: /home/ws/install/opennav_coverage_msgs/lib/python3.12/site-packages/opennav_coverage_msgs/msg/_coordinate.py\n'}
[0.292845] (opennav_coverage_msgs) StdoutLine: {'line': b'-- Up-to-date: /home/ws/install/opennav_coverage_msgs/lib/python3.12/site-packages/opennav_coverage_msgs/msg/_headland_mode.py\n'}
[0.292876] (opennav_coverage_msgs) StdoutLine: {'line': b'-- Up-to-date: /home/ws/install/opennav_coverage_msgs/lib/python3.12/site-packages/opennav_coverage_msgs/opennav_coverage_msgs_s__rosidl_typesupport_fastrtps_c.so\n'}
[0.292907] (opennav_coverage_msgs) StdoutLine: {'line': b'-- Up-to-date: /home/ws/install/opennav_coverage_msgs/lib/python3.12/site-packages/opennav_coverage_msgs/opennav_coverage_msgs_s__rosidl_typesupport_introspection_c.so\n'}
[0.292939] (opennav_coverage_msgs) StdoutLine: {'line': b'-- Up-to-date: /home/ws/install/opennav_coverage_msgs/lib/python3.12/site-packages/opennav_coverage_msgs/opennav_coverage_msgs_s__rosidl_typesupport_c.so\n'}
[0.292980] (opennav_coverage_msgs) StdoutLine: {'line': b'-- Up-to-date: /home/ws/install/opennav_coverage_msgs/lib/python3.12/site-packages/opennav_coverage_msgs/__init__.py\n'}
[0.293017] (opennav_coverage_msgs) StdoutLine: {'line': b'-- Up-to-date: /home/ws/install/opennav_coverage_msgs/lib/python3.12/site-packages/opennav_coverage_msgs/_opennav_coverage_msgs_s.ep.rosidl_typesupport_c.c\n'}
[0.300105] (-) TimerEvent: {}
[0.309808] (opennav_coverage_msgs) StdoutLine: {'line': b"Listing '/home/ws/install/opennav_coverage_msgs/lib/python3.12/site-packages/opennav_coverage_msgs'...\n"}
[0.309946] (opennav_coverage_msgs) StdoutLine: {'line': b"Listing '/home/ws/install/opennav_coverage_msgs/lib/python3.12/site-packages/opennav_coverage_msgs/action'...\n"}
[0.310001] (opennav_coverage_msgs) StdoutLine: {'line': b"Listing '/home/ws/install/opennav_coverage_msgs/lib/python3.12/site-packages/opennav_coverage_msgs/msg'...\n"}
[0.313280] (opennav_coverage_msgs) StdoutLine: {'line': b'-- Up-to-date: /home/ws/install/opennav_coverage_msgs/lib/python3.12/site-packages/opennav_coverage_msgs/opennav_coverage_msgs_s__rosidl_typesupport_fastrtps_c.so\n'}
[0.313563] (opennav_coverage_msgs) StdoutLine: {'line': b'-- Up-to-date: /home/ws/install/opennav_coverage_msgs/lib/python3.12/site-packages/opennav_coverage_msgs/opennav_coverage_msgs_s__rosidl_typesupport_introspection_c.so\n'}
[0.313824] (opennav_coverage_msgs) StdoutLine: {'line': b'-- Up-to-date: /home/ws/install/opennav_coverage_msgs/lib/python3.12/site-packages/opennav_coverage_msgs/opennav_coverage_msgs_s__rosidl_typesupport_c.so\n'}
[0.314061] (opennav_coverage_msgs) StdoutLine: {'line': b'-- Up-to-date: /home/ws/install/opennav_coverage_msgs/lib/libopennav_coverage_msgs__rosidl_generator_py.so\n'}
[0.314213] (opennav_coverage_msgs) StdoutLine: {'line': b'-- Up-to-date: /home/ws/install/opennav_coverage_msgs/share/opennav_coverage_msgs/msg/Coordinate.idl\n'}
[0.314279] (opennav_coverage_msgs) StdoutLine: {'line': b'-- Up-to-date: /home/ws/install/opennav_coverage_msgs/share/opennav_coverage_msgs/msg/Coordinates.idl\n'}
[0.314330] (opennav_coverage_msgs) StdoutLine: {'line': b'-- Up-to-date: /home/ws/install/opennav_coverage_msgs/share/opennav_coverage_msgs/msg/HeadlandMode.idl\n'}
[0.314386] (opennav_coverage_msgs) StdoutLine: {'line': b'-- Up-to-date: /home/ws/install/opennav_coverage_msgs/share/opennav_coverage_msgs/msg/SwathMode.idl\n'}
[0.314450] (opennav_coverage_msgs) StdoutLine: {'line': b'-- Up-to-date: /home/ws/install/opennav_coverage_msgs/share/opennav_coverage_msgs/msg/RowSwathMode.idl\n'}
[0.314506] (opennav_coverage_msgs) StdoutLine: {'line': b'-- Up-to-date: /home/ws/install/opennav_coverage_msgs/share/opennav_coverage_msgs/msg/RouteMode.idl\n'}
[0.314565] (opennav_coverage_msgs) StdoutLine: {'line': b'-- Up-to-date: /home/ws/install/opennav_coverage_msgs/share/opennav_coverage_msgs/msg/PathMode.idl\n'}
[0.314672] (opennav_coverage_msgs) StdoutLine: {'line': b'-- Up-to-date: /home/ws/install/opennav_coverage_msgs/share/opennav_coverage_msgs/msg/Swath.idl\n'}
[0.314753] (opennav_coverage_msgs) StdoutLine: {'line': b'-- Up-to-date: /home/ws/install/opennav_coverage_msgs/share/opennav_coverage_msgs/msg/PathComponents.idl\n'}
[0.314823] (opennav_coverage_msgs) StdoutLine: {'line': b'-- Up-to-date: /home/ws/install/opennav_coverage_msgs/share/opennav_coverage_msgs/action/ComputeCoveragePath.idl\n'}
[0.314875] (opennav_coverage_msgs) StdoutLine: {'line': b'-- Up-to-date: /home/ws/install/opennav_coverage_msgs/share/opennav_coverage_msgs/action/NavigateCompleteCoverage.idl\n'}
[0.314925] (opennav_coverage_msgs) StdoutLine: {'line': b'-- Up-to-date: /home/ws/install/opennav_coverage_msgs/share/opennav_coverage_msgs/msg/Coordinate.msg\n'}
[0.314966] (opennav_coverage_msgs) StdoutLine: {'line': b'-- Up-to-date: /home/ws/install/opennav_coverage_msgs/share/opennav_coverage_msgs/msg/Coordinates.msg\n'}
[0.315009] (opennav_coverage_msgs) StdoutLine: {'line': b'-- Up-to-date: /home/ws/install/opennav_coverage_msgs/share/opennav_coverage_msgs/msg/HeadlandMode.msg\n'}
[0.315049] (opennav_coverage_msgs) StdoutLine: {'line': b'-- Up-to-date: /home/ws/install/opennav_coverage_msgs/share/opennav_coverage_msgs/msg/SwathMode.msg\n'}
[0.315089] (opennav_coverage_msgs) StdoutLine: {'line': b'-- Up-to-date: /home/ws/install/opennav_coverage_msgs/share/opennav_coverage_msgs/msg/RowSwathMode.msg\n'}
[0.315289] (opennav_coverage_msgs) StdoutLine: {'line': b'-- Up-to-date: /home/ws/install/opennav_coverage_msgs/share/opennav_coverage_msgs/msg/RouteMode.msg\n'}
[0.315358] (opennav_coverage_msgs) StdoutLine: {'line': b'-- Up-to-date: /home/ws/install/opennav_coverage_msgs/share/opennav_coverage_msgs/msg/PathMode.msg\n'}
[0.315403] (opennav_coverage_msgs) StdoutLine: {'line': b'-- Up-to-date: /home/ws/install/opennav_coverage_msgs/share/opennav_coverage_msgs/msg/Swath.msg\n'}
[0.315446] (opennav_coverage_msgs) StdoutLine: {'line': b'-- Up-to-date: /home/ws/install/opennav_coverage_msgs/share/opennav_coverage_msgs/msg/PathComponents.msg\n'}
[0.315490] (opennav_coverage_msgs) StdoutLine: {'line': b'-- Up-to-date: /home/ws/install/opennav_coverage_msgs/share/opennav_coverage_msgs/action/ComputeCoveragePath.action\n'}
[0.315535] (opennav_coverage_msgs) StdoutLine: {'line': b'-- Up-to-date: /home/ws/install/opennav_coverage_msgs/share/opennav_coverage_msgs/action/NavigateCompleteCoverage.action\n'}
[0.315577] (opennav_coverage_msgs) StdoutLine: {'line': b'-- Up-to-date: /home/ws/install/opennav_coverage_msgs/share/ament_index/resource_index/package_run_dependencies/opennav_coverage_msgs\n'}
[0.315619] (opennav_coverage_msgs) StdoutLine: {'line': b'-- Up-to-date: /home/ws/install/opennav_coverage_msgs/share/ament_index/resource_index/parent_prefix_path/opennav_coverage_msgs\n'}
[0.315660] (opennav_coverage_msgs) StdoutLine: {'line': b'-- Up-to-date: /home/ws/install/opennav_coverage_msgs/share/opennav_coverage_msgs/environment/ament_prefix_path.sh\n'}
[0.316707] (opennav_coverage_msgs) StdoutLine: {'line': b'-- Up-to-date: /home/ws/install/opennav_coverage_msgs/share/opennav_coverage_msgs/environment/ament_prefix_path.dsv\n'}
[0.316847] (opennav_coverage_msgs) StdoutLine: {'line': b'-- Up-to-date: /home/ws/install/opennav_coverage_msgs/share/opennav_coverage_msgs/environment/path.sh\n'}
[0.316912] (opennav_coverage_msgs) StdoutLine: {'line': b'-- Up-to-date: /home/ws/install/opennav_coverage_msgs/share/opennav_coverage_msgs/environment/path.dsv\n'}
[0.316983] (opennav_coverage_msgs) StdoutLine: {'line': b'-- Up-to-date: /home/ws/install/opennav_coverage_msgs/share/opennav_coverage_msgs/local_setup.bash\n'}
[0.317039] (opennav_coverage_msgs) StdoutLine: {'line': b'-- Up-to-date: /home/ws/install/opennav_coverage_msgs/share/opennav_coverage_msgs/local_setup.sh\n'}
[0.317102] (opennav_coverage_msgs) StdoutLine: {'line': b'-- Up-to-date: /home/ws/install/opennav_coverage_msgs/share/opennav_coverage_msgs/local_setup.zsh\n'}
[0.317166] (opennav_coverage_msgs) StdoutLine: {'line': b'-- Up-to-date: /home/ws/install/opennav_coverage_msgs/share/opennav_coverage_msgs/local_setup.dsv\n'}
[0.317222] (opennav_coverage_msgs) StdoutLine: {'line': b'-- Installing: /home/ws/install/opennav_coverage_msgs/share/opennav_coverage_msgs/package.dsv\n'}
[0.317268] (opennav_coverage_msgs) StdoutLine: {'line': b'-- Up-to-date: /home/ws/install/opennav_coverage_msgs/share/ament_index/resource_index/packages/opennav_coverage_msgs\n'}
[0.317314] (opennav_coverage_msgs) StdoutLine: {'line': b'-- Up-to-date: /home/ws/install/opennav_coverage_msgs/share/opennav_coverage_msgs/cmake/export_opennav_coverage_msgs__rosidl_generator_cExport.cmake\n'}
[0.317361] (opennav_coverage_msgs) StdoutLine: {'line': b'-- Up-to-date: /home/ws/install/opennav_coverage_msgs/share/opennav_coverage_msgs/cmake/export_opennav_coverage_msgs__rosidl_generator_cExport-noconfig.cmake\n'}
[0.317407] (opennav_coverage_msgs) StdoutLine: {'line': b'-- Up-to-date: /home/ws/install/opennav_coverage_msgs/share/opennav_coverage_msgs/cmake/export_opennav_coverage_msgs__rosidl_typesupport_fastrtps_cExport.cmake\n'}
[0.317454] (opennav_coverage_msgs) StdoutLine: {'line': b'-- Up-to-date: /home/ws/install/opennav_coverage_msgs/share/opennav_coverage_msgs/cmake/export_opennav_coverage_msgs__rosidl_typesupport_fastrtps_cExport-noconfig.cmake\n'}
[0.317500] (opennav_coverage_msgs) StdoutLine: {'line': b'-- Up-to-date: /home/ws/install/opennav_coverage_msgs/share/opennav_coverage_msgs/cmake/export_opennav_coverage_msgs__rosidl_generator_cppExport.cmake\n'}
[0.317545] (opennav_coverage_msgs) StdoutLine: {'line': b'-- Up-to-date: /home/ws/install/opennav_coverage_msgs/share/opennav_coverage_msgs/cmake/export_opennav_coverage_msgs__rosidl_typesupport_fastrtps_cppExport.cmake\n'}
[0.317591] (opennav_coverage_msgs) StdoutLine: {'line': b'-- Up-to-date: /home/ws/install/opennav_coverage_msgs/share/opennav_coverage_msgs/cmake/export_opennav_coverage_msgs__rosidl_typesupport_fastrtps_cppExport-noconfig.cmake\n'}
[0.317637] (opennav_coverage_msgs) StdoutLine: {'line': b'-- Up-to-date: /home/ws/install/opennav_coverage_msgs/share/opennav_coverage_msgs/cmake/opennav_coverage_msgs__rosidl_typesupport_introspection_cExport.cmake\n'}
[0.317686] (opennav_coverage_msgs) StdoutLine: {'line': b'-- Up-to-date: /home/ws/install/opennav_coverage_msgs/share/opennav_coverage_msgs/cmake/opennav_coverage_msgs__rosidl_typesupport_introspection_cExport-noconfig.cmake\n'}
[0.317739] (opennav_coverage_msgs) StdoutLine: {'line': b'-- Up-to-date: /home/ws/install/opennav_coverage_msgs/share/opennav_coverage_msgs/cmake/opennav_coverage_msgs__rosidl_typesupport_cExport.cmake\n'}
[0.317794] (opennav_coverage_msgs) StdoutLine: {'line': b'-- Up-to-date: /home/ws/install/opennav_coverage_msgs/share/opennav_coverage_msgs/cmake/opennav_coverage_msgs__rosidl_typesupport_cExport-noconfig.cmake\n'}
[0.317841] (opennav_coverage_msgs) StdoutLine: {'line': b'-- Up-to-date: /home/ws/install/opennav_coverage_msgs/share/opennav_coverage_msgs/cmake/opennav_coverage_msgs__rosidl_typesupport_introspection_cppExport.cmake\n'}
[0.317887] (opennav_coverage_msgs) StdoutLine: {'line': b'-- Up-to-date: /home/ws/install/opennav_coverage_msgs/share/opennav_coverage_msgs/cmake/opennav_coverage_msgs__rosidl_typesupport_introspection_cppExport-noconfig.cmake\n'}
[0.317932] (opennav_coverage_msgs) StdoutLine: {'line': b'-- Up-to-date: /home/ws/install/opennav_coverage_msgs/share/opennav_coverage_msgs/cmake/opennav_coverage_msgs__rosidl_typesupport_cppExport.cmake\n'}
[0.317977] (opennav_coverage_msgs) StdoutLine: {'line': b'-- Up-to-date: /home/ws/install/opennav_coverage_msgs/share/opennav_coverage_msgs/cmake/opennav_coverage_msgs__rosidl_typesupport_cppExport-noconfig.cmake\n'}
[0.318025] (opennav_coverage_msgs) StdoutLine: {'line': b'-- Up-to-date: /home/ws/install/opennav_coverage_msgs/share/opennav_coverage_msgs/cmake/export_opennav_coverage_msgs__rosidl_generator_pyExport.cmake\n'}
[0.318070] (opennav_coverage_msgs) StdoutLine: {'line': b'-- Up-to-date: /home/ws/install/opennav_coverage_msgs/share/opennav_coverage_msgs/cmake/export_opennav_coverage_msgs__rosidl_generator_pyExport-noconfig.cmake\n'}
[0.318115] (opennav_coverage_msgs) StdoutLine: {'line': b'-- Up-to-date: /home/ws/install/opennav_coverage_msgs/share/opennav_coverage_msgs/cmake/rosidl_cmake-extras.cmake\n'}
[0.318161] (opennav_coverage_msgs) StdoutLine: {'line': b'-- Up-to-date: /home/ws/install/opennav_coverage_msgs/share/opennav_coverage_msgs/cmake/ament_cmake_export_dependencies-extras.cmake\n'}
[0.318208] (opennav_coverage_msgs) StdoutLine: {'line': b'-- Up-to-date: /home/ws/install/opennav_coverage_msgs/share/opennav_coverage_msgs/cmake/ament_cmake_export_include_directories-extras.cmake\n'}
[0.318254] (opennav_coverage_msgs) StdoutLine: {'line': b'-- Up-to-date: /home/ws/install/opennav_coverage_msgs/share/opennav_coverage_msgs/cmake/ament_cmake_export_libraries-extras.cmake\n'}
[0.318301] (opennav_coverage_msgs) StdoutLine: {'line': b'-- Up-to-date: /home/ws/install/opennav_coverage_msgs/share/opennav_coverage_msgs/cmake/ament_cmake_export_targets-extras.cmake\n'}
[0.318347] (opennav_coverage_msgs) StdoutLine: {'line': b'-- Up-to-date: /home/ws/install/opennav_coverage_msgs/share/opennav_coverage_msgs/cmake/rosidl_cmake_export_typesupport_targets-extras.cmake\n'}
[0.318390] (opennav_coverage_msgs) StdoutLine: {'line': b'-- Up-to-date: /home/ws/install/opennav_coverage_msgs/share/opennav_coverage_msgs/cmake/rosidl_cmake_export_typesupport_libraries-extras.cmake\n'}
[0.318434] (opennav_coverage_msgs) StdoutLine: {'line': b'-- Up-to-date: /home/ws/install/opennav_coverage_msgs/share/opennav_coverage_msgs/cmake/opennav_coverage_msgsConfig.cmake\n'}
[0.318479] (opennav_coverage_msgs) StdoutLine: {'line': b'-- Up-to-date: /home/ws/install/opennav_coverage_msgs/share/opennav_coverage_msgs/cmake/opennav_coverage_msgsConfig-version.cmake\n'}
[0.318524] (opennav_coverage_msgs) StdoutLine: {'line': b'-- Up-to-date: /home/ws/install/opennav_coverage_msgs/share/opennav_coverage_msgs/package.xml\n'}
[0.318956] (opennav_coverage_msgs) CommandEnded: {'returncode': 0}
[0.330865] (opennav_coverage_msgs) JobEnded: {'identifier': 'opennav_coverage_msgs', 'rc': 0}
[0.331347] (opennav_coverage) JobStarted: {'identifier': 'opennav_coverage'}
[0.334049] (opennav_coverage_bt) JobStarted: {'identifier': 'opennav_coverage_bt'}
[0.339177] (opennav_coverage) JobProgress: {'identifier': 'opennav_coverage', 'progress': 'cmake'}
[0.339491] (opennav_coverage) JobProgress: {'identifier': 'opennav_coverage', 'progress': 'build'}
[0.339796] (opennav_coverage) Command: {'cmd': ['/usr/bin/cmake', '--build', '/home/ws/build/opennav_coverage', '--', '-j12', '-l12'], 'cwd': '/home/ws/build/opennav_coverage', 'env': OrderedDict({'GZ_SIM_RESOURCE_PATH': '/opt/ros/jazzy/share', 'GZ_CONFIG_PATH': '/opt/ros/jazzy/opt/gz_sim_vendor/share/gz:/opt/ros/jazzy/opt/sdformat_vendor/share/gz:/opt/ros/jazzy/opt/gz_gui_vendor/share/gz:/opt/ros/jazzy/opt/gz_transport_vendor/share/gz:/opt/ros/jazzy/opt/gz_rendering_vendor/share/gz:/opt/ros/jazzy/opt/gz_plugin_vendor/share/gz:/opt/ros/jazzy/opt/gz_fuel_tools_vendor/share/gz:/opt/ros/jazzy/opt/gz_msgs_vendor/share/gz:/opt/ros/jazzy/opt/gz_common_vendor/share/gz', 'HOSTNAME': 'robotik-MS-7E27', 'GIT_ASKPASS': '/vscode/vscode-server/bin/linux-x64/0f0d87fa9e96c856c5212fc86db137ac0d783365/extensions/git/dist/askpass.sh', 'SHLVL': '2', 'LD_LIBRARY_PATH': '/home/ws/install/opennav_coverage_msgs/lib:/home/ws/install/fields2cover/lib:/home/ws/install/opennav_row_coverage/lib:/home/ws/install/opennav_coverage_navigator/lib:/home/ws/install/opennav_coverage_bt/lib:/home/ws/install/opennav_coverage/lib:/opt/ros/jazzy/opt/gz_sim_vendor/lib:/opt/ros/jazzy/opt/gz_sensors_vendor/lib:/opt/ros/jazzy/opt/gz_physics_vendor/lib:/opt/ros/jazzy/opt/sdformat_vendor/lib:/opt/ros/jazzy/opt/rviz_ogre_vendor/lib:/opt/ros/jazzy/lib/x86_64-linux-gnu:/opt/ros/jazzy/opt/gz_gui_vendor/lib:/opt/ros/jazzy/opt/gz_transport_vendor/lib:/opt/ros/jazzy/opt/gz_rendering_vendor/lib:/opt/ros/jazzy/opt/gz_plugin_vendor/lib:/opt/ros/jazzy/opt/gz_fuel_tools_vendor/lib:/opt/ros/jazzy/opt/gz_msgs_vendor/lib:/opt/ros/jazzy/opt/gz_common_vendor/lib:/opt/ros/jazzy/opt/gz_math_vendor/lib:/opt/ros/jazzy/opt/gz_utils_vendor/lib:/opt/ros/jazzy/opt/gz_tools_vendor/lib:/opt/ros/jazzy/opt/gz_ogre_next_vendor/lib:/opt/ros/jazzy/opt/gz_dartsim_vendor/lib:/opt/ros/jazzy/opt/gz_cmake_vendor/lib:/opt/ros/jazzy/lib', 'BROWSER': '/vscode/vscode-server/bin/linux-x64/0f0d87fa9e96c856c5212fc86db137ac0d783365/bin/helpers/browser.sh', 'HOME': '/home/robotik', 'TERM_PROGRAM_VERSION': '1.104.1', 'VSCODE_IPC_HOOK_CLI': '/tmp/vscode-ipc-05d4a918-3f54-4c4e-aa49-337cf9faf132.sock', 'ROS_PYTHON_VERSION': '3', 'VSCODE_GIT_ASKPASS_MAIN': '/vscode/vscode-server/bin/linux-x64/0f0d87fa9e96c856c5212fc86db137ac0d783365/extensions/git/dist/askpass-main.js', 'VSCODE_GIT_ASKPASS_NODE': '/vscode/vscode-server/bin/linux-x64/0f0d87fa9e96c856c5212fc86db137ac0d783365/node', 'VSCODE_PYTHON_AUTOACTIVATE_GUARD': '1', 'COLORTERM': 'truecolor', 'REMOTE_CONTAINERS': 'true', 'COLCON_PREFIX_PATH': '/home/ws/install', 'ROS_DISTRO': 'jazzy', 'REMOTE_CONTAINERS_IPC': '/tmp/vscode-remote-containers-ipc-d0d67ee2-8b23-4d00-87f0-ed667bc59202.sock', '_': '/usr/bin/colcon', 'ROS_VERSION': '2', 'PKG_CONFIG_PATH': '/home/ws/install/fields2cover/lib/x86_64-linux-gnu/pkgconfig:/home/ws/install/fields2cover/lib/pkgconfig', 'TERM': 'xterm-256color', 'ROS_LOCALHOST_ONLY': '1', 'QT_X11_NO_MITSHM': '1', 'PATH': '/vscode/vscode-server/bin/linux-x64/0f0d87fa9e96c856c5212fc86db137ac0d783365/bin/remote-cli:/opt/ros/jazzy/opt/gz_msgs_vendor/bin:/opt/ros/jazzy/opt/gz_tools_vendor/bin:/opt/ros/jazzy/opt/gz_ogre_next_vendor/bin:/opt/ros/jazzy/bin:/usr/local/sbin:/usr/local/bin:/usr/sbin:/usr/bin:/sbin:/bin', 'REMOTE_CONTAINERS_SOCKETS': '["/tmp/vscode-ssh-auth-d0d67ee2-8b23-4d00-87f0-ed667bc59202.sock","/home/robotik/.gnupg/S.gpg-agent"]', 'DISPLAY': ':1', 'LANG': 'C.UTF-8', 'LS_COLORS': 'rs=0:di=01;34:ln=01;36:mh=00:pi=40;33:so=01;35:do=01;35:bd=40;33;01:cd=40;33;01:or=40;31;01:mi=00:su=37;41:sg=30;43:ca=00:tw=30;42:ow=34;42:st=37;44:ex=01;32:*.tar=01;31:*.tgz=01;31:*.arc=01;31:*.arj=01;31:*.taz=01;31:*.lha=01;31:*.lz4=01;31:*.lzh=01;31:*.lzma=01;31:*.tlz=01;31:*.txz=01;31:*.tzo=01;31:*.t7z=01;31:*.zip=01;31:*.z=01;31:*.dz=01;31:*.gz=01;31:*.lrz=01;31:*.lz=01;31:*.lzo=01;31:*.xz=01;31:*.zst=01;31:*.tzst=01;31:*.bz2=01;31:*.bz=01;31:*.tbz=01;31:*.tbz2=01;31:*.tz=01;31:*.deb=01;31:*.rpm=01;31:*.jar=01;31:*.war=01;31:*.ear=01;31:*.sar=01;31:*.rar=01;31:*.alz=01;31:*.ace=01;31:*.zoo=01;31:*.cpio=01;31:*.7z=01;31:*.rz=01;31:*.cab=01;31:*.wim=01;31:*.swm=01;31:*.dwm=01;31:*.esd=01;31:*.avif=01;35:*.jpg=01;35:*.jpeg=01;35:*.mjpg=01;35:*.mjpeg=01;35:*.gif=01;35:*.bmp=01;35:*.pbm=01;35:*.pgm=01;35:*.ppm=01;35:*.tga=01;35:*.xbm=01;35:*.xpm=01;35:*.tif=01;35:*.tiff=01;35:*.png=01;35:*.svg=01;35:*.svgz=01;35:*.mng=01;35:*.pcx=01;35:*.mov=01;35:*.mpg=01;35:*.mpeg=01;35:*.m2v=01;35:*.mkv=01;35:*.webm=01;35:*.webp=01;35:*.ogm=01;35:*.mp4=01;35:*.m4v=01;35:*.mp4v=01;35:*.vob=01;35:*.qt=01;35:*.nuv=01;35:*.wmv=01;35:*.asf=01;35:*.rm=01;35:*.rmvb=01;35:*.flc=01;35:*.avi=01;35:*.fli=01;35:*.flv=01;35:*.gl=01;35:*.dl=01;35:*.xcf=01;35:*.xwd=01;35:*.yuv=01;35:*.cgm=01;35:*.emf=01;35:*.ogv=01;35:*.ogx=01;35:*.aac=00;36:*.au=00;36:*.flac=00;36:*.m4a=00;36:*.mid=00;36:*.midi=00;36:*.mka=00;36:*.mp3=00;36:*.mpc=00;36:*.ogg=00;36:*.ra=00;36:*.wav=00;36:*.oga=00;36:*.opus=00;36:*.spx=00;36:*.xspf=00;36:*~=00;90:*#=00;90:*.bak=00;90:*.crdownload=00;90:*.dpkg-dist=00;90:*.dpkg-new=00;90:*.dpkg-old=00;90:*.dpkg-tmp=00;90:*.old=00;90:*.orig=00;90:*.part=00;90:*.rej=00;90:*.rpmnew=00;90:*.rpmorig=00;90:*.rpmsave=00;90:*.swp=00;90:*.tmp=00;90:*.ucf-dist=00;90:*.ucf-new=00;90:*.ucf-old=00;90:', 'VSCODE_GIT_IPC_HANDLE': '/tmp/vscode-git-097b13c4b4.sock', 'TERM_PROGRAM': 'vscode', 'SSH_AUTH_SOCK': '/tmp/vscode-ssh-auth-d0d67ee2-8b23-4d00-87f0-ed667bc59202.sock', 'ROS_DOMAIN_ID': '42', 'AMENT_PREFIX_PATH': '/home/ws/install/temizlik_navigation:/home/ws/install/opennav_coverage_demo:/home/ws/install/opennav_row_coverage:/home/ws/install/opennav_coverage_navigator:/home/ws/install/opennav_coverage_bt:/home/ws/install/opennav_coverage:/home/ws/install/opennav_coverage_msgs:/opt/ros/jazzy', 'SHELL': '/bin/bash', 'ROS_AUTOMATIC_DISCOVERY_RANGE': 'SUBNET', 'VSCODE_GIT_ASKPASS_EXTRA_ARGS': '', 'PWD': '/home/ws/build/opennav_coverage', 'TURTLEBOT3_MODEL': 'burger', 'LC_ALL': 'C.UTF-8', 'PYTHONPATH': '/home/ws/install/opennav_coverage_msgs/lib/python3.12/site-packages:/home/ws/install/opennav_coverage_demo/lib/python3.12/site-packages:/opt/ros/jazzy/lib/python3.12/site-packages', 'COLCON': '1', 'CMAKE_PREFIX_PATH': '/home/ws/install/opennav_coverage_msgs:/home/ws/install/fields2cover:/home/ws/install/temizlik_navigation:/home/ws/install/opennav_row_coverage:/home/ws/install/opennav_coverage_navigator:/home/ws/install/opennav_coverage_bt:/home/ws/install/opennav_coverage:/opt/ros/jazzy/opt/gz_sim_vendor:/opt/ros/jazzy/opt/gz_sensors_vendor:/opt/ros/jazzy/opt/gz_physics_vendor:/opt/ros/jazzy/opt/sdformat_vendor:/opt/ros/jazzy/opt/gz_gui_vendor:/opt/ros/jazzy/opt/gz_transport_vendor:/opt/ros/jazzy/opt/gz_rendering_vendor:/opt/ros/jazzy/opt/gz_plugin_vendor:/opt/ros/jazzy/opt/gz_fuel_tools_vendor:/opt/ros/jazzy/opt/gz_msgs_vendor:/opt/ros/jazzy/opt/gz_common_vendor:/opt/ros/jazzy/opt/gz_math_vendor:/opt/ros/jazzy/opt/gz_utils_vendor:/opt/ros/jazzy/opt/gz_tools_vendor:/opt/ros/jazzy/opt/gz_ogre_next_vendor:/opt/ros/jazzy/opt/gz_dartsim_vendor:/opt/ros/jazzy/opt/gz_cmake_vendor:/home/ws/install/opennav_coverage_demo:/opt/ros/jazzy'}), 'shell': False}
[0.340962] (opennav_coverage_bt) JobProgress: {'identifier': 'opennav_coverage_bt', 'progress': 'cmake'}
[0.341300] (opennav_coverage_bt) JobProgress: {'identifier': 'opennav_coverage_bt', 'progress': 'build'}
[0.341510] (opennav_coverage_bt) Command: {'cmd': ['/usr/bin/cmake', '--build', '/home/ws/build/opennav_coverage_bt', '--', '-j12', '-l12'], 'cwd': '/home/ws/build/opennav_coverage_bt', 'env': OrderedDict({'GZ_SIM_RESOURCE_PATH': '/opt/ros/jazzy/share', 'GZ_CONFIG_PATH': '/opt/ros/jazzy/opt/gz_sim_vendor/share/gz:/opt/ros/jazzy/opt/sdformat_vendor/share/gz:/opt/ros/jazzy/opt/gz_gui_vendor/share/gz:/opt/ros/jazzy/opt/gz_transport_vendor/share/gz:/opt/ros/jazzy/opt/gz_rendering_vendor/share/gz:/opt/ros/jazzy/opt/gz_plugin_vendor/share/gz:/opt/ros/jazzy/opt/gz_fuel_tools_vendor/share/gz:/opt/ros/jazzy/opt/gz_msgs_vendor/share/gz:/opt/ros/jazzy/opt/gz_common_vendor/share/gz', 'HOSTNAME': 'robotik-MS-7E27', 'GIT_ASKPASS': '/vscode/vscode-server/bin/linux-x64/0f0d87fa9e96c856c5212fc86db137ac0d783365/extensions/git/dist/askpass.sh', 'SHLVL': '2', 'LD_LIBRARY_PATH': '/home/ws/install/opennav_coverage_msgs/lib:/home/ws/install/opennav_row_coverage/lib:/home/ws/install/opennav_coverage_navigator/lib:/home/ws/install/opennav_coverage_bt/lib:/home/ws/install/opennav_coverage/lib:/home/ws/install/fields2cover/lib:/opt/ros/jazzy/opt/gz_sim_vendor/lib:/opt/ros/jazzy/opt/gz_sensors_vendor/lib:/opt/ros/jazzy/opt/gz_physics_vendor/lib:/opt/ros/jazzy/opt/sdformat_vendor/lib:/opt/ros/jazzy/opt/rviz_ogre_vendor/lib:/opt/ros/jazzy/lib/x86_64-linux-gnu:/opt/ros/jazzy/opt/gz_gui_vendor/lib:/opt/ros/jazzy/opt/gz_transport_vendor/lib:/opt/ros/jazzy/opt/gz_rendering_vendor/lib:/opt/ros/jazzy/opt/gz_plugin_vendor/lib:/opt/ros/jazzy/opt/gz_fuel_tools_vendor/lib:/opt/ros/jazzy/opt/gz_msgs_vendor/lib:/opt/ros/jazzy/opt/gz_common_vendor/lib:/opt/ros/jazzy/opt/gz_math_vendor/lib:/opt/ros/jazzy/opt/gz_utils_vendor/lib:/opt/ros/jazzy/opt/gz_tools_vendor/lib:/opt/ros/jazzy/opt/gz_ogre_next_vendor/lib:/opt/ros/jazzy/opt/gz_dartsim_vendor/lib:/opt/ros/jazzy/opt/gz_cmake_vendor/lib:/opt/ros/jazzy/lib', 'BROWSER': '/vscode/vscode-server/bin/linux-x64/0f0d87fa9e96c856c5212fc86db137ac0d783365/bin/helpers/browser.sh', 'HOME': '/home/robotik', 'TERM_PROGRAM_VERSION': '1.104.1', 'VSCODE_IPC_HOOK_CLI': '/tmp/vscode-ipc-05d4a918-3f54-4c4e-aa49-337cf9faf132.sock', 'ROS_PYTHON_VERSION': '3', 'VSCODE_GIT_ASKPASS_MAIN': '/vscode/vscode-server/bin/linux-x64/0f0d87fa9e96c856c5212fc86db137ac0d783365/extensions/git/dist/askpass-main.js', 'VSCODE_GIT_ASKPASS_NODE': '/vscode/vscode-server/bin/linux-x64/0f0d87fa9e96c856c5212fc86db137ac0d783365/node', 'VSCODE_PYTHON_AUTOACTIVATE_GUARD': '1', 'COLORTERM': 'truecolor', 'REMOTE_CONTAINERS': 'true', 'COLCON_PREFIX_PATH': '/home/ws/install', 'ROS_DISTRO': 'jazzy', 'REMOTE_CONTAINERS_IPC': '/tmp/vscode-remote-containers-ipc-d0d67ee2-8b23-4d00-87f0-ed667bc59202.sock', '_': '/usr/bin/colcon', 'ROS_VERSION': '2', 'PKG_CONFIG_PATH': '/home/ws/install/fields2cover/lib/x86_64-linux-gnu/pkgconfig:/home/ws/install/fields2cover/lib/pkgconfig', 'TERM': 'xterm-256color', 'ROS_LOCALHOST_ONLY': '1', 'QT_X11_NO_MITSHM': '1', 'PATH': '/vscode/vscode-server/bin/linux-x64/0f0d87fa9e96c856c5212fc86db137ac0d783365/bin/remote-cli:/opt/ros/jazzy/opt/gz_msgs_vendor/bin:/opt/ros/jazzy/opt/gz_tools_vendor/bin:/opt/ros/jazzy/opt/gz_ogre_next_vendor/bin:/opt/ros/jazzy/bin:/usr/local/sbin:/usr/local/bin:/usr/sbin:/usr/bin:/sbin:/bin', 'REMOTE_CONTAINERS_SOCKETS': '["/tmp/vscode-ssh-auth-d0d67ee2-8b23-4d00-87f0-ed667bc59202.sock","/home/robotik/.gnupg/S.gpg-agent"]', 'DISPLAY': ':1', 'LANG': 'C.UTF-8', 'LS_COLORS': 'rs=0:di=01;34:ln=01;36:mh=00:pi=40;33:so=01;35:do=01;35:bd=40;33;01:cd=40;33;01:or=40;31;01:mi=00:su=37;41:sg=30;43:ca=00:tw=30;42:ow=34;42:st=37;44:ex=01;32:*.tar=01;31:*.tgz=01;31:*.arc=01;31:*.arj=01;31:*.taz=01;31:*.lha=01;31:*.lz4=01;31:*.lzh=01;31:*.lzma=01;31:*.tlz=01;31:*.txz=01;31:*.tzo=01;31:*.t7z=01;31:*.zip=01;31:*.z=01;31:*.dz=01;31:*.gz=01;31:*.lrz=01;31:*.lz=01;31:*.lzo=01;31:*.xz=01;31:*.zst=01;31:*.tzst=01;31:*.bz2=01;31:*.bz=01;31:*.tbz=01;31:*.tbz2=01;31:*.tz=01;31:*.deb=01;31:*.rpm=01;31:*.jar=01;31:*.war=01;31:*.ear=01;31:*.sar=01;31:*.rar=01;31:*.alz=01;31:*.ace=01;31:*.zoo=01;31:*.cpio=01;31:*.7z=01;31:*.rz=01;31:*.cab=01;31:*.wim=01;31:*.swm=01;31:*.dwm=01;31:*.esd=01;31:*.avif=01;35:*.jpg=01;35:*.jpeg=01;35:*.mjpg=01;35:*.mjpeg=01;35:*.gif=01;35:*.bmp=01;35:*.pbm=01;35:*.pgm=01;35:*.ppm=01;35:*.tga=01;35:*.xbm=01;35:*.xpm=01;35:*.tif=01;35:*.tiff=01;35:*.png=01;35:*.svg=01;35:*.svgz=01;35:*.mng=01;35:*.pcx=01;35:*.mov=01;35:*.mpg=01;35:*.mpeg=01;35:*.m2v=01;35:*.mkv=01;35:*.webm=01;35:*.webp=01;35:*.ogm=01;35:*.mp4=01;35:*.m4v=01;35:*.mp4v=01;35:*.vob=01;35:*.qt=01;35:*.nuv=01;35:*.wmv=01;35:*.asf=01;35:*.rm=01;35:*.rmvb=01;35:*.flc=01;35:*.avi=01;35:*.fli=01;35:*.flv=01;35:*.gl=01;35:*.dl=01;35:*.xcf=01;35:*.xwd=01;35:*.yuv=01;35:*.cgm=01;35:*.emf=01;35:*.ogv=01;35:*.ogx=01;35:*.aac=00;36:*.au=00;36:*.flac=00;36:*.m4a=00;36:*.mid=00;36:*.midi=00;36:*.mka=00;36:*.mp3=00;36:*.mpc=00;36:*.ogg=00;36:*.ra=00;36:*.wav=00;36:*.oga=00;36:*.opus=00;36:*.spx=00;36:*.xspf=00;36:*~=00;90:*#=00;90:*.bak=00;90:*.crdownload=00;90:*.dpkg-dist=00;90:*.dpkg-new=00;90:*.dpkg-old=00;90:*.dpkg-tmp=00;90:*.old=00;90:*.orig=00;90:*.part=00;90:*.rej=00;90:*.rpmnew=00;90:*.rpmorig=00;90:*.rpmsave=00;90:*.swp=00;90:*.tmp=00;90:*.ucf-dist=00;90:*.ucf-new=00;90:*.ucf-old=00;90:', 'VSCODE_GIT_IPC_HANDLE': '/tmp/vscode-git-097b13c4b4.sock', 'TERM_PROGRAM': 'vscode', 'SSH_AUTH_SOCK': '/tmp/vscode-ssh-auth-d0d67ee2-8b23-4d00-87f0-ed667bc59202.sock', 'ROS_DOMAIN_ID': '42', 'AMENT_PREFIX_PATH': '/home/ws/install/temizlik_navigation:/home/ws/install/opennav_coverage_demo:/home/ws/install/opennav_row_coverage:/home/ws/install/opennav_coverage_navigator:/home/ws/install/opennav_coverage_bt:/home/ws/install/opennav_coverage:/home/ws/install/opennav_coverage_msgs:/opt/ros/jazzy', 'SHELL': '/bin/bash', 'ROS_AUTOMATIC_DISCOVERY_RANGE': 'SUBNET', 'VSCODE_GIT_ASKPASS_EXTRA_ARGS': '', 'PWD': '/home/ws/build/opennav_coverage_bt', 'TURTLEBOT3_MODEL': 'burger', 'LC_ALL': 'C.UTF-8', 'PYTHONPATH': '/home/ws/install/opennav_coverage_msgs/lib/python3.12/site-packages:/home/ws/install/opennav_coverage_demo/lib/python3.12/site-packages:/opt/ros/jazzy/lib/python3.12/site-packages', 'COLCON': '1', 'CMAKE_PREFIX_PATH': '/home/ws/install/opennav_coverage_msgs:/home/ws/install/temizlik_navigation:/home/ws/install/opennav_row_coverage:/home/ws/install/opennav_coverage_navigator:/home/ws/install/opennav_coverage_bt:/home/ws/install/opennav_coverage:/home/ws/install/fields2cover:/opt/ros/jazzy/opt/gz_sim_vendor:/opt/ros/jazzy/opt/gz_sensors_vendor:/opt/ros/jazzy/opt/gz_physics_vendor:/opt/ros/jazzy/opt/sdformat_vendor:/opt/ros/jazzy/opt/gz_gui_vendor:/opt/ros/jazzy/opt/gz_transport_vendor:/opt/ros/jazzy/opt/gz_rendering_vendor:/opt/ros/jazzy/opt/gz_plugin_vendor:/opt/ros/jazzy/opt/gz_fuel_tools_vendor:/opt/ros/jazzy/opt/gz_msgs_vendor:/opt/ros/jazzy/opt/gz_common_vendor:/opt/ros/jazzy/opt/gz_math_vendor:/opt/ros/jazzy/opt/gz_utils_vendor:/opt/ros/jazzy/opt/gz_tools_vendor:/opt/ros/jazzy/opt/gz_ogre_next_vendor:/opt/ros/jazzy/opt/gz_dartsim_vendor:/opt/ros/jazzy/opt/gz_cmake_vendor:/home/ws/install/opennav_coverage_demo:/opt/ros/jazzy'}), 'shell': False}
[0.395693] (opennav_coverage) StdoutLine: {'line': b'[  6%] Built target gtest\n'}
[0.395918] (opennav_coverage) StdoutLine: {'line': b'[ 13%] Built target gtest_main\n'}
[0.396506] (opennav_coverage_bt) StdoutLine: {'line': b'[ 16%] Built target gtest_main\n'}
[0.397444] (opennav_coverage_bt) StdoutLine: {'line': b'[ 33%] Built target gtest\n'}
[0.400171] (-) TimerEvent: {}
[0.402062] (opennav_coverage_bt) StdoutLine: {'line': b'[ 58%] Built target opennav_compute_complete_coverage_action_bt_node\n'}
[0.402205] (opennav_coverage_bt) StdoutLine: {'line': b'[ 66%] Built target opennav_cancel_complete_coverage_action_bt_node\n'}
[0.415554] (opennav_coverage) StdoutLine: {'line': b'[ 37%] Built target opennav_coverage_core\n'}
[0.433755] (opennav_coverage_bt) StdoutLine: {'line': b'[ 83%] Built target test_compute_coverage_path\n'}
[0.439248] (opennav_coverage_bt) StdoutLine: {'line': b'[100%] Built target test_cancel_complete_coverage\n'}
[0.452526] (opennav_coverage_bt) CommandEnded: {'returncode': 0}
[0.453126] (opennav_coverage) StdoutLine: {'line': b'[ 48%] Built target opennav_coverage\n'}
[0.453544] (opennav_coverage) StdoutLine: {'line': b'[ 51%] Built target test_swath\n'}
[0.453775] (opennav_coverage) StdoutLine: {'line': b'[ 58%] Built target test_utils\n'}
[0.454003] (opennav_coverage) StdoutLine: {'line': b'[ 65%] Built target test_robot\n'}
[0.454103] (opennav_coverage_bt) JobProgress: {'identifier': 'opennav_coverage_bt', 'progress': 'install'}
[0.454117] (opennav_coverage_bt) Command: {'cmd': ['/usr/bin/cmake', '--install', '/home/ws/build/opennav_coverage_bt'], 'cwd': '/home/ws/build/opennav_coverage_bt', 'env': OrderedDict({'GZ_SIM_RESOURCE_PATH': '/opt/ros/jazzy/share', 'GZ_CONFIG_PATH': '/opt/ros/jazzy/opt/gz_sim_vendor/share/gz:/opt/ros/jazzy/opt/sdformat_vendor/share/gz:/opt/ros/jazzy/opt/gz_gui_vendor/share/gz:/opt/ros/jazzy/opt/gz_transport_vendor/share/gz:/opt/ros/jazzy/opt/gz_rendering_vendor/share/gz:/opt/ros/jazzy/opt/gz_plugin_vendor/share/gz:/opt/ros/jazzy/opt/gz_fuel_tools_vendor/share/gz:/opt/ros/jazzy/opt/gz_msgs_vendor/share/gz:/opt/ros/jazzy/opt/gz_common_vendor/share/gz', 'HOSTNAME': 'robotik-MS-7E27', 'GIT_ASKPASS': '/vscode/vscode-server/bin/linux-x64/0f0d87fa9e96c856c5212fc86db137ac0d783365/extensions/git/dist/askpass.sh', 'SHLVL': '2', 'LD_LIBRARY_PATH': '/home/ws/install/opennav_coverage_msgs/lib:/home/ws/install/opennav_row_coverage/lib:/home/ws/install/opennav_coverage_navigator/lib:/home/ws/install/opennav_coverage_bt/lib:/home/ws/install/opennav_coverage/lib:/home/ws/install/fields2cover/lib:/opt/ros/jazzy/opt/gz_sim_vendor/lib:/opt/ros/jazzy/opt/gz_sensors_vendor/lib:/opt/ros/jazzy/opt/gz_physics_vendor/lib:/opt/ros/jazzy/opt/sdformat_vendor/lib:/opt/ros/jazzy/opt/rviz_ogre_vendor/lib:/opt/ros/jazzy/lib/x86_64-linux-gnu:/opt/ros/jazzy/opt/gz_gui_vendor/lib:/opt/ros/jazzy/opt/gz_transport_vendor/lib:/opt/ros/jazzy/opt/gz_rendering_vendor/lib:/opt/ros/jazzy/opt/gz_plugin_vendor/lib:/opt/ros/jazzy/opt/gz_fuel_tools_vendor/lib:/opt/ros/jazzy/opt/gz_msgs_vendor/lib:/opt/ros/jazzy/opt/gz_common_vendor/lib:/opt/ros/jazzy/opt/gz_math_vendor/lib:/opt/ros/jazzy/opt/gz_utils_vendor/lib:/opt/ros/jazzy/opt/gz_tools_vendor/lib:/opt/ros/jazzy/opt/gz_ogre_next_vendor/lib:/opt/ros/jazzy/opt/gz_dartsim_vendor/lib:/opt/ros/jazzy/opt/gz_cmake_vendor/lib:/opt/ros/jazzy/lib', 'BROWSER': '/vscode/vscode-server/bin/linux-x64/0f0d87fa9e96c856c5212fc86db137ac0d783365/bin/helpers/browser.sh', 'HOME': '/home/robotik', 'TERM_PROGRAM_VERSION': '1.104.1', 'VSCODE_IPC_HOOK_CLI': '/tmp/vscode-ipc-05d4a918-3f54-4c4e-aa49-337cf9faf132.sock', 'ROS_PYTHON_VERSION': '3', 'VSCODE_GIT_ASKPASS_MAIN': '/vscode/vscode-server/bin/linux-x64/0f0d87fa9e96c856c5212fc86db137ac0d783365/extensions/git/dist/askpass-main.js', 'VSCODE_GIT_ASKPASS_NODE': '/vscode/vscode-server/bin/linux-x64/0f0d87fa9e96c856c5212fc86db137ac0d783365/node', 'VSCODE_PYTHON_AUTOACTIVATE_GUARD': '1', 'COLORTERM': 'truecolor', 'REMOTE_CONTAINERS': 'true', 'COLCON_PREFIX_PATH': '/home/ws/install', 'ROS_DISTRO': 'jazzy', 'REMOTE_CONTAINERS_IPC': '/tmp/vscode-remote-containers-ipc-d0d67ee2-8b23-4d00-87f0-ed667bc59202.sock', '_': '/usr/bin/colcon', 'ROS_VERSION': '2', 'PKG_CONFIG_PATH': '/home/ws/install/fields2cover/lib/x86_64-linux-gnu/pkgconfig:/home/ws/install/fields2cover/lib/pkgconfig', 'TERM': 'xterm-256color', 'ROS_LOCALHOST_ONLY': '1', 'QT_X11_NO_MITSHM': '1', 'PATH': '/vscode/vscode-server/bin/linux-x64/0f0d87fa9e96c856c5212fc86db137ac0d783365/bin/remote-cli:/opt/ros/jazzy/opt/gz_msgs_vendor/bin:/opt/ros/jazzy/opt/gz_tools_vendor/bin:/opt/ros/jazzy/opt/gz_ogre_next_vendor/bin:/opt/ros/jazzy/bin:/usr/local/sbin:/usr/local/bin:/usr/sbin:/usr/bin:/sbin:/bin', 'REMOTE_CONTAINERS_SOCKETS': '["/tmp/vscode-ssh-auth-d0d67ee2-8b23-4d00-87f0-ed667bc59202.sock","/home/robotik/.gnupg/S.gpg-agent"]', 'DISPLAY': ':1', 'LANG': 'C.UTF-8', 'LS_COLORS': 'rs=0:di=01;34:ln=01;36:mh=00:pi=40;33:so=01;35:do=01;35:bd=40;33;01:cd=40;33;01:or=40;31;01:mi=00:su=37;41:sg=30;43:ca=00:tw=30;42:ow=34;42:st=37;44:ex=01;32:*.tar=01;31:*.tgz=01;31:*.arc=01;31:*.arj=01;31:*.taz=01;31:*.lha=01;31:*.lz4=01;31:*.lzh=01;31:*.lzma=01;31:*.tlz=01;31:*.txz=01;31:*.tzo=01;31:*.t7z=01;31:*.zip=01;31:*.z=01;31:*.dz=01;31:*.gz=01;31:*.lrz=01;31:*.lz=01;31:*.lzo=01;31:*.xz=01;31:*.zst=01;31:*.tzst=01;31:*.bz2=01;31:*.bz=01;31:*.tbz=01;31:*.tbz2=01;31:*.tz=01;31:*.deb=01;31:*.rpm=01;31:*.jar=01;31:*.war=01;31:*.ear=01;31:*.sar=01;31:*.rar=01;31:*.alz=01;31:*.ace=01;31:*.zoo=01;31:*.cpio=01;31:*.7z=01;31:*.rz=01;31:*.cab=01;31:*.wim=01;31:*.swm=01;31:*.dwm=01;31:*.esd=01;31:*.avif=01;35:*.jpg=01;35:*.jpeg=01;35:*.mjpg=01;35:*.mjpeg=01;35:*.gif=01;35:*.bmp=01;35:*.pbm=01;35:*.pgm=01;35:*.ppm=01;35:*.tga=01;35:*.xbm=01;35:*.xpm=01;35:*.tif=01;35:*.tiff=01;35:*.png=01;35:*.svg=01;35:*.svgz=01;35:*.mng=01;35:*.pcx=01;35:*.mov=01;35:*.mpg=01;35:*.mpeg=01;35:*.m2v=01;35:*.mkv=01;35:*.webm=01;35:*.webp=01;35:*.ogm=01;35:*.mp4=01;35:*.m4v=01;35:*.mp4v=01;35:*.vob=01;35:*.qt=01;35:*.nuv=01;35:*.wmv=01;35:*.asf=01;35:*.rm=01;35:*.rmvb=01;35:*.flc=01;35:*.avi=01;35:*.fli=01;35:*.flv=01;35:*.gl=01;35:*.dl=01;35:*.xcf=01;35:*.xwd=01;35:*.yuv=01;35:*.cgm=01;35:*.emf=01;35:*.ogv=01;35:*.ogx=01;35:*.aac=00;36:*.au=00;36:*.flac=00;36:*.m4a=00;36:*.mid=00;36:*.midi=00;36:*.mka=00;36:*.mp3=00;36:*.mpc=00;36:*.ogg=00;36:*.ra=00;36:*.wav=00;36:*.oga=00;36:*.opus=00;36:*.spx=00;36:*.xspf=00;36:*~=00;90:*#=00;90:*.bak=00;90:*.crdownload=00;90:*.dpkg-dist=00;90:*.dpkg-new=00;90:*.dpkg-old=00;90:*.dpkg-tmp=00;90:*.old=00;90:*.orig=00;90:*.part=00;90:*.rej=00;90:*.rpmnew=00;90:*.rpmorig=00;90:*.rpmsave=00;90:*.swp=00;90:*.tmp=00;90:*.ucf-dist=00;90:*.ucf-new=00;90:*.ucf-old=00;90:', 'VSCODE_GIT_IPC_HANDLE': '/tmp/vscode-git-097b13c4b4.sock', 'TERM_PROGRAM': 'vscode', 'SSH_AUTH_SOCK': '/tmp/vscode-ssh-auth-d0d67ee2-8b23-4d00-87f0-ed667bc59202.sock', 'ROS_DOMAIN_ID': '42', 'AMENT_PREFIX_PATH': '/home/ws/install/temizlik_navigation:/home/ws/install/opennav_coverage_demo:/home/ws/install/opennav_row_coverage:/home/ws/install/opennav_coverage_navigator:/home/ws/install/opennav_coverage_bt:/home/ws/install/opennav_coverage:/home/ws/install/opennav_coverage_msgs:/opt/ros/jazzy', 'SHELL': '/bin/bash', 'ROS_AUTOMATIC_DISCOVERY_RANGE': 'SUBNET', 'VSCODE_GIT_ASKPASS_EXTRA_ARGS': '', 'PWD': '/home/ws/build/opennav_coverage_bt', 'TURTLEBOT3_MODEL': 'burger', 'LC_ALL': 'C.UTF-8', 'PYTHONPATH': '/home/ws/install/opennav_coverage_msgs/lib/python3.12/site-packages:/home/ws/install/opennav_coverage_demo/lib/python3.12/site-packages:/opt/ros/jazzy/lib/python3.12/site-packages', 'COLCON': '1', 'CMAKE_PREFIX_PATH': '/home/ws/install/opennav_coverage_msgs:/home/ws/install/temizlik_navigation:/home/ws/install/opennav_row_coverage:/home/ws/install/opennav_coverage_navigator:/home/ws/install/opennav_coverage_bt:/home/ws/install/opennav_coverage:/home/ws/install/fields2cover:/opt/ros/jazzy/opt/gz_sim_vendor:/opt/ros/jazzy/opt/gz_sensors_vendor:/opt/ros/jazzy/opt/gz_physics_vendor:/opt/ros/jazzy/opt/sdformat_vendor:/opt/ros/jazzy/opt/gz_gui_vendor:/opt/ros/jazzy/opt/gz_transport_vendor:/opt/ros/jazzy/opt/gz_rendering_vendor:/opt/ros/jazzy/opt/gz_plugin_vendor:/opt/ros/jazzy/opt/gz_fuel_tools_vendor:/opt/ros/jazzy/opt/gz_msgs_vendor:/opt/ros/jazzy/opt/gz_common_vendor:/opt/ros/jazzy/opt/gz_math_vendor:/opt/ros/jazzy/opt/gz_utils_vendor:/opt/ros/jazzy/opt/gz_tools_vendor:/opt/ros/jazzy/opt/gz_ogre_next_vendor:/opt/ros/jazzy/opt/gz_dartsim_vendor:/opt/ros/jazzy/opt/gz_cmake_vendor:/home/ws/install/opennav_coverage_demo:/opt/ros/jazzy'}), 'shell': False}
[0.454295] (opennav_coverage) StdoutLine: {'line': b'[ 75%] Built target test_viz\n'}
[0.454343] (opennav_coverage) StdoutLine: {'line': b'[ 79%] Built target test_headland\n'}
[0.455486] (opennav_coverage) StdoutLine: {'line': b'[ 86%] Built target test_route\n'}
[0.455917] (opennav_coverage) StdoutLine: {'line': b'[ 93%] Built target test_path\n'}
[0.456628] (opennav_coverage) StdoutLine: {'line': b'[100%] Built target test_server\n'}
[0.460427] (opennav_coverage_bt) StdoutLine: {'line': b'-- Install configuration: ""\n'}
[0.460570] (opennav_coverage_bt) StdoutLine: {'line': b'-- Up-to-date: /home/ws/install/opennav_coverage_bt/lib/libopennav_compute_complete_coverage_action_bt_node.so\n'}
[0.460786] (opennav_coverage_bt) StdoutLine: {'line': b'-- Up-to-date: /home/ws/install/opennav_coverage_bt/lib/libopennav_cancel_complete_coverage_action_bt_node.so\n'}
[0.460888] (opennav_coverage_bt) StdoutLine: {'line': b'-- Up-to-date: /home/ws/install/opennav_coverage_bt/include/\n'}
[0.460971] (opennav_coverage_bt) StdoutLine: {'line': b'-- Up-to-date: /home/ws/install/opennav_coverage_bt/include//opennav_coverage_bt\n'}
[0.461045] (opennav_coverage_bt) StdoutLine: {'line': b'-- Up-to-date: /home/ws/install/opennav_coverage_bt/include//opennav_coverage_bt/compute_complete_coverage_path.hpp\n'}
[0.461127] (opennav_coverage_bt) StdoutLine: {'line': b'-- Up-to-date: /home/ws/install/opennav_coverage_bt/include//opennav_coverage_bt/utils.hpp\n'}
[0.461203] (opennav_coverage_bt) StdoutLine: {'line': b'-- Up-to-date: /home/ws/install/opennav_coverage_bt/include//opennav_coverage_bt/cancel_complete_coverage_path.hpp\n'}
[0.461269] (opennav_coverage_bt) StdoutLine: {'line': b'-- Up-to-date: /home/ws/install/opennav_coverage_bt/share/opennav_coverage_bt/behavior_trees\n'}
[0.461351] (opennav_coverage_bt) StdoutLine: {'line': b'-- Up-to-date: /home/ws/install/opennav_coverage_bt/share/opennav_coverage_bt/behavior_trees/navigate_w_basic_row_complete_coverage.xml\n'}
[0.461425] (opennav_coverage_bt) StdoutLine: {'line': b'-- Up-to-date: /home/ws/install/opennav_coverage_bt/share/opennav_coverage_bt/behavior_trees/navigate_w_basic_complete_coverage_nav_to_start.xml\n'}
[0.461478] (opennav_coverage_bt) StdoutLine: {'line': b'-- Up-to-date: /home/ws/install/opennav_coverage_bt/share/opennav_coverage_bt/behavior_trees/navigate_w_basic_complete_coverage.xml\n'}
[0.461563] (opennav_coverage_bt) StdoutLine: {'line': b'-- Up-to-date: /home/ws/install/opennav_coverage_bt/share/opennav_coverage_bt/environment/library_path.sh\n'}
[0.461634] (opennav_coverage_bt) StdoutLine: {'line': b'-- Up-to-date: /home/ws/install/opennav_coverage_bt/share/opennav_coverage_bt/environment/library_path.dsv\n'}
[0.461772] (opennav_coverage_bt) StdoutLine: {'line': b'-- Up-to-date: /home/ws/install/opennav_coverage_bt/share/ament_index/resource_index/package_run_dependencies/opennav_coverage_bt\n'}
[0.461819] (opennav_coverage_bt) StdoutLine: {'line': b'-- Up-to-date: /home/ws/install/opennav_coverage_bt/share/ament_index/resource_index/parent_prefix_path/opennav_coverage_bt\n'}
[0.461865] (opennav_coverage_bt) StdoutLine: {'line': b'-- Up-to-date: /home/ws/install/opennav_coverage_bt/share/opennav_coverage_bt/environment/ament_prefix_path.sh\n'}
[0.461931] (opennav_coverage_bt) StdoutLine: {'line': b'-- Up-to-date: /home/ws/install/opennav_coverage_bt/share/opennav_coverage_bt/environment/ament_prefix_path.dsv\n'}
[0.461988] (opennav_coverage_bt) StdoutLine: {'line': b'-- Up-to-date: /home/ws/install/opennav_coverage_bt/share/opennav_coverage_bt/environment/path.sh\n'}
[0.462026] (opennav_coverage_bt) StdoutLine: {'line': b'-- Up-to-date: /home/ws/install/opennav_coverage_bt/share/opennav_coverage_bt/environment/path.dsv\n'}
[0.462059] (opennav_coverage_bt) StdoutLine: {'line': b'-- Up-to-date: /home/ws/install/opennav_coverage_bt/share/opennav_coverage_bt/local_setup.bash\n'}
[0.462090] (opennav_coverage_bt) StdoutLine: {'line': b'-- Up-to-date: /home/ws/install/opennav_coverage_bt/share/opennav_coverage_bt/local_setup.sh\n'}
[0.462121] (opennav_coverage_bt) StdoutLine: {'line': b'-- Up-to-date: /home/ws/install/opennav_coverage_bt/share/opennav_coverage_bt/local_setup.zsh\n'}
[0.462152] (opennav_coverage_bt) StdoutLine: {'line': b'-- Up-to-date: /home/ws/install/opennav_coverage_bt/share/opennav_coverage_bt/local_setup.dsv\n'}
[0.462184] (opennav_coverage_bt) StdoutLine: {'line': b'-- Installing: /home/ws/install/opennav_coverage_bt/share/opennav_coverage_bt/package.dsv\n'}
[0.462215] (opennav_coverage_bt) StdoutLine: {'line': b'-- Up-to-date: /home/ws/install/opennav_coverage_bt/share/ament_index/resource_index/packages/opennav_coverage_bt\n'}
[0.462246] (opennav_coverage_bt) StdoutLine: {'line': b'-- Up-to-date: /home/ws/install/opennav_coverage_bt/share/opennav_coverage_bt/cmake/ament_cmake_export_include_directories-extras.cmake\n'}
[0.462277] (opennav_coverage_bt) StdoutLine: {'line': b'-- Up-to-date: /home/ws/install/opennav_coverage_bt/share/opennav_coverage_bt/cmake/ament_cmake_export_libraries-extras.cmake\n'}
[0.462308] (opennav_coverage_bt) StdoutLine: {'line': b'-- Up-to-date: /home/ws/install/opennav_coverage_bt/share/opennav_coverage_bt/cmake/ament_cmake_export_dependencies-extras.cmake\n'}
[0.462339] (opennav_coverage_bt) StdoutLine: {'line': b'-- Up-to-date: /home/ws/install/opennav_coverage_bt/share/opennav_coverage_bt/cmake/opennav_coverage_btConfig.cmake\n'}
[0.462371] (opennav_coverage_bt) StdoutLine: {'line': b'-- Up-to-date: /home/ws/install/opennav_coverage_bt/share/opennav_coverage_bt/cmake/opennav_coverage_btConfig-version.cmake\n'}
[0.462402] (opennav_coverage_bt) StdoutLine: {'line': b'-- Up-to-date: /home/ws/install/opennav_coverage_bt/share/opennav_coverage_bt/package.xml\n'}
[0.462817] (opennav_coverage_bt) CommandEnded: {'returncode': 0}
[0.471173] (opennav_coverage_bt) JobEnded: {'identifier': 'opennav_coverage_bt', 'rc': 0}
[0.471877] (opennav_coverage) CommandEnded: {'returncode': 0}
[0.472342] (opennav_coverage) JobProgress: {'identifier': 'opennav_coverage', 'progress': 'install'}
[0.472355] (opennav_coverage) Command: {'cmd': ['/usr/bin/cmake', '--install', '/home/ws/build/opennav_coverage'], 'cwd': '/home/ws/build/opennav_coverage', 'env': OrderedDict({'GZ_SIM_RESOURCE_PATH': '/opt/ros/jazzy/share', 'GZ_CONFIG_PATH': '/opt/ros/jazzy/opt/gz_sim_vendor/share/gz:/opt/ros/jazzy/opt/sdformat_vendor/share/gz:/opt/ros/jazzy/opt/gz_gui_vendor/share/gz:/opt/ros/jazzy/opt/gz_transport_vendor/share/gz:/opt/ros/jazzy/opt/gz_rendering_vendor/share/gz:/opt/ros/jazzy/opt/gz_plugin_vendor/share/gz:/opt/ros/jazzy/opt/gz_fuel_tools_vendor/share/gz:/opt/ros/jazzy/opt/gz_msgs_vendor/share/gz:/opt/ros/jazzy/opt/gz_common_vendor/share/gz', 'HOSTNAME': 'robotik-MS-7E27', 'GIT_ASKPASS': '/vscode/vscode-server/bin/linux-x64/0f0d87fa9e96c856c5212fc86db137ac0d783365/extensions/git/dist/askpass.sh', 'SHLVL': '2', 'LD_LIBRARY_PATH': '/home/ws/install/opennav_coverage_msgs/lib:/home/ws/install/fields2cover/lib:/home/ws/install/opennav_row_coverage/lib:/home/ws/install/opennav_coverage_navigator/lib:/home/ws/install/opennav_coverage_bt/lib:/home/ws/install/opennav_coverage/lib:/opt/ros/jazzy/opt/gz_sim_vendor/lib:/opt/ros/jazzy/opt/gz_sensors_vendor/lib:/opt/ros/jazzy/opt/gz_physics_vendor/lib:/opt/ros/jazzy/opt/sdformat_vendor/lib:/opt/ros/jazzy/opt/rviz_ogre_vendor/lib:/opt/ros/jazzy/lib/x86_64-linux-gnu:/opt/ros/jazzy/opt/gz_gui_vendor/lib:/opt/ros/jazzy/opt/gz_transport_vendor/lib:/opt/ros/jazzy/opt/gz_rendering_vendor/lib:/opt/ros/jazzy/opt/gz_plugin_vendor/lib:/opt/ros/jazzy/opt/gz_fuel_tools_vendor/lib:/opt/ros/jazzy/opt/gz_msgs_vendor/lib:/opt/ros/jazzy/opt/gz_common_vendor/lib:/opt/ros/jazzy/opt/gz_math_vendor/lib:/opt/ros/jazzy/opt/gz_utils_vendor/lib:/opt/ros/jazzy/opt/gz_tools_vendor/lib:/opt/ros/jazzy/opt/gz_ogre_next_vendor/lib:/opt/ros/jazzy/opt/gz_dartsim_vendor/lib:/opt/ros/jazzy/opt/gz_cmake_vendor/lib:/opt/ros/jazzy/lib', 'BROWSER': '/vscode/vscode-server/bin/linux-x64/0f0d87fa9e96c856c5212fc86db137ac0d783365/bin/helpers/browser.sh', 'HOME': '/home/robotik', 'TERM_PROGRAM_VERSION': '1.104.1', 'VSCODE_IPC_HOOK_CLI': '/tmp/vscode-ipc-05d4a918-3f54-4c4e-aa49-337cf9faf132.sock', 'ROS_PYTHON_VERSION': '3', 'VSCODE_GIT_ASKPASS_MAIN': '/vscode/vscode-server/bin/linux-x64/0f0d87fa9e96c856c5212fc86db137ac0d783365/extensions/git/dist/askpass-main.js', 'VSCODE_GIT_ASKPASS_NODE': '/vscode/vscode-server/bin/linux-x64/0f0d87fa9e96c856c5212fc86db137ac0d783365/node', 'VSCODE_PYTHON_AUTOACTIVATE_GUARD': '1', 'COLORTERM': 'truecolor', 'REMOTE_CONTAINERS': 'true', 'COLCON_PREFIX_PATH': '/home/ws/install', 'ROS_DISTRO': 'jazzy', 'REMOTE_CONTAINERS_IPC': '/tmp/vscode-remote-containers-ipc-d0d67ee2-8b23-4d00-87f0-ed667bc59202.sock', '_': '/usr/bin/colcon', 'ROS_VERSION': '2', 'PKG_CONFIG_PATH': '/home/ws/install/fields2cover/lib/x86_64-linux-gnu/pkgconfig:/home/ws/install/fields2cover/lib/pkgconfig', 'TERM': 'xterm-256color', 'ROS_LOCALHOST_ONLY': '1', 'QT_X11_NO_MITSHM': '1', 'PATH': '/vscode/vscode-server/bin/linux-x64/0f0d87fa9e96c856c5212fc86db137ac0d783365/bin/remote-cli:/opt/ros/jazzy/opt/gz_msgs_vendor/bin:/opt/ros/jazzy/opt/gz_tools_vendor/bin:/opt/ros/jazzy/opt/gz_ogre_next_vendor/bin:/opt/ros/jazzy/bin:/usr/local/sbin:/usr/local/bin:/usr/sbin:/usr/bin:/sbin:/bin', 'REMOTE_CONTAINERS_SOCKETS': '["/tmp/vscode-ssh-auth-d0d67ee2-8b23-4d00-87f0-ed667bc59202.sock","/home/robotik/.gnupg/S.gpg-agent"]', 'DISPLAY': ':1', 'LANG': 'C.UTF-8', 'LS_COLORS': 'rs=0:di=01;34:ln=01;36:mh=00:pi=40;33:so=01;35:do=01;35:bd=40;33;01:cd=40;33;01:or=40;31;01:mi=00:su=37;41:sg=30;43:ca=00:tw=30;42:ow=34;42:st=37;44:ex=01;32:*.tar=01;31:*.tgz=01;31:*.arc=01;31:*.arj=01;31:*.taz=01;31:*.lha=01;31:*.lz4=01;31:*.lzh=01;31:*.lzma=01;31:*.tlz=01;31:*.txz=01;31:*.tzo=01;31:*.t7z=01;31:*.zip=01;31:*.z=01;31:*.dz=01;31:*.gz=01;31:*.lrz=01;31:*.lz=01;31:*.lzo=01;31:*.xz=01;31:*.zst=01;31:*.tzst=01;31:*.bz2=01;31:*.bz=01;31:*.tbz=01;31:*.tbz2=01;31:*.tz=01;31:*.deb=01;31:*.rpm=01;31:*.jar=01;31:*.war=01;31:*.ear=01;31:*.sar=01;31:*.rar=01;31:*.alz=01;31:*.ace=01;31:*.zoo=01;31:*.cpio=01;31:*.7z=01;31:*.rz=01;31:*.cab=01;31:*.wim=01;31:*.swm=01;31:*.dwm=01;31:*.esd=01;31:*.avif=01;35:*.jpg=01;35:*.jpeg=01;35:*.mjpg=01;35:*.mjpeg=01;35:*.gif=01;35:*.bmp=01;35:*.pbm=01;35:*.pgm=01;35:*.ppm=01;35:*.tga=01;35:*.xbm=01;35:*.xpm=01;35:*.tif=01;35:*.tiff=01;35:*.png=01;35:*.svg=01;35:*.svgz=01;35:*.mng=01;35:*.pcx=01;35:*.mov=01;35:*.mpg=01;35:*.mpeg=01;35:*.m2v=01;35:*.mkv=01;35:*.webm=01;35:*.webp=01;35:*.ogm=01;35:*.mp4=01;35:*.m4v=01;35:*.mp4v=01;35:*.vob=01;35:*.qt=01;35:*.nuv=01;35:*.wmv=01;35:*.asf=01;35:*.rm=01;35:*.rmvb=01;35:*.flc=01;35:*.avi=01;35:*.fli=01;35:*.flv=01;35:*.gl=01;35:*.dl=01;35:*.xcf=01;35:*.xwd=01;35:*.yuv=01;35:*.cgm=01;35:*.emf=01;35:*.ogv=01;35:*.ogx=01;35:*.aac=00;36:*.au=00;36:*.flac=00;36:*.m4a=00;36:*.mid=00;36:*.midi=00;36:*.mka=00;36:*.mp3=00;36:*.mpc=00;36:*.ogg=00;36:*.ra=00;36:*.wav=00;36:*.oga=00;36:*.opus=00;36:*.spx=00;36:*.xspf=00;36:*~=00;90:*#=00;90:*.bak=00;90:*.crdownload=00;90:*.dpkg-dist=00;90:*.dpkg-new=00;90:*.dpkg-old=00;90:*.dpkg-tmp=00;90:*.old=00;90:*.orig=00;90:*.part=00;90:*.rej=00;90:*.rpmnew=00;90:*.rpmorig=00;90:*.rpmsave=00;90:*.swp=00;90:*.tmp=00;90:*.ucf-dist=00;90:*.ucf-new=00;90:*.ucf-old=00;90:', 'VSCODE_GIT_IPC_HANDLE': '/tmp/vscode-git-097b13c4b4.sock', 'TERM_PROGRAM': 'vscode', 'SSH_AUTH_SOCK': '/tmp/vscode-ssh-auth-d0d67ee2-8b23-4d00-87f0-ed667bc59202.sock', 'ROS_DOMAIN_ID': '42', 'AMENT_PREFIX_PATH': '/home/ws/install/temizlik_navigation:/home/ws/install/opennav_coverage_demo:/home/ws/install/opennav_row_coverage:/home/ws/install/opennav_coverage_navigator:/home/ws/install/opennav_coverage_bt:/home/ws/install/opennav_coverage:/home/ws/install/opennav_coverage_msgs:/opt/ros/jazzy', 'SHELL': '/bin/bash', 'ROS_AUTOMATIC_DISCOVERY_RANGE': 'SUBNET', 'VSCODE_GIT_ASKPASS_EXTRA_ARGS': '', 'PWD': '/home/ws/build/opennav_coverage', 'TURTLEBOT3_MODEL': 'burger', 'LC_ALL': 'C.UTF-8', 'PYTHONPATH': '/home/ws/install/opennav_coverage_msgs/lib/python3.12/site-packages:/home/ws/install/opennav_coverage_demo/lib/python3.12/site-packages:/opt/ros/jazzy/lib/python3.12/site-packages', 'COLCON': '1', 'CMAKE_PREFIX_PATH': '/home/ws/install/opennav_coverage_msgs:/home/ws/install/fields2cover:/home/ws/install/temizlik_navigation:/home/ws/install/opennav_row_coverage:/home/ws/install/opennav_coverage_navigator:/home/ws/install/opennav_coverage_bt:/home/ws/install/opennav_coverage:/opt/ros/jazzy/opt/gz_sim_vendor:/opt/ros/jazzy/opt/gz_sensors_vendor:/opt/ros/jazzy/opt/gz_physics_vendor:/opt/ros/jazzy/opt/sdformat_vendor:/opt/ros/jazzy/opt/gz_gui_vendor:/opt/ros/jazzy/opt/gz_transport_vendor:/opt/ros/jazzy/opt/gz_rendering_vendor:/opt/ros/jazzy/opt/gz_plugin_vendor:/opt/ros/jazzy/opt/gz_fuel_tools_vendor:/opt/ros/jazzy/opt/gz_msgs_vendor:/opt/ros/jazzy/opt/gz_common_vendor:/opt/ros/jazzy/opt/gz_math_vendor:/opt/ros/jazzy/opt/gz_utils_vendor:/opt/ros/jazzy/opt/gz_tools_vendor:/opt/ros/jazzy/opt/gz_ogre_next_vendor:/opt/ros/jazzy/opt/gz_dartsim_vendor:/opt/ros/jazzy/opt/gz_cmake_vendor:/home/ws/install/opennav_coverage_demo:/opt/ros/jazzy'}), 'shell': False}
[0.480138] (opennav_coverage) StdoutLine: {'line': b'-- Install configuration: ""\n'}
[0.480286] (opennav_coverage) StdoutLine: {'line': b'-- Up-to-date: /home/ws/install/opennav_coverage/lib/libopennav_coverage_core.so\n'}
[0.480541] (opennav_coverage) StdoutLine: {'line': b'-- Up-to-date: /home/ws/install/opennav_coverage/lib/opennav_coverage/opennav_coverage\n'}
[0.480687] (opennav_coverage) StdoutLine: {'line': b'-- Up-to-date: /home/ws/install/opennav_coverage/include/\n'}
[0.480753] (opennav_coverage) StdoutLine: {'line': b'-- Up-to-date: /home/ws/install/opennav_coverage/include//opennav_coverage\n'}
[0.480835] (opennav_coverage) StdoutLine: {'line': b'-- Up-to-date: /home/ws/install/opennav_coverage/include//opennav_coverage/visualizer.hpp\n'}
[0.480899] (opennav_coverage) StdoutLine: {'line': b'-- Up-to-date: /home/ws/install/opennav_coverage/include//opennav_coverage/coverage_server.hpp\n'}
[0.480958] (opennav_coverage) StdoutLine: {'line': b'-- Up-to-date: /home/ws/install/opennav_coverage/include//opennav_coverage/headland_generator.hpp\n'}
[0.481033] (opennav_coverage) StdoutLine: {'line': b'-- Up-to-date: /home/ws/install/opennav_coverage/include//opennav_coverage/utils.hpp\n'}
[0.481095] (opennav_coverage) StdoutLine: {'line': b'-- Up-to-date: /home/ws/install/opennav_coverage/include//opennav_coverage/swath_generator.hpp\n'}
[0.481160] (opennav_coverage) StdoutLine: {'line': b'-- Up-to-date: /home/ws/install/opennav_coverage/include//opennav_coverage/robot_params.hpp\n'}
[0.481216] (opennav_coverage) StdoutLine: {'line': b'-- Up-to-date: /home/ws/install/opennav_coverage/include//opennav_coverage/types.hpp\n'}
[0.481275] (opennav_coverage) StdoutLine: {'line': b'-- Up-to-date: /home/ws/install/opennav_coverage/include//opennav_coverage/path_generator.hpp\n'}
[0.481338] (opennav_coverage) StdoutLine: {'line': b'-- Up-to-date: /home/ws/install/opennav_coverage/include//opennav_coverage/route_generator.hpp\n'}
[0.481400] (opennav_coverage) StdoutLine: {'line': b'-- Up-to-date: /home/ws/install/opennav_coverage/share/opennav_coverage/test_field.xml\n'}
[0.481463] (opennav_coverage) StdoutLine: {'line': b'-- Up-to-date: /home/ws/install/opennav_coverage/share/opennav_coverage/cartesian_test_field.xml\n'}
[0.481515] (opennav_coverage) StdoutLine: {'line': b'-- Up-to-date: /home/ws/install/opennav_coverage/share/opennav_coverage/irregular_test_field.xml\n'}
[0.481590] (opennav_coverage) StdoutLine: {'line': b'-- Up-to-date: /home/ws/install/opennav_coverage/share/opennav_coverage/environment/library_path.sh\n'}
[0.481650] (opennav_coverage) StdoutLine: {'line': b'-- Up-to-date: /home/ws/install/opennav_coverage/share/opennav_coverage/environment/library_path.dsv\n'}
[0.481763] (opennav_coverage) StdoutLine: {'line': b'-- Up-to-date: /home/ws/install/opennav_coverage/share/ament_index/resource_index/package_run_dependencies/opennav_coverage\n'}
[0.481835] (opennav_coverage) StdoutLine: {'line': b'-- Up-to-date: /home/ws/install/opennav_coverage/share/ament_index/resource_index/parent_prefix_path/opennav_coverage\n'}
[0.481932] (opennav_coverage) StdoutLine: {'line': b'-- Up-to-date: /home/ws/install/opennav_coverage/share/opennav_coverage/environment/ament_prefix_path.sh\n'}
[0.481988] (opennav_coverage) StdoutLine: {'line': b'-- Up-to-date: /home/ws/install/opennav_coverage/share/opennav_coverage/environment/ament_prefix_path.dsv\n'}
[0.482032] (opennav_coverage) StdoutLine: {'line': b'-- Up-to-date: /home/ws/install/opennav_coverage/share/opennav_coverage/environment/path.sh\n'}
[0.482074] (opennav_coverage) StdoutLine: {'line': b'-- Up-to-date: /home/ws/install/opennav_coverage/share/opennav_coverage/environment/path.dsv\n'}
[0.482121] (opennav_coverage) StdoutLine: {'line': b'-- Up-to-date: /home/ws/install/opennav_coverage/share/opennav_coverage/local_setup.bash\n'}
[0.482168] (opennav_coverage) StdoutLine: {'line': b'-- Up-to-date: /home/ws/install/opennav_coverage/share/opennav_coverage/local_setup.sh\n'}
[0.482208] (opennav_coverage) StdoutLine: {'line': b'-- Up-to-date: /home/ws/install/opennav_coverage/share/opennav_coverage/local_setup.zsh\n'}
[0.482247] (opennav_coverage) StdoutLine: {'line': b'-- Up-to-date: /home/ws/install/opennav_coverage/share/opennav_coverage/local_setup.dsv\n'}
[0.482284] (opennav_coverage) StdoutLine: {'line': b'-- Installing: /home/ws/install/opennav_coverage/share/opennav_coverage/package.dsv\n'}
[0.482323] (opennav_coverage) StdoutLine: {'line': b'-- Up-to-date: /home/ws/install/opennav_coverage/share/ament_index/resource_index/packages/opennav_coverage\n'}
[0.482360] (opennav_coverage) StdoutLine: {'line': b'-- Up-to-date: /home/ws/install/opennav_coverage/share/ament_index/resource_index/rclcpp_components/opennav_coverage\n'}
[0.482400] (opennav_coverage) StdoutLine: {'line': b'-- Up-to-date: /home/ws/install/opennav_coverage/share/opennav_coverage/cmake/ament_cmake_export_include_directories-extras.cmake\n'}
[0.482438] (opennav_coverage) StdoutLine: {'line': b'-- Up-to-date: /home/ws/install/opennav_coverage/share/opennav_coverage/cmake/ament_cmake_export_libraries-extras.cmake\n'}
[0.482476] (opennav_coverage) StdoutLine: {'line': b'-- Up-to-date: /home/ws/install/opennav_coverage/share/opennav_coverage/cmake/ament_cmake_export_dependencies-extras.cmake\n'}
[0.482515] (opennav_coverage) StdoutLine: {'line': b'-- Up-to-date: /home/ws/install/opennav_coverage/share/opennav_coverage/cmake/opennav_coverageConfig.cmake\n'}
[0.482553] (opennav_coverage) StdoutLine: {'line': b'-- Up-to-date: /home/ws/install/opennav_coverage/share/opennav_coverage/cmake/opennav_coverageConfig-version.cmake\n'}
[0.482591] (opennav_coverage) StdoutLine: {'line': b'-- Up-to-date: /home/ws/install/opennav_coverage/share/opennav_coverage/package.xml\n'}
[0.483541] (opennav_coverage) CommandEnded: {'returncode': 0}
[0.491446] (opennav_coverage) JobEnded: {'identifier': 'opennav_coverage', 'rc': 0}
[0.491949] (opennav_coverage_navigator) JobStarted: {'identifier': 'opennav_coverage_navigator'}
[0.494716] (opennav_row_coverage) JobStarted: {'identifier': 'opennav_row_coverage'}
[0.500237] (-) TimerEvent: {}
[0.503980] (opennav_coverage_navigator) JobProgress: {'identifier': 'opennav_coverage_navigator', 'progress': 'cmake'}
[0.504320] (opennav_coverage_navigator) JobProgress: {'identifier': 'opennav_coverage_navigator', 'progress': 'build'}
[0.504559] (opennav_coverage_navigator) Command: {'cmd': ['/usr/bin/cmake', '--build', '/home/ws/build/opennav_coverage_navigator', '--', '-j12', '-l12'], 'cwd': '/home/ws/build/opennav_coverage_navigator', 'env': OrderedDict({'GZ_SIM_RESOURCE_PATH': '/opt/ros/jazzy/share', 'GZ_CONFIG_PATH': '/opt/ros/jazzy/opt/gz_sim_vendor/share/gz:/opt/ros/jazzy/opt/sdformat_vendor/share/gz:/opt/ros/jazzy/opt/gz_gui_vendor/share/gz:/opt/ros/jazzy/opt/gz_transport_vendor/share/gz:/opt/ros/jazzy/opt/gz_rendering_vendor/share/gz:/opt/ros/jazzy/opt/gz_plugin_vendor/share/gz:/opt/ros/jazzy/opt/gz_fuel_tools_vendor/share/gz:/opt/ros/jazzy/opt/gz_msgs_vendor/share/gz:/opt/ros/jazzy/opt/gz_common_vendor/share/gz', 'HOSTNAME': 'robotik-MS-7E27', 'GIT_ASKPASS': '/vscode/vscode-server/bin/linux-x64/0f0d87fa9e96c856c5212fc86db137ac0d783365/extensions/git/dist/askpass.sh', 'SHLVL': '2', 'LD_LIBRARY_PATH': '/home/ws/install/opennav_coverage_bt/lib:/home/ws/install/opennav_coverage/lib:/home/ws/install/opennav_coverage_msgs/lib:/home/ws/install/fields2cover/lib:/home/ws/install/opennav_row_coverage/lib:/home/ws/install/opennav_coverage_navigator/lib:/opt/ros/jazzy/opt/gz_sim_vendor/lib:/opt/ros/jazzy/opt/gz_sensors_vendor/lib:/opt/ros/jazzy/opt/gz_physics_vendor/lib:/opt/ros/jazzy/opt/sdformat_vendor/lib:/opt/ros/jazzy/opt/rviz_ogre_vendor/lib:/opt/ros/jazzy/lib/x86_64-linux-gnu:/opt/ros/jazzy/opt/gz_gui_vendor/lib:/opt/ros/jazzy/opt/gz_transport_vendor/lib:/opt/ros/jazzy/opt/gz_rendering_vendor/lib:/opt/ros/jazzy/opt/gz_plugin_vendor/lib:/opt/ros/jazzy/opt/gz_fuel_tools_vendor/lib:/opt/ros/jazzy/opt/gz_msgs_vendor/lib:/opt/ros/jazzy/opt/gz_common_vendor/lib:/opt/ros/jazzy/opt/gz_math_vendor/lib:/opt/ros/jazzy/opt/gz_utils_vendor/lib:/opt/ros/jazzy/opt/gz_tools_vendor/lib:/opt/ros/jazzy/opt/gz_ogre_next_vendor/lib:/opt/ros/jazzy/opt/gz_dartsim_vendor/lib:/opt/ros/jazzy/opt/gz_cmake_vendor/lib:/opt/ros/jazzy/lib', 'BROWSER': '/vscode/vscode-server/bin/linux-x64/0f0d87fa9e96c856c5212fc86db137ac0d783365/bin/helpers/browser.sh', 'HOME': '/home/robotik', 'TERM_PROGRAM_VERSION': '1.104.1', 'VSCODE_IPC_HOOK_CLI': '/tmp/vscode-ipc-05d4a918-3f54-4c4e-aa49-337cf9faf132.sock', 'ROS_PYTHON_VERSION': '3', 'VSCODE_GIT_ASKPASS_MAIN': '/vscode/vscode-server/bin/linux-x64/0f0d87fa9e96c856c5212fc86db137ac0d783365/extensions/git/dist/askpass-main.js', 'VSCODE_GIT_ASKPASS_NODE': '/vscode/vscode-server/bin/linux-x64/0f0d87fa9e96c856c5212fc86db137ac0d783365/node', 'VSCODE_PYTHON_AUTOACTIVATE_GUARD': '1', 'COLORTERM': 'truecolor', 'REMOTE_CONTAINERS': 'true', 'COLCON_PREFIX_PATH': '/home/ws/install', 'ROS_DISTRO': 'jazzy', 'REMOTE_CONTAINERS_IPC': '/tmp/vscode-remote-containers-ipc-d0d67ee2-8b23-4d00-87f0-ed667bc59202.sock', '_': '/usr/bin/colcon', 'ROS_VERSION': '2', 'PKG_CONFIG_PATH': '/home/ws/install/fields2cover/lib/x86_64-linux-gnu/pkgconfig:/home/ws/install/fields2cover/lib/pkgconfig', 'TERM': 'xterm-256color', 'ROS_LOCALHOST_ONLY': '1', 'QT_X11_NO_MITSHM': '1', 'PATH': '/vscode/vscode-server/bin/linux-x64/0f0d87fa9e96c856c5212fc86db137ac0d783365/bin/remote-cli:/opt/ros/jazzy/opt/gz_msgs_vendor/bin:/opt/ros/jazzy/opt/gz_tools_vendor/bin:/opt/ros/jazzy/opt/gz_ogre_next_vendor/bin:/opt/ros/jazzy/bin:/usr/local/sbin:/usr/local/bin:/usr/sbin:/usr/bin:/sbin:/bin', 'REMOTE_CONTAINERS_SOCKETS': '["/tmp/vscode-ssh-auth-d0d67ee2-8b23-4d00-87f0-ed667bc59202.sock","/home/robotik/.gnupg/S.gpg-agent"]', 'DISPLAY': ':1', 'LANG': 'C.UTF-8', 'LS_COLORS': 'rs=0:di=01;34:ln=01;36:mh=00:pi=40;33:so=01;35:do=01;35:bd=40;33;01:cd=40;33;01:or=40;31;01:mi=00:su=37;41:sg=30;43:ca=00:tw=30;42:ow=34;42:st=37;44:ex=01;32:*.tar=01;31:*.tgz=01;31:*.arc=01;31:*.arj=01;31:*.taz=01;31:*.lha=01;31:*.lz4=01;31:*.lzh=01;31:*.lzma=01;31:*.tlz=01;31:*.txz=01;31:*.tzo=01;31:*.t7z=01;31:*.zip=01;31:*.z=01;31:*.dz=01;31:*.gz=01;31:*.lrz=01;31:*.lz=01;31:*.lzo=01;31:*.xz=01;31:*.zst=01;31:*.tzst=01;31:*.bz2=01;31:*.bz=01;31:*.tbz=01;31:*.tbz2=01;31:*.tz=01;31:*.deb=01;31:*.rpm=01;31:*.jar=01;31:*.war=01;31:*.ear=01;31:*.sar=01;31:*.rar=01;31:*.alz=01;31:*.ace=01;31:*.zoo=01;31:*.cpio=01;31:*.7z=01;31:*.rz=01;31:*.cab=01;31:*.wim=01;31:*.swm=01;31:*.dwm=01;31:*.esd=01;31:*.avif=01;35:*.jpg=01;35:*.jpeg=01;35:*.mjpg=01;35:*.mjpeg=01;35:*.gif=01;35:*.bmp=01;35:*.pbm=01;35:*.pgm=01;35:*.ppm=01;35:*.tga=01;35:*.xbm=01;35:*.xpm=01;35:*.tif=01;35:*.tiff=01;35:*.png=01;35:*.svg=01;35:*.svgz=01;35:*.mng=01;35:*.pcx=01;35:*.mov=01;35:*.mpg=01;35:*.mpeg=01;35:*.m2v=01;35:*.mkv=01;35:*.webm=01;35:*.webp=01;35:*.ogm=01;35:*.mp4=01;35:*.m4v=01;35:*.mp4v=01;35:*.vob=01;35:*.qt=01;35:*.nuv=01;35:*.wmv=01;35:*.asf=01;35:*.rm=01;35:*.rmvb=01;35:*.flc=01;35:*.avi=01;35:*.fli=01;35:*.flv=01;35:*.gl=01;35:*.dl=01;35:*.xcf=01;35:*.xwd=01;35:*.yuv=01;35:*.cgm=01;35:*.emf=01;35:*.ogv=01;35:*.ogx=01;35:*.aac=00;36:*.au=00;36:*.flac=00;36:*.m4a=00;36:*.mid=00;36:*.midi=00;36:*.mka=00;36:*.mp3=00;36:*.mpc=00;36:*.ogg=00;36:*.ra=00;36:*.wav=00;36:*.oga=00;36:*.opus=00;36:*.spx=00;36:*.xspf=00;36:*~=00;90:*#=00;90:*.bak=00;90:*.crdownload=00;90:*.dpkg-dist=00;90:*.dpkg-new=00;90:*.dpkg-old=00;90:*.dpkg-tmp=00;90:*.old=00;90:*.orig=00;90:*.part=00;90:*.rej=00;90:*.rpmnew=00;90:*.rpmorig=00;90:*.rpmsave=00;90:*.swp=00;90:*.tmp=00;90:*.ucf-dist=00;90:*.ucf-new=00;90:*.ucf-old=00;90:', 'VSCODE_GIT_IPC_HANDLE': '/tmp/vscode-git-097b13c4b4.sock', 'TERM_PROGRAM': 'vscode', 'SSH_AUTH_SOCK': '/tmp/vscode-ssh-auth-d0d67ee2-8b23-4d00-87f0-ed667bc59202.sock', 'ROS_DOMAIN_ID': '42', 'AMENT_PREFIX_PATH': '/home/ws/install/temizlik_navigation:/home/ws/install/opennav_coverage_demo:/home/ws/install/opennav_row_coverage:/home/ws/install/opennav_coverage_navigator:/home/ws/install/opennav_coverage_bt:/home/ws/install/opennav_coverage:/home/ws/install/opennav_coverage_msgs:/opt/ros/jazzy', 'SHELL': '/bin/bash', 'ROS_AUTOMATIC_DISCOVERY_RANGE': 'SUBNET', 'VSCODE_GIT_ASKPASS_EXTRA_ARGS': '', 'PWD': '/home/ws/build/opennav_coverage_navigator', 'TURTLEBOT3_MODEL': 'burger', 'LC_ALL': 'C.UTF-8', 'PYTHONPATH': '/home/ws/install/opennav_coverage_msgs/lib/python3.12/site-packages:/home/ws/install/opennav_coverage_demo/lib/python3.12/site-packages:/opt/ros/jazzy/lib/python3.12/site-packages', 'COLCON': '1', 'CMAKE_PREFIX_PATH': '/home/ws/install/opennav_coverage_bt:/home/ws/install/opennav_coverage:/home/ws/install/opennav_coverage_msgs:/home/ws/install/fields2cover:/home/ws/install/temizlik_navigation:/home/ws/install/opennav_row_coverage:/home/ws/install/opennav_coverage_navigator:/opt/ros/jazzy/opt/gz_sim_vendor:/opt/ros/jazzy/opt/gz_sensors_vendor:/opt/ros/jazzy/opt/gz_physics_vendor:/opt/ros/jazzy/opt/sdformat_vendor:/opt/ros/jazzy/opt/gz_gui_vendor:/opt/ros/jazzy/opt/gz_transport_vendor:/opt/ros/jazzy/opt/gz_rendering_vendor:/opt/ros/jazzy/opt/gz_plugin_vendor:/opt/ros/jazzy/opt/gz_fuel_tools_vendor:/opt/ros/jazzy/opt/gz_msgs_vendor:/opt/ros/jazzy/opt/gz_common_vendor:/opt/ros/jazzy/opt/gz_math_vendor:/opt/ros/jazzy/opt/gz_utils_vendor:/opt/ros/jazzy/opt/gz_tools_vendor:/opt/ros/jazzy/opt/gz_ogre_next_vendor:/opt/ros/jazzy/opt/gz_dartsim_vendor:/opt/ros/jazzy/opt/gz_cmake_vendor:/home/ws/install/opennav_coverage_demo:/opt/ros/jazzy'}), 'shell': False}
[0.505385] (opennav_row_coverage) JobProgress: {'identifier': 'opennav_row_coverage', 'progress': 'cmake'}
[0.505687] (opennav_row_coverage) JobProgress: {'identifier': 'opennav_row_coverage', 'progress': 'build'}
[0.505862] (opennav_row_coverage) Command: {'cmd': ['/usr/bin/cmake', '--build', '/home/ws/build/opennav_row_coverage', '--', '-j12', '-l12'], 'cwd': '/home/ws/build/opennav_row_coverage', 'env': OrderedDict({'GZ_SIM_RESOURCE_PATH': '/opt/ros/jazzy/share', 'GZ_CONFIG_PATH': '/opt/ros/jazzy/opt/gz_sim_vendor/share/gz:/opt/ros/jazzy/opt/sdformat_vendor/share/gz:/opt/ros/jazzy/opt/gz_gui_vendor/share/gz:/opt/ros/jazzy/opt/gz_transport_vendor/share/gz:/opt/ros/jazzy/opt/gz_rendering_vendor/share/gz:/opt/ros/jazzy/opt/gz_plugin_vendor/share/gz:/opt/ros/jazzy/opt/gz_fuel_tools_vendor/share/gz:/opt/ros/jazzy/opt/gz_msgs_vendor/share/gz:/opt/ros/jazzy/opt/gz_common_vendor/share/gz', 'HOSTNAME': 'robotik-MS-7E27', 'GIT_ASKPASS': '/vscode/vscode-server/bin/linux-x64/0f0d87fa9e96c856c5212fc86db137ac0d783365/extensions/git/dist/askpass.sh', 'SHLVL': '2', 'LD_LIBRARY_PATH': '/home/ws/install/opennav_coverage/lib:/home/ws/install/opennav_coverage_msgs/lib:/home/ws/install/fields2cover/lib:/home/ws/install/opennav_row_coverage/lib:/home/ws/install/opennav_coverage_navigator/lib:/home/ws/install/opennav_coverage_bt/lib:/opt/ros/jazzy/opt/gz_sim_vendor/lib:/opt/ros/jazzy/opt/gz_sensors_vendor/lib:/opt/ros/jazzy/opt/gz_physics_vendor/lib:/opt/ros/jazzy/opt/sdformat_vendor/lib:/opt/ros/jazzy/opt/rviz_ogre_vendor/lib:/opt/ros/jazzy/lib/x86_64-linux-gnu:/opt/ros/jazzy/opt/gz_gui_vendor/lib:/opt/ros/jazzy/opt/gz_transport_vendor/lib:/opt/ros/jazzy/opt/gz_rendering_vendor/lib:/opt/ros/jazzy/opt/gz_plugin_vendor/lib:/opt/ros/jazzy/opt/gz_fuel_tools_vendor/lib:/opt/ros/jazzy/opt/gz_msgs_vendor/lib:/opt/ros/jazzy/opt/gz_common_vendor/lib:/opt/ros/jazzy/opt/gz_math_vendor/lib:/opt/ros/jazzy/opt/gz_utils_vendor/lib:/opt/ros/jazzy/opt/gz_tools_vendor/lib:/opt/ros/jazzy/opt/gz_ogre_next_vendor/lib:/opt/ros/jazzy/opt/gz_dartsim_vendor/lib:/opt/ros/jazzy/opt/gz_cmake_vendor/lib:/opt/ros/jazzy/lib', 'BROWSER': '/vscode/vscode-server/bin/linux-x64/0f0d87fa9e96c856c5212fc86db137ac0d783365/bin/helpers/browser.sh', 'HOME': '/home/robotik', 'TERM_PROGRAM_VERSION': '1.104.1', 'VSCODE_IPC_HOOK_CLI': '/tmp/vscode-ipc-05d4a918-3f54-4c4e-aa49-337cf9faf132.sock', 'ROS_PYTHON_VERSION': '3', 'VSCODE_GIT_ASKPASS_MAIN': '/vscode/vscode-server/bin/linux-x64/0f0d87fa9e96c856c5212fc86db137ac0d783365/extensions/git/dist/askpass-main.js', 'VSCODE_GIT_ASKPASS_NODE': '/vscode/vscode-server/bin/linux-x64/0f0d87fa9e96c856c5212fc86db137ac0d783365/node', 'VSCODE_PYTHON_AUTOACTIVATE_GUARD': '1', 'COLORTERM': 'truecolor', 'REMOTE_CONTAINERS': 'true', 'COLCON_PREFIX_PATH': '/home/ws/install', 'ROS_DISTRO': 'jazzy', 'REMOTE_CONTAINERS_IPC': '/tmp/vscode-remote-containers-ipc-d0d67ee2-8b23-4d00-87f0-ed667bc59202.sock', '_': '/usr/bin/colcon', 'ROS_VERSION': '2', 'PKG_CONFIG_PATH': '/home/ws/install/fields2cover/lib/x86_64-linux-gnu/pkgconfig:/home/ws/install/fields2cover/lib/pkgconfig', 'TERM': 'xterm-256color', 'ROS_LOCALHOST_ONLY': '1', 'QT_X11_NO_MITSHM': '1', 'PATH': '/vscode/vscode-server/bin/linux-x64/0f0d87fa9e96c856c5212fc86db137ac0d783365/bin/remote-cli:/opt/ros/jazzy/opt/gz_msgs_vendor/bin:/opt/ros/jazzy/opt/gz_tools_vendor/bin:/opt/ros/jazzy/opt/gz_ogre_next_vendor/bin:/opt/ros/jazzy/bin:/usr/local/sbin:/usr/local/bin:/usr/sbin:/usr/bin:/sbin:/bin', 'REMOTE_CONTAINERS_SOCKETS': '["/tmp/vscode-ssh-auth-d0d67ee2-8b23-4d00-87f0-ed667bc59202.sock","/home/robotik/.gnupg/S.gpg-agent"]', 'DISPLAY': ':1', 'LANG': 'C.UTF-8', 'LS_COLORS': 'rs=0:di=01;34:ln=01;36:mh=00:pi=40;33:so=01;35:do=01;35:bd=40;33;01:cd=40;33;01:or=40;31;01:mi=00:su=37;41:sg=30;43:ca=00:tw=30;42:ow=34;42:st=37;44:ex=01;32:*.tar=01;31:*.tgz=01;31:*.arc=01;31:*.arj=01;31:*.taz=01;31:*.lha=01;31:*.lz4=01;31:*.lzh=01;31:*.lzma=01;31:*.tlz=01;31:*.txz=01;31:*.tzo=01;31:*.t7z=01;31:*.zip=01;31:*.z=01;31:*.dz=01;31:*.gz=01;31:*.lrz=01;31:*.lz=01;31:*.lzo=01;31:*.xz=01;31:*.zst=01;31:*.tzst=01;31:*.bz2=01;31:*.bz=01;31:*.tbz=01;31:*.tbz2=01;31:*.tz=01;31:*.deb=01;31:*.rpm=01;31:*.jar=01;31:*.war=01;31:*.ear=01;31:*.sar=01;31:*.rar=01;31:*.alz=01;31:*.ace=01;31:*.zoo=01;31:*.cpio=01;31:*.7z=01;31:*.rz=01;31:*.cab=01;31:*.wim=01;31:*.swm=01;31:*.dwm=01;31:*.esd=01;31:*.avif=01;35:*.jpg=01;35:*.jpeg=01;35:*.mjpg=01;35:*.mjpeg=01;35:*.gif=01;35:*.bmp=01;35:*.pbm=01;35:*.pgm=01;35:*.ppm=01;35:*.tga=01;35:*.xbm=01;35:*.xpm=01;35:*.tif=01;35:*.tiff=01;35:*.png=01;35:*.svg=01;35:*.svgz=01;35:*.mng=01;35:*.pcx=01;35:*.mov=01;35:*.mpg=01;35:*.mpeg=01;35:*.m2v=01;35:*.mkv=01;35:*.webm=01;35:*.webp=01;35:*.ogm=01;35:*.mp4=01;35:*.m4v=01;35:*.mp4v=01;35:*.vob=01;35:*.qt=01;35:*.nuv=01;35:*.wmv=01;35:*.asf=01;35:*.rm=01;35:*.rmvb=01;35:*.flc=01;35:*.avi=01;35:*.fli=01;35:*.flv=01;35:*.gl=01;35:*.dl=01;35:*.xcf=01;35:*.xwd=01;35:*.yuv=01;35:*.cgm=01;35:*.emf=01;35:*.ogv=01;35:*.ogx=01;35:*.aac=00;36:*.au=00;36:*.flac=00;36:*.m4a=00;36:*.mid=00;36:*.midi=00;36:*.mka=00;36:*.mp3=00;36:*.mpc=00;36:*.ogg=00;36:*.ra=00;36:*.wav=00;36:*.oga=00;36:*.opus=00;36:*.spx=00;36:*.xspf=00;36:*~=00;90:*#=00;90:*.bak=00;90:*.crdownload=00;90:*.dpkg-dist=00;90:*.dpkg-new=00;90:*.dpkg-old=00;90:*.dpkg-tmp=00;90:*.old=00;90:*.orig=00;90:*.part=00;90:*.rej=00;90:*.rpmnew=00;90:*.rpmorig=00;90:*.rpmsave=00;90:*.swp=00;90:*.tmp=00;90:*.ucf-dist=00;90:*.ucf-new=00;90:*.ucf-old=00;90:', 'VSCODE_GIT_IPC_HANDLE': '/tmp/vscode-git-097b13c4b4.sock', 'TERM_PROGRAM': 'vscode', 'SSH_AUTH_SOCK': '/tmp/vscode-ssh-auth-d0d67ee2-8b23-4d00-87f0-ed667bc59202.sock', 'ROS_DOMAIN_ID': '42', 'AMENT_PREFIX_PATH': '/home/ws/install/temizlik_navigation:/home/ws/install/opennav_coverage_demo:/home/ws/install/opennav_row_coverage:/home/ws/install/opennav_coverage_navigator:/home/ws/install/opennav_coverage_bt:/home/ws/install/opennav_coverage:/home/ws/install/opennav_coverage_msgs:/opt/ros/jazzy', 'SHELL': '/bin/bash', 'ROS_AUTOMATIC_DISCOVERY_RANGE': 'SUBNET', 'VSCODE_GIT_ASKPASS_EXTRA_ARGS': '', 'PWD': '/home/ws/build/opennav_row_coverage', 'TURTLEBOT3_MODEL': 'burger', 'LC_ALL': 'C.UTF-8', 'PYTHONPATH': '/home/ws/install/opennav_coverage_msgs/lib/python3.12/site-packages:/home/ws/install/opennav_coverage_demo/lib/python3.12/site-packages:/opt/ros/jazzy/lib/python3.12/site-packages', 'COLCON': '1', 'CMAKE_PREFIX_PATH': '/home/ws/install/opennav_coverage:/home/ws/install/opennav_coverage_msgs:/home/ws/install/fields2cover:/home/ws/install/temizlik_navigation:/home/ws/install/opennav_row_coverage:/home/ws/install/opennav_coverage_navigator:/home/ws/install/opennav_coverage_bt:/opt/ros/jazzy/opt/gz_sim_vendor:/opt/ros/jazzy/opt/gz_sensors_vendor:/opt/ros/jazzy/opt/gz_physics_vendor:/opt/ros/jazzy/opt/sdformat_vendor:/opt/ros/jazzy/opt/gz_gui_vendor:/opt/ros/jazzy/opt/gz_transport_vendor:/opt/ros/jazzy/opt/gz_rendering_vendor:/opt/ros/jazzy/opt/gz_plugin_vendor:/opt/ros/jazzy/opt/gz_fuel_tools_vendor:/opt/ros/jazzy/opt/gz_msgs_vendor:/opt/ros/jazzy/opt/gz_common_vendor:/opt/ros/jazzy/opt/gz_math_vendor:/opt/ros/jazzy/opt/gz_utils_vendor:/opt/ros/jazzy/opt/gz_tools_vendor:/opt/ros/jazzy/opt/gz_ogre_next_vendor:/opt/ros/jazzy/opt/gz_dartsim_vendor:/opt/ros/jazzy/opt/gz_cmake_vendor:/home/ws/install/opennav_coverage_demo:/opt/ros/jazzy'}), 'shell': False}
[0.556771] (opennav_row_coverage) StdoutLine: {'line': b'[ 15%] Built target gtest_main\n'}
[0.556973] (opennav_coverage_navigator) StdoutLine: {'line': b'[ 25%] Built target gtest_main\n'}
[0.557053] (opennav_coverage_navigator) StdoutLine: {'line': b'[ 50%] Built target gtest\n'}
[0.557377] (opennav_row_coverage) StdoutLine: {'line': b'[ 30%] Built target gtest\n'}
[0.564394] (opennav_coverage_navigator) StdoutLine: {'line': b'[ 75%] Built target opennav_coverage_navigator\n'}
[0.569957] (opennav_row_coverage) StdoutLine: {'line': b'[ 53%] Built target opennav_row_coverage_core\n'}
[0.592731] (opennav_coverage_navigator) StdoutLine: {'line': b'[100%] Built target test_coverage_navigator\n'}
[0.596896] (opennav_row_coverage) StdoutLine: {'line': b'[100%] Built target test_utils\n'}
[0.597035] (opennav_row_coverage) StdoutLine: {'line': b'[100%] Built target opennav_row_coverage\n'}
[0.597092] (opennav_row_coverage) StdoutLine: {'line': b'[100%] Built target test_swath_generator\n'}
[0.600307] (-) TimerEvent: {}
[0.601572] (opennav_coverage_navigator) CommandEnded: {'returncode': 0}
[0.601916] (opennav_coverage_navigator) JobProgress: {'identifier': 'opennav_coverage_navigator', 'progress': 'install'}
[0.602179] (opennav_coverage_navigator) Command: {'cmd': ['/usr/bin/cmake', '--install', '/home/ws/build/opennav_coverage_navigator'], 'cwd': '/home/ws/build/opennav_coverage_navigator', 'env': OrderedDict({'GZ_SIM_RESOURCE_PATH': '/opt/ros/jazzy/share', 'GZ_CONFIG_PATH': '/opt/ros/jazzy/opt/gz_sim_vendor/share/gz:/opt/ros/jazzy/opt/sdformat_vendor/share/gz:/opt/ros/jazzy/opt/gz_gui_vendor/share/gz:/opt/ros/jazzy/opt/gz_transport_vendor/share/gz:/opt/ros/jazzy/opt/gz_rendering_vendor/share/gz:/opt/ros/jazzy/opt/gz_plugin_vendor/share/gz:/opt/ros/jazzy/opt/gz_fuel_tools_vendor/share/gz:/opt/ros/jazzy/opt/gz_msgs_vendor/share/gz:/opt/ros/jazzy/opt/gz_common_vendor/share/gz', 'HOSTNAME': 'robotik-MS-7E27', 'GIT_ASKPASS': '/vscode/vscode-server/bin/linux-x64/0f0d87fa9e96c856c5212fc86db137ac0d783365/extensions/git/dist/askpass.sh', 'SHLVL': '2', 'LD_LIBRARY_PATH': '/home/ws/install/opennav_coverage_bt/lib:/home/ws/install/opennav_coverage/lib:/home/ws/install/opennav_coverage_msgs/lib:/home/ws/install/fields2cover/lib:/home/ws/install/opennav_row_coverage/lib:/home/ws/install/opennav_coverage_navigator/lib:/opt/ros/jazzy/opt/gz_sim_vendor/lib:/opt/ros/jazzy/opt/gz_sensors_vendor/lib:/opt/ros/jazzy/opt/gz_physics_vendor/lib:/opt/ros/jazzy/opt/sdformat_vendor/lib:/opt/ros/jazzy/opt/rviz_ogre_vendor/lib:/opt/ros/jazzy/lib/x86_64-linux-gnu:/opt/ros/jazzy/opt/gz_gui_vendor/lib:/opt/ros/jazzy/opt/gz_transport_vendor/lib:/opt/ros/jazzy/opt/gz_rendering_vendor/lib:/opt/ros/jazzy/opt/gz_plugin_vendor/lib:/opt/ros/jazzy/opt/gz_fuel_tools_vendor/lib:/opt/ros/jazzy/opt/gz_msgs_vendor/lib:/opt/ros/jazzy/opt/gz_common_vendor/lib:/opt/ros/jazzy/opt/gz_math_vendor/lib:/opt/ros/jazzy/opt/gz_utils_vendor/lib:/opt/ros/jazzy/opt/gz_tools_vendor/lib:/opt/ros/jazzy/opt/gz_ogre_next_vendor/lib:/opt/ros/jazzy/opt/gz_dartsim_vendor/lib:/opt/ros/jazzy/opt/gz_cmake_vendor/lib:/opt/ros/jazzy/lib', 'BROWSER': '/vscode/vscode-server/bin/linux-x64/0f0d87fa9e96c856c5212fc86db137ac0d783365/bin/helpers/browser.sh', 'HOME': '/home/robotik', 'TERM_PROGRAM_VERSION': '1.104.1', 'VSCODE_IPC_HOOK_CLI': '/tmp/vscode-ipc-05d4a918-3f54-4c4e-aa49-337cf9faf132.sock', 'ROS_PYTHON_VERSION': '3', 'VSCODE_GIT_ASKPASS_MAIN': '/vscode/vscode-server/bin/linux-x64/0f0d87fa9e96c856c5212fc86db137ac0d783365/extensions/git/dist/askpass-main.js', 'VSCODE_GIT_ASKPASS_NODE': '/vscode/vscode-server/bin/linux-x64/0f0d87fa9e96c856c5212fc86db137ac0d783365/node', 'VSCODE_PYTHON_AUTOACTIVATE_GUARD': '1', 'COLORTERM': 'truecolor', 'REMOTE_CONTAINERS': 'true', 'COLCON_PREFIX_PATH': '/home/ws/install', 'ROS_DISTRO': 'jazzy', 'REMOTE_CONTAINERS_IPC': '/tmp/vscode-remote-containers-ipc-d0d67ee2-8b23-4d00-87f0-ed667bc59202.sock', '_': '/usr/bin/colcon', 'ROS_VERSION': '2', 'PKG_CONFIG_PATH': '/home/ws/install/fields2cover/lib/x86_64-linux-gnu/pkgconfig:/home/ws/install/fields2cover/lib/pkgconfig', 'TERM': 'xterm-256color', 'ROS_LOCALHOST_ONLY': '1', 'QT_X11_NO_MITSHM': '1', 'PATH': '/vscode/vscode-server/bin/linux-x64/0f0d87fa9e96c856c5212fc86db137ac0d783365/bin/remote-cli:/opt/ros/jazzy/opt/gz_msgs_vendor/bin:/opt/ros/jazzy/opt/gz_tools_vendor/bin:/opt/ros/jazzy/opt/gz_ogre_next_vendor/bin:/opt/ros/jazzy/bin:/usr/local/sbin:/usr/local/bin:/usr/sbin:/usr/bin:/sbin:/bin', 'REMOTE_CONTAINERS_SOCKETS': '["/tmp/vscode-ssh-auth-d0d67ee2-8b23-4d00-87f0-ed667bc59202.sock","/home/robotik/.gnupg/S.gpg-agent"]', 'DISPLAY': ':1', 'LANG': 'C.UTF-8', 'LS_COLORS': 'rs=0:di=01;34:ln=01;36:mh=00:pi=40;33:so=01;35:do=01;35:bd=40;33;01:cd=40;33;01:or=40;31;01:mi=00:su=37;41:sg=30;43:ca=00:tw=30;42:ow=34;42:st=37;44:ex=01;32:*.tar=01;31:*.tgz=01;31:*.arc=01;31:*.arj=01;31:*.taz=01;31:*.lha=01;31:*.lz4=01;31:*.lzh=01;31:*.lzma=01;31:*.tlz=01;31:*.txz=01;31:*.tzo=01;31:*.t7z=01;31:*.zip=01;31:*.z=01;31:*.dz=01;31:*.gz=01;31:*.lrz=01;31:*.lz=01;31:*.lzo=01;31:*.xz=01;31:*.zst=01;31:*.tzst=01;31:*.bz2=01;31:*.bz=01;31:*.tbz=01;31:*.tbz2=01;31:*.tz=01;31:*.deb=01;31:*.rpm=01;31:*.jar=01;31:*.war=01;31:*.ear=01;31:*.sar=01;31:*.rar=01;31:*.alz=01;31:*.ace=01;31:*.zoo=01;31:*.cpio=01;31:*.7z=01;31:*.rz=01;31:*.cab=01;31:*.wim=01;31:*.swm=01;31:*.dwm=01;31:*.esd=01;31:*.avif=01;35:*.jpg=01;35:*.jpeg=01;35:*.mjpg=01;35:*.mjpeg=01;35:*.gif=01;35:*.bmp=01;35:*.pbm=01;35:*.pgm=01;35:*.ppm=01;35:*.tga=01;35:*.xbm=01;35:*.xpm=01;35:*.tif=01;35:*.tiff=01;35:*.png=01;35:*.svg=01;35:*.svgz=01;35:*.mng=01;35:*.pcx=01;35:*.mov=01;35:*.mpg=01;35:*.mpeg=01;35:*.m2v=01;35:*.mkv=01;35:*.webm=01;35:*.webp=01;35:*.ogm=01;35:*.mp4=01;35:*.m4v=01;35:*.mp4v=01;35:*.vob=01;35:*.qt=01;35:*.nuv=01;35:*.wmv=01;35:*.asf=01;35:*.rm=01;35:*.rmvb=01;35:*.flc=01;35:*.avi=01;35:*.fli=01;35:*.flv=01;35:*.gl=01;35:*.dl=01;35:*.xcf=01;35:*.xwd=01;35:*.yuv=01;35:*.cgm=01;35:*.emf=01;35:*.ogv=01;35:*.ogx=01;35:*.aac=00;36:*.au=00;36:*.flac=00;36:*.m4a=00;36:*.mid=00;36:*.midi=00;36:*.mka=00;36:*.mp3=00;36:*.mpc=00;36:*.ogg=00;36:*.ra=00;36:*.wav=00;36:*.oga=00;36:*.opus=00;36:*.spx=00;36:*.xspf=00;36:*~=00;90:*#=00;90:*.bak=00;90:*.crdownload=00;90:*.dpkg-dist=00;90:*.dpkg-new=00;90:*.dpkg-old=00;90:*.dpkg-tmp=00;90:*.old=00;90:*.orig=00;90:*.part=00;90:*.rej=00;90:*.rpmnew=00;90:*.rpmorig=00;90:*.rpmsave=00;90:*.swp=00;90:*.tmp=00;90:*.ucf-dist=00;90:*.ucf-new=00;90:*.ucf-old=00;90:', 'VSCODE_GIT_IPC_HANDLE': '/tmp/vscode-git-097b13c4b4.sock', 'TERM_PROGRAM': 'vscode', 'SSH_AUTH_SOCK': '/tmp/vscode-ssh-auth-d0d67ee2-8b23-4d00-87f0-ed667bc59202.sock', 'ROS_DOMAIN_ID': '42', 'AMENT_PREFIX_PATH': '/home/ws/install/temizlik_navigation:/home/ws/install/opennav_coverage_demo:/home/ws/install/opennav_row_coverage:/home/ws/install/opennav_coverage_navigator:/home/ws/install/opennav_coverage_bt:/home/ws/install/opennav_coverage:/home/ws/install/opennav_coverage_msgs:/opt/ros/jazzy', 'SHELL': '/bin/bash', 'ROS_AUTOMATIC_DISCOVERY_RANGE': 'SUBNET', 'VSCODE_GIT_ASKPASS_EXTRA_ARGS': '', 'PWD': '/home/ws/build/opennav_coverage_navigator', 'TURTLEBOT3_MODEL': 'burger', 'LC_ALL': 'C.UTF-8', 'PYTHONPATH': '/home/ws/install/opennav_coverage_msgs/lib/python3.12/site-packages:/home/ws/install/opennav_coverage_demo/lib/python3.12/site-packages:/opt/ros/jazzy/lib/python3.12/site-packages', 'COLCON': '1', 'CMAKE_PREFIX_PATH': '/home/ws/install/opennav_coverage_bt:/home/ws/install/opennav_coverage:/home/ws/install/opennav_coverage_msgs:/home/ws/install/fields2cover:/home/ws/install/temizlik_navigation:/home/ws/install/opennav_row_coverage:/home/ws/install/opennav_coverage_navigator:/opt/ros/jazzy/opt/gz_sim_vendor:/opt/ros/jazzy/opt/gz_sensors_vendor:/opt/ros/jazzy/opt/gz_physics_vendor:/opt/ros/jazzy/opt/sdformat_vendor:/opt/ros/jazzy/opt/gz_gui_vendor:/opt/ros/jazzy/opt/gz_transport_vendor:/opt/ros/jazzy/opt/gz_rendering_vendor:/opt/ros/jazzy/opt/gz_plugin_vendor:/opt/ros/jazzy/opt/gz_fuel_tools_vendor:/opt/ros/jazzy/opt/gz_msgs_vendor:/opt/ros/jazzy/opt/gz_common_vendor:/opt/ros/jazzy/opt/gz_math_vendor:/opt/ros/jazzy/opt/gz_utils_vendor:/opt/ros/jazzy/opt/gz_tools_vendor:/opt/ros/jazzy/opt/gz_ogre_next_vendor:/opt/ros/jazzy/opt/gz_dartsim_vendor:/opt/ros/jazzy/opt/gz_cmake_vendor:/home/ws/install/opennav_coverage_demo:/opt/ros/jazzy'}), 'shell': False}
[0.606402] (opennav_row_coverage) CommandEnded: {'returncode': 0}
[0.606714] (opennav_row_coverage) JobProgress: {'identifier': 'opennav_row_coverage', 'progress': 'install'}
[0.606993] (opennav_row_coverage) Command: {'cmd': ['/usr/bin/cmake', '--install', '/home/ws/build/opennav_row_coverage'], 'cwd': '/home/ws/build/opennav_row_coverage', 'env': OrderedDict({'GZ_SIM_RESOURCE_PATH': '/opt/ros/jazzy/share', 'GZ_CONFIG_PATH': '/opt/ros/jazzy/opt/gz_sim_vendor/share/gz:/opt/ros/jazzy/opt/sdformat_vendor/share/gz:/opt/ros/jazzy/opt/gz_gui_vendor/share/gz:/opt/ros/jazzy/opt/gz_transport_vendor/share/gz:/opt/ros/jazzy/opt/gz_rendering_vendor/share/gz:/opt/ros/jazzy/opt/gz_plugin_vendor/share/gz:/opt/ros/jazzy/opt/gz_fuel_tools_vendor/share/gz:/opt/ros/jazzy/opt/gz_msgs_vendor/share/gz:/opt/ros/jazzy/opt/gz_common_vendor/share/gz', 'HOSTNAME': 'robotik-MS-7E27', 'GIT_ASKPASS': '/vscode/vscode-server/bin/linux-x64/0f0d87fa9e96c856c5212fc86db137ac0d783365/extensions/git/dist/askpass.sh', 'SHLVL': '2', 'LD_LIBRARY_PATH': '/home/ws/install/opennav_coverage/lib:/home/ws/install/opennav_coverage_msgs/lib:/home/ws/install/fields2cover/lib:/home/ws/install/opennav_row_coverage/lib:/home/ws/install/opennav_coverage_navigator/lib:/home/ws/install/opennav_coverage_bt/lib:/opt/ros/jazzy/opt/gz_sim_vendor/lib:/opt/ros/jazzy/opt/gz_sensors_vendor/lib:/opt/ros/jazzy/opt/gz_physics_vendor/lib:/opt/ros/jazzy/opt/sdformat_vendor/lib:/opt/ros/jazzy/opt/rviz_ogre_vendor/lib:/opt/ros/jazzy/lib/x86_64-linux-gnu:/opt/ros/jazzy/opt/gz_gui_vendor/lib:/opt/ros/jazzy/opt/gz_transport_vendor/lib:/opt/ros/jazzy/opt/gz_rendering_vendor/lib:/opt/ros/jazzy/opt/gz_plugin_vendor/lib:/opt/ros/jazzy/opt/gz_fuel_tools_vendor/lib:/opt/ros/jazzy/opt/gz_msgs_vendor/lib:/opt/ros/jazzy/opt/gz_common_vendor/lib:/opt/ros/jazzy/opt/gz_math_vendor/lib:/opt/ros/jazzy/opt/gz_utils_vendor/lib:/opt/ros/jazzy/opt/gz_tools_vendor/lib:/opt/ros/jazzy/opt/gz_ogre_next_vendor/lib:/opt/ros/jazzy/opt/gz_dartsim_vendor/lib:/opt/ros/jazzy/opt/gz_cmake_vendor/lib:/opt/ros/jazzy/lib', 'BROWSER': '/vscode/vscode-server/bin/linux-x64/0f0d87fa9e96c856c5212fc86db137ac0d783365/bin/helpers/browser.sh', 'HOME': '/home/robotik', 'TERM_PROGRAM_VERSION': '1.104.1', 'VSCODE_IPC_HOOK_CLI': '/tmp/vscode-ipc-05d4a918-3f54-4c4e-aa49-337cf9faf132.sock', 'ROS_PYTHON_VERSION': '3', 'VSCODE_GIT_ASKPASS_MAIN': '/vscode/vscode-server/bin/linux-x64/0f0d87fa9e96c856c5212fc86db137ac0d783365/extensions/git/dist/askpass-main.js', 'VSCODE_GIT_ASKPASS_NODE': '/vscode/vscode-server/bin/linux-x64/0f0d87fa9e96c856c5212fc86db137ac0d783365/node', 'VSCODE_PYTHON_AUTOACTIVATE_GUARD': '1', 'COLORTERM': 'truecolor', 'REMOTE_CONTAINERS': 'true', 'COLCON_PREFIX_PATH': '/home/ws/install', 'ROS_DISTRO': 'jazzy', 'REMOTE_CONTAINERS_IPC': '/tmp/vscode-remote-containers-ipc-d0d67ee2-8b23-4d00-87f0-ed667bc59202.sock', '_': '/usr/bin/colcon', 'ROS_VERSION': '2', 'PKG_CONFIG_PATH': '/home/ws/install/fields2cover/lib/x86_64-linux-gnu/pkgconfig:/home/ws/install/fields2cover/lib/pkgconfig', 'TERM': 'xterm-256color', 'ROS_LOCALHOST_ONLY': '1', 'QT_X11_NO_MITSHM': '1', 'PATH': '/vscode/vscode-server/bin/linux-x64/0f0d87fa9e96c856c5212fc86db137ac0d783365/bin/remote-cli:/opt/ros/jazzy/opt/gz_msgs_vendor/bin:/opt/ros/jazzy/opt/gz_tools_vendor/bin:/opt/ros/jazzy/opt/gz_ogre_next_vendor/bin:/opt/ros/jazzy/bin:/usr/local/sbin:/usr/local/bin:/usr/sbin:/usr/bin:/sbin:/bin', 'REMOTE_CONTAINERS_SOCKETS': '["/tmp/vscode-ssh-auth-d0d67ee2-8b23-4d00-87f0-ed667bc59202.sock","/home/robotik/.gnupg/S.gpg-agent"]', 'DISPLAY': ':1', 'LANG': 'C.UTF-8', 'LS_COLORS': 'rs=0:di=01;34:ln=01;36:mh=00:pi=40;33:so=01;35:do=01;35:bd=40;33;01:cd=40;33;01:or=40;31;01:mi=00:su=37;41:sg=30;43:ca=00:tw=30;42:ow=34;42:st=37;44:ex=01;32:*.tar=01;31:*.tgz=01;31:*.arc=01;31:*.arj=01;31:*.taz=01;31:*.lha=01;31:*.lz4=01;31:*.lzh=01;31:*.lzma=01;31:*.tlz=01;31:*.txz=01;31:*.tzo=01;31:*.t7z=01;31:*.zip=01;31:*.z=01;31:*.dz=01;31:*.gz=01;31:*.lrz=01;31:*.lz=01;31:*.lzo=01;31:*.xz=01;31:*.zst=01;31:*.tzst=01;31:*.bz2=01;31:*.bz=01;31:*.tbz=01;31:*.tbz2=01;31:*.tz=01;31:*.deb=01;31:*.rpm=01;31:*.jar=01;31:*.war=01;31:*.ear=01;31:*.sar=01;31:*.rar=01;31:*.alz=01;31:*.ace=01;31:*.zoo=01;31:*.cpio=01;31:*.7z=01;31:*.rz=01;31:*.cab=01;31:*.wim=01;31:*.swm=01;31:*.dwm=01;31:*.esd=01;31:*.avif=01;35:*.jpg=01;35:*.jpeg=01;35:*.mjpg=01;35:*.mjpeg=01;35:*.gif=01;35:*.bmp=01;35:*.pbm=01;35:*.pgm=01;35:*.ppm=01;35:*.tga=01;35:*.xbm=01;35:*.xpm=01;35:*.tif=01;35:*.tiff=01;35:*.png=01;35:*.svg=01;35:*.svgz=01;35:*.mng=01;35:*.pcx=01;35:*.mov=01;35:*.mpg=01;35:*.mpeg=01;35:*.m2v=01;35:*.mkv=01;35:*.webm=01;35:*.webp=01;35:*.ogm=01;35:*.mp4=01;35:*.m4v=01;35:*.mp4v=01;35:*.vob=01;35:*.qt=01;35:*.nuv=01;35:*.wmv=01;35:*.asf=01;35:*.rm=01;35:*.rmvb=01;35:*.flc=01;35:*.avi=01;35:*.fli=01;35:*.flv=01;35:*.gl=01;35:*.dl=01;35:*.xcf=01;35:*.xwd=01;35:*.yuv=01;35:*.cgm=01;35:*.emf=01;35:*.ogv=01;35:*.ogx=01;35:*.aac=00;36:*.au=00;36:*.flac=00;36:*.m4a=00;36:*.mid=00;36:*.midi=00;36:*.mka=00;36:*.mp3=00;36:*.mpc=00;36:*.ogg=00;36:*.ra=00;36:*.wav=00;36:*.oga=00;36:*.opus=00;36:*.spx=00;36:*.xspf=00;36:*~=00;90:*#=00;90:*.bak=00;90:*.crdownload=00;90:*.dpkg-dist=00;90:*.dpkg-new=00;90:*.dpkg-old=00;90:*.dpkg-tmp=00;90:*.old=00;90:*.orig=00;90:*.part=00;90:*.rej=00;90:*.rpmnew=00;90:*.rpmorig=00;90:*.rpmsave=00;90:*.swp=00;90:*.tmp=00;90:*.ucf-dist=00;90:*.ucf-new=00;90:*.ucf-old=00;90:', 'VSCODE_GIT_IPC_HANDLE': '/tmp/vscode-git-097b13c4b4.sock', 'TERM_PROGRAM': 'vscode', 'SSH_AUTH_SOCK': '/tmp/vscode-ssh-auth-d0d67ee2-8b23-4d00-87f0-ed667bc59202.sock', 'ROS_DOMAIN_ID': '42', 'AMENT_PREFIX_PATH': '/home/ws/install/temizlik_navigation:/home/ws/install/opennav_coverage_demo:/home/ws/install/opennav_row_coverage:/home/ws/install/opennav_coverage_navigator:/home/ws/install/opennav_coverage_bt:/home/ws/install/opennav_coverage:/home/ws/install/opennav_coverage_msgs:/opt/ros/jazzy', 'SHELL': '/bin/bash', 'ROS_AUTOMATIC_DISCOVERY_RANGE': 'SUBNET', 'VSCODE_GIT_ASKPASS_EXTRA_ARGS': '', 'PWD': '/home/ws/build/opennav_row_coverage', 'TURTLEBOT3_MODEL': 'burger', 'LC_ALL': 'C.UTF-8', 'PYTHONPATH': '/home/ws/install/opennav_coverage_msgs/lib/python3.12/site-packages:/home/ws/install/opennav_coverage_demo/lib/python3.12/site-packages:/opt/ros/jazzy/lib/python3.12/site-packages', 'COLCON': '1', 'CMAKE_PREFIX_PATH': '/home/ws/install/opennav_coverage:/home/ws/install/opennav_coverage_msgs:/home/ws/install/fields2cover:/home/ws/install/temizlik_navigation:/home/ws/install/opennav_row_coverage:/home/ws/install/opennav_coverage_navigator:/home/ws/install/opennav_coverage_bt:/opt/ros/jazzy/opt/gz_sim_vendor:/opt/ros/jazzy/opt/gz_sensors_vendor:/opt/ros/jazzy/opt/gz_physics_vendor:/opt/ros/jazzy/opt/sdformat_vendor:/opt/ros/jazzy/opt/gz_gui_vendor:/opt/ros/jazzy/opt/gz_transport_vendor:/opt/ros/jazzy/opt/gz_rendering_vendor:/opt/ros/jazzy/opt/gz_plugin_vendor:/opt/ros/jazzy/opt/gz_fuel_tools_vendor:/opt/ros/jazzy/opt/gz_msgs_vendor:/opt/ros/jazzy/opt/gz_common_vendor:/opt/ros/jazzy/opt/gz_math_vendor:/opt/ros/jazzy/opt/gz_utils_vendor:/opt/ros/jazzy/opt/gz_tools_vendor:/opt/ros/jazzy/opt/gz_ogre_next_vendor:/opt/ros/jazzy/opt/gz_dartsim_vendor:/opt/ros/jazzy/opt/gz_cmake_vendor:/home/ws/install/opennav_coverage_demo:/opt/ros/jazzy'}), 'shell': False}
[0.608883] (opennav_coverage_navigator) StdoutLine: {'line': b'-- Install configuration: ""\n'}
[0.609000] (opennav_coverage_navigator) StdoutLine: {'line': b'-- Up-to-date: /home/ws/install/opennav_coverage_navigator/share/opennav_coverage_navigator/navigator_plugins.xml\n'}
[0.609079] (opennav_coverage_navigator) StdoutLine: {'line': b'-- Up-to-date: /home/ws/install/opennav_coverage_navigator/lib/libopennav_coverage_navigator.so\n'}
[0.609235] (opennav_coverage_navigator) StdoutLine: {'line': b'-- Up-to-date: /home/ws/install/opennav_coverage_navigator/include/\n'}
[0.609361] (opennav_coverage_navigator) StdoutLine: {'line': b'-- Up-to-date: /home/ws/install/opennav_coverage_navigator/include//opennav_coverage_navigator\n'}
[0.609485] (opennav_coverage_navigator) StdoutLine: {'line': b'-- Up-to-date: /home/ws/install/opennav_coverage_navigator/include//opennav_coverage_navigator/coverage_navigator.hpp\n'}
[0.609575] (opennav_coverage_navigator) StdoutLine: {'line': b'-- Up-to-date: /home/ws/install/opennav_coverage_navigator/share/opennav_coverage_navigator/environment/library_path.sh\n'}
[0.609649] (opennav_coverage_navigator) StdoutLine: {'line': b'-- Up-to-date: /home/ws/install/opennav_coverage_navigator/share/opennav_coverage_navigator/environment/library_path.dsv\n'}
[0.609718] (opennav_coverage_navigator) StdoutLine: {'line': b'-- Up-to-date: /home/ws/install/opennav_coverage_navigator/share/ament_index/resource_index/package_run_dependencies/opennav_coverage_navigator\n'}
[0.609784] (opennav_coverage_navigator) StdoutLine: {'line': b'-- Up-to-date: /home/ws/install/opennav_coverage_navigator/share/ament_index/resource_index/parent_prefix_path/opennav_coverage_navigator\n'}
[0.609842] (opennav_coverage_navigator) StdoutLine: {'line': b'-- Up-to-date: /home/ws/install/opennav_coverage_navigator/share/opennav_coverage_navigator/environment/ament_prefix_path.sh\n'}
[0.609893] (opennav_coverage_navigator) StdoutLine: {'line': b'-- Up-to-date: /home/ws/install/opennav_coverage_navigator/share/opennav_coverage_navigator/environment/ament_prefix_path.dsv\n'}
[0.609954] (opennav_coverage_navigator) StdoutLine: {'line': b'-- Up-to-date: /home/ws/install/opennav_coverage_navigator/share/opennav_coverage_navigator/environment/path.sh\n'}
[0.610012] (opennav_coverage_navigator) StdoutLine: {'line': b'-- Up-to-date: /home/ws/install/opennav_coverage_navigator/share/opennav_coverage_navigator/environment/path.dsv\n'}
[0.610065] (opennav_coverage_navigator) StdoutLine: {'line': b'-- Up-to-date: /home/ws/install/opennav_coverage_navigator/share/opennav_coverage_navigator/local_setup.bash\n'}
[0.610111] (opennav_coverage_navigator) StdoutLine: {'line': b'-- Up-to-date: /home/ws/install/opennav_coverage_navigator/share/opennav_coverage_navigator/local_setup.sh\n'}
[0.610158] (opennav_coverage_navigator) StdoutLine: {'line': b'-- Up-to-date: /home/ws/install/opennav_coverage_navigator/share/opennav_coverage_navigator/local_setup.zsh\n'}
[0.610205] (opennav_coverage_navigator) StdoutLine: {'line': b'-- Up-to-date: /home/ws/install/opennav_coverage_navigator/share/opennav_coverage_navigator/local_setup.dsv\n'}
[0.610245] (opennav_coverage_navigator) StdoutLine: {'line': b'-- Installing: /home/ws/install/opennav_coverage_navigator/share/opennav_coverage_navigator/package.dsv\n'}
[0.610290] (opennav_coverage_navigator) StdoutLine: {'line': b'-- Up-to-date: /home/ws/install/opennav_coverage_navigator/share/ament_index/resource_index/packages/opennav_coverage_navigator\n'}
[0.610332] (opennav_coverage_navigator) StdoutLine: {'line': b'-- Up-to-date: /home/ws/install/opennav_coverage_navigator/share/ament_index/resource_index/nav2_core__pluginlib__plugin/opennav_coverage_navigator\n'}
[0.610413] (opennav_coverage_navigator) StdoutLine: {'line': b'-- Up-to-date: /home/ws/install/opennav_coverage_navigator/share/opennav_coverage_navigator/cmake/ament_cmake_export_include_directories-extras.cmake\n'}
[0.610458] (opennav_coverage_navigator) StdoutLine: {'line': b'-- Up-to-date: /home/ws/install/opennav_coverage_navigator/share/opennav_coverage_navigator/cmake/ament_cmake_export_libraries-extras.cmake\n'}
[0.610497] (opennav_coverage_navigator) StdoutLine: {'line': b'-- Up-to-date: /home/ws/install/opennav_coverage_navigator/share/opennav_coverage_navigator/cmake/ament_cmake_export_dependencies-extras.cmake\n'}
[0.610532] (opennav_coverage_navigator) StdoutLine: {'line': b'-- Up-to-date: /home/ws/install/opennav_coverage_navigator/share/opennav_coverage_navigator/cmake/opennav_coverage_navigatorConfig.cmake\n'}
[0.610565] (opennav_coverage_navigator) StdoutLine: {'line': b'-- Up-to-date: /home/ws/install/opennav_coverage_navigator/share/opennav_coverage_navigator/cmake/opennav_coverage_navigatorConfig-version.cmake\n'}
[0.610597] (opennav_coverage_navigator) StdoutLine: {'line': b'-- Up-to-date: /home/ws/install/opennav_coverage_navigator/share/opennav_coverage_navigator/package.xml\n'}
[0.611629] (opennav_coverage_navigator) CommandEnded: {'returncode': 0}
[0.615040] (opennav_row_coverage) StdoutLine: {'line': b'-- Install configuration: ""\n'}
[0.615417] (opennav_row_coverage) StdoutLine: {'line': b'-- Up-to-date: /home/ws/install/opennav_row_coverage/lib/libopennav_row_coverage_core.so\n'}
[0.615542] (opennav_row_coverage) StdoutLine: {'line': b'-- Up-to-date: /home/ws/install/opennav_row_coverage/lib/opennav_row_coverage/opennav_row_coverage\n'}
[0.615709] (opennav_row_coverage) StdoutLine: {'line': b'-- Up-to-date: /home/ws/install/opennav_row_coverage/include/\n'}
[0.615933] (opennav_row_coverage) StdoutLine: {'line': b'-- Up-to-date: /home/ws/install/opennav_row_coverage/include//opennav_row_coverage\n'}
[0.616016] (opennav_row_coverage) StdoutLine: {'line': b'-- Up-to-date: /home/ws/install/opennav_row_coverage/include//opennav_row_coverage/row_swath_generator.hpp\n'}
[0.616075] (opennav_row_coverage) StdoutLine: {'line': b'-- Up-to-date: /home/ws/install/opennav_row_coverage/include//opennav_row_coverage/utils.hpp\n'}
[0.616159] (opennav_row_coverage) StdoutLine: {'line': b'-- Up-to-date: /home/ws/install/opennav_row_coverage/include//opennav_row_coverage/types.hpp\n'}
[0.616288] (opennav_row_coverage) StdoutLine: {'line': b'-- Up-to-date: /home/ws/install/opennav_row_coverage/include//opennav_row_coverage/row_coverage_server.hpp\n'}
[0.616477] (opennav_row_coverage) StdoutLine: {'line': b'-- Up-to-date: /home/ws/install/opennav_row_coverage/share/opennav_row_coverage/environment/library_path.sh\n'}
[0.616521] (opennav_row_coverage) StdoutLine: {'line': b'-- Up-to-date: /home/ws/install/opennav_row_coverage/share/opennav_row_coverage/environment/library_path.dsv\n'}
[0.616628] (opennav_row_coverage) StdoutLine: {'line': b'-- Up-to-date: /home/ws/install/opennav_row_coverage/share/ament_index/resource_index/package_run_dependencies/opennav_row_coverage\n'}
[0.616804] (opennav_row_coverage) StdoutLine: {'line': b'-- Up-to-date: /home/ws/install/opennav_row_coverage/share/ament_index/resource_index/parent_prefix_path/opennav_row_coverage\n'}
[0.616955] (opennav_row_coverage) StdoutLine: {'line': b'-- Up-to-date: /home/ws/install/opennav_row_coverage/share/opennav_row_coverage/environment/ament_prefix_path.sh\n'}
[0.617005] (opennav_row_coverage) StdoutLine: {'line': b'-- Up-to-date: /home/ws/install/opennav_row_coverage/share/opennav_row_coverage/environment/ament_prefix_path.dsv\n'}
[0.617081] (opennav_row_coverage) StdoutLine: {'line': b'-- Up-to-date: /home/ws/install/opennav_row_coverage/share/opennav_row_coverage/environment/path.sh\n'}
[0.617161] (opennav_row_coverage) StdoutLine: {'line': b'-- Up-to-date: /home/ws/install/opennav_row_coverage/share/opennav_row_coverage/environment/path.dsv\n'}
[0.617271] (opennav_row_coverage) StdoutLine: {'line': b'-- Up-to-date: /home/ws/install/opennav_row_coverage/share/opennav_row_coverage/local_setup.bash\n'}
[0.617330] (opennav_row_coverage) StdoutLine: {'line': b'-- Up-to-date: /home/ws/install/opennav_row_coverage/share/opennav_row_coverage/local_setup.sh\n'}
[0.617365] (opennav_row_coverage) StdoutLine: {'line': b'-- Up-to-date: /home/ws/install/opennav_row_coverage/share/opennav_row_coverage/local_setup.zsh\n'}
[0.617416] (opennav_row_coverage) StdoutLine: {'line': b'-- Up-to-date: /home/ws/install/opennav_row_coverage/share/opennav_row_coverage/local_setup.dsv\n'}
[0.617513] (opennav_row_coverage) StdoutLine: {'line': b'-- Installing: /home/ws/install/opennav_row_coverage/share/opennav_row_coverage/package.dsv\n'}
[0.617579] (opennav_row_coverage) StdoutLine: {'line': b'-- Up-to-date: /home/ws/install/opennav_row_coverage/share/ament_index/resource_index/packages/opennav_row_coverage\n'}
[0.617613] (opennav_row_coverage) StdoutLine: {'line': b'-- Up-to-date: /home/ws/install/opennav_row_coverage/share/ament_index/resource_index/rclcpp_components/opennav_row_coverage\n'}
[0.617664] (opennav_row_coverage) StdoutLine: {'line': b'-- Up-to-date: /home/ws/install/opennav_row_coverage/share/opennav_row_coverage/cmake/ament_cmake_export_include_directories-extras.cmake\n'}
[0.617781] (opennav_row_coverage) StdoutLine: {'line': b'-- Up-to-date: /home/ws/install/opennav_row_coverage/share/opennav_row_coverage/cmake/ament_cmake_export_libraries-extras.cmake\n'}
[0.617842] (opennav_row_coverage) StdoutLine: {'line': b'-- Up-to-date: /home/ws/install/opennav_row_coverage/share/opennav_row_coverage/cmake/ament_cmake_export_dependencies-extras.cmake\n'}
[0.617892] (opennav_row_coverage) StdoutLine: {'line': b'-- Up-to-date: /home/ws/install/opennav_row_coverage/share/opennav_row_coverage/cmake/opennav_row_coverageConfig.cmake\n'}
[0.617983] (opennav_row_coverage) StdoutLine: {'line': b'-- Up-to-date: /home/ws/install/opennav_row_coverage/share/opennav_row_coverage/cmake/opennav_row_coverageConfig-version.cmake\n'}
[0.618238] (opennav_row_coverage) StdoutLine: {'line': b'-- Up-to-date: /home/ws/install/opennav_row_coverage/share/opennav_row_coverage/package.xml\n'}
[0.622838] (opennav_coverage_navigator) JobEnded: {'identifier': 'opennav_coverage_navigator', 'rc': 0}
[0.623257] (temizlik_navigation) JobStarted: {'identifier': 'temizlik_navigation'}
[0.626501] (opennav_row_coverage) CommandEnded: {'returncode': 0}
[0.634533] (opennav_row_coverage) JobEnded: {'identifier': 'opennav_row_coverage', 'rc': 0}
[0.635186] (opennav_coverage_demo) JobStarted: {'identifier': 'opennav_coverage_demo'}
[0.639302] (temizlik_navigation) JobProgress: {'identifier': 'temizlik_navigation', 'progress': 'cmake'}
[0.639584] (temizlik_navigation) JobProgress: {'identifier': 'temizlik_navigation', 'progress': 'build'}
[0.639800] (temizlik_navigation) Command: {'cmd': ['/usr/bin/cmake', '--build', '/home/ws/build/temizlik_navigation', '--', '-j12', '-l12'], 'cwd': '/home/ws/build/temizlik_navigation', 'env': OrderedDict({'GZ_SIM_RESOURCE_PATH': '/opt/ros/jazzy/share', 'GZ_CONFIG_PATH': '/opt/ros/jazzy/opt/gz_sim_vendor/share/gz:/opt/ros/jazzy/opt/sdformat_vendor/share/gz:/opt/ros/jazzy/opt/gz_gui_vendor/share/gz:/opt/ros/jazzy/opt/gz_transport_vendor/share/gz:/opt/ros/jazzy/opt/gz_rendering_vendor/share/gz:/opt/ros/jazzy/opt/gz_plugin_vendor/share/gz:/opt/ros/jazzy/opt/gz_fuel_tools_vendor/share/gz:/opt/ros/jazzy/opt/gz_msgs_vendor/share/gz:/opt/ros/jazzy/opt/gz_common_vendor/share/gz', 'HOSTNAME': 'robotik-MS-7E27', 'GIT_ASKPASS': '/vscode/vscode-server/bin/linux-x64/0f0d87fa9e96c856c5212fc86db137ac0d783365/extensions/git/dist/askpass.sh', 'SHLVL': '2', 'LD_LIBRARY_PATH': '/home/ws/install/opennav_coverage_navigator/lib:/home/ws/install/opennav_coverage_bt/lib:/home/ws/install/opennav_coverage/lib:/home/ws/install/opennav_coverage_msgs/lib:/home/ws/install/fields2cover/lib:/home/ws/install/opennav_row_coverage/lib:/opt/ros/jazzy/opt/gz_sim_vendor/lib:/opt/ros/jazzy/opt/gz_sensors_vendor/lib:/opt/ros/jazzy/opt/gz_physics_vendor/lib:/opt/ros/jazzy/opt/sdformat_vendor/lib:/opt/ros/jazzy/opt/rviz_ogre_vendor/lib:/opt/ros/jazzy/lib/x86_64-linux-gnu:/opt/ros/jazzy/opt/gz_gui_vendor/lib:/opt/ros/jazzy/opt/gz_transport_vendor/lib:/opt/ros/jazzy/opt/gz_rendering_vendor/lib:/opt/ros/jazzy/opt/gz_plugin_vendor/lib:/opt/ros/jazzy/opt/gz_fuel_tools_vendor/lib:/opt/ros/jazzy/opt/gz_msgs_vendor/lib:/opt/ros/jazzy/opt/gz_common_vendor/lib:/opt/ros/jazzy/opt/gz_math_vendor/lib:/opt/ros/jazzy/opt/gz_utils_vendor/lib:/opt/ros/jazzy/opt/gz_tools_vendor/lib:/opt/ros/jazzy/opt/gz_ogre_next_vendor/lib:/opt/ros/jazzy/opt/gz_dartsim_vendor/lib:/opt/ros/jazzy/opt/gz_cmake_vendor/lib:/opt/ros/jazzy/lib', 'BROWSER': '/vscode/vscode-server/bin/linux-x64/0f0d87fa9e96c856c5212fc86db137ac0d783365/bin/helpers/browser.sh', 'HOME': '/home/robotik', 'TERM_PROGRAM_VERSION': '1.104.1', 'VSCODE_IPC_HOOK_CLI': '/tmp/vscode-ipc-05d4a918-3f54-4c4e-aa49-337cf9faf132.sock', 'ROS_PYTHON_VERSION': '3', 'VSCODE_GIT_ASKPASS_MAIN': '/vscode/vscode-server/bin/linux-x64/0f0d87fa9e96c856c5212fc86db137ac0d783365/extensions/git/dist/askpass-main.js', 'VSCODE_GIT_ASKPASS_NODE': '/vscode/vscode-server/bin/linux-x64/0f0d87fa9e96c856c5212fc86db137ac0d783365/node', 'VSCODE_PYTHON_AUTOACTIVATE_GUARD': '1', 'COLORTERM': 'truecolor', 'REMOTE_CONTAINERS': 'true', 'COLCON_PREFIX_PATH': '/home/ws/install', 'ROS_DISTRO': 'jazzy', 'REMOTE_CONTAINERS_IPC': '/tmp/vscode-remote-containers-ipc-d0d67ee2-8b23-4d00-87f0-ed667bc59202.sock', '_': '/usr/bin/colcon', 'ROS_VERSION': '2', 'PKG_CONFIG_PATH': '/home/ws/install/fields2cover/lib/x86_64-linux-gnu/pkgconfig:/home/ws/install/fields2cover/lib/pkgconfig', 'TERM': 'xterm-256color', 'ROS_LOCALHOST_ONLY': '1', 'QT_X11_NO_MITSHM': '1', 'PATH': '/vscode/vscode-server/bin/linux-x64/0f0d87fa9e96c856c5212fc86db137ac0d783365/bin/remote-cli:/opt/ros/jazzy/opt/gz_msgs_vendor/bin:/opt/ros/jazzy/opt/gz_tools_vendor/bin:/opt/ros/jazzy/opt/gz_ogre_next_vendor/bin:/opt/ros/jazzy/bin:/usr/local/sbin:/usr/local/bin:/usr/sbin:/usr/bin:/sbin:/bin', 'REMOTE_CONTAINERS_SOCKETS': '["/tmp/vscode-ssh-auth-d0d67ee2-8b23-4d00-87f0-ed667bc59202.sock","/home/robotik/.gnupg/S.gpg-agent"]', 'DISPLAY': ':1', 'LANG': 'C.UTF-8', 'LS_COLORS': 'rs=0:di=01;34:ln=01;36:mh=00:pi=40;33:so=01;35:do=01;35:bd=40;33;01:cd=40;33;01:or=40;31;01:mi=00:su=37;41:sg=30;43:ca=00:tw=30;42:ow=34;42:st=37;44:ex=01;32:*.tar=01;31:*.tgz=01;31:*.arc=01;31:*.arj=01;31:*.taz=01;31:*.lha=01;31:*.lz4=01;31:*.lzh=01;31:*.lzma=01;31:*.tlz=01;31:*.txz=01;31:*.tzo=01;31:*.t7z=01;31:*.zip=01;31:*.z=01;31:*.dz=01;31:*.gz=01;31:*.lrz=01;31:*.lz=01;31:*.lzo=01;31:*.xz=01;31:*.zst=01;31:*.tzst=01;31:*.bz2=01;31:*.bz=01;31:*.tbz=01;31:*.tbz2=01;31:*.tz=01;31:*.deb=01;31:*.rpm=01;31:*.jar=01;31:*.war=01;31:*.ear=01;31:*.sar=01;31:*.rar=01;31:*.alz=01;31:*.ace=01;31:*.zoo=01;31:*.cpio=01;31:*.7z=01;31:*.rz=01;31:*.cab=01;31:*.wim=01;31:*.swm=01;31:*.dwm=01;31:*.esd=01;31:*.avif=01;35:*.jpg=01;35:*.jpeg=01;35:*.mjpg=01;35:*.mjpeg=01;35:*.gif=01;35:*.bmp=01;35:*.pbm=01;35:*.pgm=01;35:*.ppm=01;35:*.tga=01;35:*.xbm=01;35:*.xpm=01;35:*.tif=01;35:*.tiff=01;35:*.png=01;35:*.svg=01;35:*.svgz=01;35:*.mng=01;35:*.pcx=01;35:*.mov=01;35:*.mpg=01;35:*.mpeg=01;35:*.m2v=01;35:*.mkv=01;35:*.webm=01;35:*.webp=01;35:*.ogm=01;35:*.mp4=01;35:*.m4v=01;35:*.mp4v=01;35:*.vob=01;35:*.qt=01;35:*.nuv=01;35:*.wmv=01;35:*.asf=01;35:*.rm=01;35:*.rmvb=01;35:*.flc=01;35:*.avi=01;35:*.fli=01;35:*.flv=01;35:*.gl=01;35:*.dl=01;35:*.xcf=01;35:*.xwd=01;35:*.yuv=01;35:*.cgm=01;35:*.emf=01;35:*.ogv=01;35:*.ogx=01;35:*.aac=00;36:*.au=00;36:*.flac=00;36:*.m4a=00;36:*.mid=00;36:*.midi=00;36:*.mka=00;36:*.mp3=00;36:*.mpc=00;36:*.ogg=00;36:*.ra=00;36:*.wav=00;36:*.oga=00;36:*.opus=00;36:*.spx=00;36:*.xspf=00;36:*~=00;90:*#=00;90:*.bak=00;90:*.crdownload=00;90:*.dpkg-dist=00;90:*.dpkg-new=00;90:*.dpkg-old=00;90:*.dpkg-tmp=00;90:*.old=00;90:*.orig=00;90:*.part=00;90:*.rej=00;90:*.rpmnew=00;90:*.rpmorig=00;90:*.rpmsave=00;90:*.swp=00;90:*.tmp=00;90:*.ucf-dist=00;90:*.ucf-new=00;90:*.ucf-old=00;90:', 'VSCODE_GIT_IPC_HANDLE': '/tmp/vscode-git-097b13c4b4.sock', 'TERM_PROGRAM': 'vscode', 'SSH_AUTH_SOCK': '/tmp/vscode-ssh-auth-d0d67ee2-8b23-4d00-87f0-ed667bc59202.sock', 'ROS_DOMAIN_ID': '42', 'AMENT_PREFIX_PATH': '/home/ws/install/temizlik_navigation:/home/ws/install/opennav_coverage_demo:/home/ws/install/opennav_row_coverage:/home/ws/install/opennav_coverage_navigator:/home/ws/install/opennav_coverage_bt:/home/ws/install/opennav_coverage:/home/ws/install/opennav_coverage_msgs:/opt/ros/jazzy', 'SHELL': '/bin/bash', 'ROS_AUTOMATIC_DISCOVERY_RANGE': 'SUBNET', 'VSCODE_GIT_ASKPASS_EXTRA_ARGS': '', 'PWD': '/home/ws/build/temizlik_navigation', 'TURTLEBOT3_MODEL': 'burger', 'LC_ALL': 'C.UTF-8', 'PYTHONPATH': '/home/ws/install/opennav_coverage_msgs/lib/python3.12/site-packages:/home/ws/install/opennav_coverage_demo/lib/python3.12/site-packages:/opt/ros/jazzy/lib/python3.12/site-packages', 'COLCON': '1', 'CMAKE_PREFIX_PATH': '/home/ws/install/opennav_coverage_navigator:/home/ws/install/opennav_coverage_bt:/home/ws/install/opennav_coverage:/home/ws/install/opennav_coverage_msgs:/home/ws/install/fields2cover:/home/ws/install/temizlik_navigation:/home/ws/install/opennav_row_coverage:/opt/ros/jazzy/opt/gz_sim_vendor:/opt/ros/jazzy/opt/gz_sensors_vendor:/opt/ros/jazzy/opt/gz_physics_vendor:/opt/ros/jazzy/opt/sdformat_vendor:/opt/ros/jazzy/opt/gz_gui_vendor:/opt/ros/jazzy/opt/gz_transport_vendor:/opt/ros/jazzy/opt/gz_rendering_vendor:/opt/ros/jazzy/opt/gz_plugin_vendor:/opt/ros/jazzy/opt/gz_fuel_tools_vendor:/opt/ros/jazzy/opt/gz_msgs_vendor:/opt/ros/jazzy/opt/gz_common_vendor:/opt/ros/jazzy/opt/gz_math_vendor:/opt/ros/jazzy/opt/gz_utils_vendor:/opt/ros/jazzy/opt/gz_tools_vendor:/opt/ros/jazzy/opt/gz_ogre_next_vendor:/opt/ros/jazzy/opt/gz_dartsim_vendor:/opt/ros/jazzy/opt/gz_cmake_vendor:/home/ws/install/opennav_coverage_demo:/opt/ros/jazzy'}), 'shell': False}
[0.665905] (temizlik_navigation) StdoutLine: {'line': b'-- Found ament_cmake: 2.5.5 (/opt/ros/jazzy/share/ament_cmake/cmake)\n'}
[0.700396] (-) TimerEvent: {}
[0.800617] (-) TimerEvent: {}
[0.813703] (temizlik_navigation) StdoutLine: {'line': b'-- Found rclcpp: 28.1.16 (/opt/ros/jazzy/share/rclcpp/cmake)\n'}
[0.834661] (temizlik_navigation) StdoutLine: {'line': b'-- Found rosidl_generator_c: 4.6.7 (/opt/ros/jazzy/share/rosidl_generator_c/cmake)\n'}
[0.840399] (temizlik_navigation) StdoutLine: {'line': b'-- Found rosidl_generator_cpp: 4.6.7 (/opt/ros/jazzy/share/rosidl_generator_cpp/cmake)\n'}
[0.855764] (temizlik_navigation) StdoutLine: {'line': b'-- Using all available rosidl_typesupport_c: rosidl_typesupport_fastrtps_c;rosidl_typesupport_introspection_c\n'}
[0.868450] (temizlik_navigation) StdoutLine: {'line': b'-- Using all available rosidl_typesupport_cpp: rosidl_typesupport_fastrtps_cpp;rosidl_typesupport_introspection_cpp\n'}
[0.900700] (-) TimerEvent: {}
[0.907998] (temizlik_navigation) StdoutLine: {'line': b'-- Found rmw_implementation_cmake: 7.3.3 (/opt/ros/jazzy/share/rmw_implementation_cmake/cmake)\n'}
[0.908975] (temizlik_navigation) StdoutLine: {'line': b'-- Found rmw_fastrtps_cpp: 8.4.3 (/opt/ros/jazzy/share/rmw_fastrtps_cpp/cmake)\n'}
[0.951488] (temizlik_navigation) StdoutLine: {'line': b"-- Using RMW implementation 'rmw_fastrtps_cpp' as default\n"}
[0.990392] (temizlik_navigation) StdoutLine: {'line': b'-- Found rclcpp_action: 28.1.16 (/opt/ros/jazzy/share/rclcpp_action/cmake)\n'}
[1.000769] (-) TimerEvent: {}
[1.013991] (temizlik_navigation) StdoutLine: {'line': b'-- Found geometry_msgs: 5.3.6 (/opt/ros/jazzy/share/geometry_msgs/cmake)\n'}
[1.032363] (temizlik_navigation) StdoutLine: {'line': b'-- Found nav_msgs: 5.3.6 (/opt/ros/jazzy/share/nav_msgs/cmake)\n'}
[1.048258] (temizlik_navigation) StdoutLine: {'line': b'-- Found nav2_msgs: 1.3.10 (/opt/ros/jazzy/share/nav2_msgs/cmake)\n'}
[1.089960] (opennav_coverage_demo) Command: {'cmd': ['/usr/bin/python3', '-W', 'ignore:setup.py install is deprecated', '-W', 'ignore:easy_install command is deprecated', 'setup.py', 'egg_info', '--egg-base', '../../../build/opennav_coverage_demo', 'build', '--build-base', '/home/ws/build/opennav_coverage_demo/build', 'install', '--record', '/home/ws/build/opennav_coverage_demo/install.log', '--single-version-externally-managed', 'install_data'], 'cwd': '/home/ws/src/opennav_coverage/opennav_coverage_demo', 'env': {'GZ_SIM_RESOURCE_PATH': '/opt/ros/jazzy/share', 'GZ_CONFIG_PATH': '/opt/ros/jazzy/opt/gz_sim_vendor/share/gz:/opt/ros/jazzy/opt/sdformat_vendor/share/gz:/opt/ros/jazzy/opt/gz_gui_vendor/share/gz:/opt/ros/jazzy/opt/gz_transport_vendor/share/gz:/opt/ros/jazzy/opt/gz_rendering_vendor/share/gz:/opt/ros/jazzy/opt/gz_plugin_vendor/share/gz:/opt/ros/jazzy/opt/gz_fuel_tools_vendor/share/gz:/opt/ros/jazzy/opt/gz_msgs_vendor/share/gz:/opt/ros/jazzy/opt/gz_common_vendor/share/gz', 'HOSTNAME': 'robotik-MS-7E27', 'GIT_ASKPASS': '/vscode/vscode-server/bin/linux-x64/0f0d87fa9e96c856c5212fc86db137ac0d783365/extensions/git/dist/askpass.sh', 'SHLVL': '2', 'LD_LIBRARY_PATH': '/home/ws/install/opennav_row_coverage/lib:/home/ws/install/opennav_coverage_navigator/lib:/home/ws/install/opennav_coverage_bt/lib:/home/ws/install/opennav_coverage/lib:/home/ws/install/opennav_coverage_msgs/lib:/home/ws/install/fields2cover/lib:/opt/ros/jazzy/opt/gz_sim_vendor/lib:/opt/ros/jazzy/opt/gz_sensors_vendor/lib:/opt/ros/jazzy/opt/gz_physics_vendor/lib:/opt/ros/jazzy/opt/sdformat_vendor/lib:/opt/ros/jazzy/opt/rviz_ogre_vendor/lib:/opt/ros/jazzy/lib/x86_64-linux-gnu:/opt/ros/jazzy/opt/gz_gui_vendor/lib:/opt/ros/jazzy/opt/gz_transport_vendor/lib:/opt/ros/jazzy/opt/gz_rendering_vendor/lib:/opt/ros/jazzy/opt/gz_plugin_vendor/lib:/opt/ros/jazzy/opt/gz_fuel_tools_vendor/lib:/opt/ros/jazzy/opt/gz_msgs_vendor/lib:/opt/ros/jazzy/opt/gz_common_vendor/lib:/opt/ros/jazzy/opt/gz_math_vendor/lib:/opt/ros/jazzy/opt/gz_utils_vendor/lib:/opt/ros/jazzy/opt/gz_tools_vendor/lib:/opt/ros/jazzy/opt/gz_ogre_next_vendor/lib:/opt/ros/jazzy/opt/gz_dartsim_vendor/lib:/opt/ros/jazzy/opt/gz_cmake_vendor/lib:/opt/ros/jazzy/lib', 'BROWSER': '/vscode/vscode-server/bin/linux-x64/0f0d87fa9e96c856c5212fc86db137ac0d783365/bin/helpers/browser.sh', 'HOME': '/home/robotik', 'TERM_PROGRAM_VERSION': '1.104.1', 'VSCODE_IPC_HOOK_CLI': '/tmp/vscode-ipc-05d4a918-3f54-4c4e-aa49-337cf9faf132.sock', 'ROS_PYTHON_VERSION': '3', 'VSCODE_GIT_ASKPASS_MAIN': '/vscode/vscode-server/bin/linux-x64/0f0d87fa9e96c856c5212fc86db137ac0d783365/extensions/git/dist/askpass-main.js', 'VSCODE_GIT_ASKPASS_NODE': '/vscode/vscode-server/bin/linux-x64/0f0d87fa9e96c856c5212fc86db137ac0d783365/node', 'VSCODE_PYTHON_AUTOACTIVATE_GUARD': '1', 'COLORTERM': 'truecolor', 'REMOTE_CONTAINERS': 'true', 'COLCON_PREFIX_PATH': '/home/ws/install', 'ROS_DISTRO': 'jazzy', 'REMOTE_CONTAINERS_IPC': '/tmp/vscode-remote-containers-ipc-d0d67ee2-8b23-4d00-87f0-ed667bc59202.sock', '_': '/usr/bin/colcon', 'ROS_VERSION': '2', 'PKG_CONFIG_PATH': '/home/ws/install/fields2cover/lib/x86_64-linux-gnu/pkgconfig:/home/ws/install/fields2cover/lib/pkgconfig', 'TERM': 'xterm-256color', 'ROS_LOCALHOST_ONLY': '1', 'QT_X11_NO_MITSHM': '1', 'PATH': '/vscode/vscode-server/bin/linux-x64/0f0d87fa9e96c856c5212fc86db137ac0d783365/bin/remote-cli:/opt/ros/jazzy/opt/gz_msgs_vendor/bin:/opt/ros/jazzy/opt/gz_tools_vendor/bin:/opt/ros/jazzy/opt/gz_ogre_next_vendor/bin:/opt/ros/jazzy/bin:/usr/local/sbin:/usr/local/bin:/usr/sbin:/usr/bin:/sbin:/bin', 'REMOTE_CONTAINERS_SOCKETS': '["/tmp/vscode-ssh-auth-d0d67ee2-8b23-4d00-87f0-ed667bc59202.sock","/home/robotik/.gnupg/S.gpg-agent"]', 'DISPLAY': ':1', 'LANG': 'C.UTF-8', 'LS_COLORS': 'rs=0:di=01;34:ln=01;36:mh=00:pi=40;33:so=01;35:do=01;35:bd=40;33;01:cd=40;33;01:or=40;31;01:mi=00:su=37;41:sg=30;43:ca=00:tw=30;42:ow=34;42:st=37;44:ex=01;32:*.tar=01;31:*.tgz=01;31:*.arc=01;31:*.arj=01;31:*.taz=01;31:*.lha=01;31:*.lz4=01;31:*.lzh=01;31:*.lzma=01;31:*.tlz=01;31:*.txz=01;31:*.tzo=01;31:*.t7z=01;31:*.zip=01;31:*.z=01;31:*.dz=01;31:*.gz=01;31:*.lrz=01;31:*.lz=01;31:*.lzo=01;31:*.xz=01;31:*.zst=01;31:*.tzst=01;31:*.bz2=01;31:*.bz=01;31:*.tbz=01;31:*.tbz2=01;31:*.tz=01;31:*.deb=01;31:*.rpm=01;31:*.jar=01;31:*.war=01;31:*.ear=01;31:*.sar=01;31:*.rar=01;31:*.alz=01;31:*.ace=01;31:*.zoo=01;31:*.cpio=01;31:*.7z=01;31:*.rz=01;31:*.cab=01;31:*.wim=01;31:*.swm=01;31:*.dwm=01;31:*.esd=01;31:*.avif=01;35:*.jpg=01;35:*.jpeg=01;35:*.mjpg=01;35:*.mjpeg=01;35:*.gif=01;35:*.bmp=01;35:*.pbm=01;35:*.pgm=01;35:*.ppm=01;35:*.tga=01;35:*.xbm=01;35:*.xpm=01;35:*.tif=01;35:*.tiff=01;35:*.png=01;35:*.svg=01;35:*.svgz=01;35:*.mng=01;35:*.pcx=01;35:*.mov=01;35:*.mpg=01;35:*.mpeg=01;35:*.m2v=01;35:*.mkv=01;35:*.webm=01;35:*.webp=01;35:*.ogm=01;35:*.mp4=01;35:*.m4v=01;35:*.mp4v=01;35:*.vob=01;35:*.qt=01;35:*.nuv=01;35:*.wmv=01;35:*.asf=01;35:*.rm=01;35:*.rmvb=01;35:*.flc=01;35:*.avi=01;35:*.fli=01;35:*.flv=01;35:*.gl=01;35:*.dl=01;35:*.xcf=01;35:*.xwd=01;35:*.yuv=01;35:*.cgm=01;35:*.emf=01;35:*.ogv=01;35:*.ogx=01;35:*.aac=00;36:*.au=00;36:*.flac=00;36:*.m4a=00;36:*.mid=00;36:*.midi=00;36:*.mka=00;36:*.mp3=00;36:*.mpc=00;36:*.ogg=00;36:*.ra=00;36:*.wav=00;36:*.oga=00;36:*.opus=00;36:*.spx=00;36:*.xspf=00;36:*~=00;90:*#=00;90:*.bak=00;90:*.crdownload=00;90:*.dpkg-dist=00;90:*.dpkg-new=00;90:*.dpkg-old=00;90:*.dpkg-tmp=00;90:*.old=00;90:*.orig=00;90:*.part=00;90:*.rej=00;90:*.rpmnew=00;90:*.rpmorig=00;90:*.rpmsave=00;90:*.swp=00;90:*.tmp=00;90:*.ucf-dist=00;90:*.ucf-new=00;90:*.ucf-old=00;90:', 'VSCODE_GIT_IPC_HANDLE': '/tmp/vscode-git-097b13c4b4.sock', 'TERM_PROGRAM': 'vscode', 'SSH_AUTH_SOCK': '/tmp/vscode-ssh-auth-d0d67ee2-8b23-4d00-87f0-ed667bc59202.sock', 'ROS_DOMAIN_ID': '42', 'AMENT_PREFIX_PATH': '/home/ws/install/temizlik_navigation:/home/ws/install/opennav_coverage_demo:/home/ws/install/opennav_row_coverage:/home/ws/install/opennav_coverage_navigator:/home/ws/install/opennav_coverage_bt:/home/ws/install/opennav_coverage:/home/ws/install/opennav_coverage_msgs:/opt/ros/jazzy', 'SHELL': '/bin/bash', 'ROS_AUTOMATIC_DISCOVERY_RANGE': 'SUBNET', 'VSCODE_GIT_ASKPASS_EXTRA_ARGS': '', 'PWD': '/home/ws/build/opennav_coverage_demo', 'TURTLEBOT3_MODEL': 'burger', 'LC_ALL': 'C.UTF-8', 'PYTHONPATH': '/home/ws/build/opennav_coverage_demo/prefix_override:/usr/lib/python3/dist-packages/colcon_core/task/python/colcon_distutils_commands:/home/ws/install/opennav_coverage_demo/lib/python3.12/site-packages:/home/ws/install/opennav_coverage_msgs/lib/python3.12/site-packages:/home/ws/install/opennav_coverage_demo/lib/python3.12/site-packages:/opt/ros/jazzy/lib/python3.12/site-packages', 'COLCON': '1', 'CMAKE_PREFIX_PATH': '/home/ws/install/opennav_row_coverage:/home/ws/install/opennav_coverage_navigator:/home/ws/install/opennav_coverage_bt:/home/ws/install/opennav_coverage:/home/ws/install/opennav_coverage_msgs:/home/ws/install/fields2cover:/home/ws/install/temizlik_navigation:/opt/ros/jazzy/opt/gz_sim_vendor:/opt/ros/jazzy/opt/gz_sensors_vendor:/opt/ros/jazzy/opt/gz_physics_vendor:/opt/ros/jazzy/opt/sdformat_vendor:/opt/ros/jazzy/opt/gz_gui_vendor:/opt/ros/jazzy/opt/gz_transport_vendor:/opt/ros/jazzy/opt/gz_rendering_vendor:/opt/ros/jazzy/opt/gz_plugin_vendor:/opt/ros/jazzy/opt/gz_fuel_tools_vendor:/opt/ros/jazzy/opt/gz_msgs_vendor:/opt/ros/jazzy/opt/gz_common_vendor:/opt/ros/jazzy/opt/gz_math_vendor:/opt/ros/jazzy/opt/gz_utils_vendor:/opt/ros/jazzy/opt/gz_tools_vendor:/opt/ros/jazzy/opt/gz_ogre_next_vendor:/opt/ros/jazzy/opt/gz_dartsim_vendor:/opt/ros/jazzy/opt/gz_cmake_vendor'}, 'shell': False}
[1.100843] (-) TimerEvent: {}
[1.103808] (temizlik_navigation) StdoutLine: {'line': b'-- Found std_srvs: 5.3.6 (/opt/ros/jazzy/share/std_srvs/cmake)\n'}
[1.113452] (temizlik_navigation) StdoutLine: {'line': b'-- Found visualization_msgs: 5.3.6 (/opt/ros/jazzy/share/visualization_msgs/cmake)\n'}
[1.198750] (temizlik_navigation) StdoutLine: {'line': b'-- Configuring done (0.5s)\n'}
[1.200908] (-) TimerEvent: {}
[1.211859] (temizlik_navigation) StdoutLine: {'line': b'-- Generating done (0.0s)\n'}
[1.215093] (temizlik_navigation) StdoutLine: {'line': b'-- Build files have been written to: /home/ws/build/temizlik_navigation\n'}
[1.218924] (opennav_coverage_demo) StdoutLine: {'line': b'running egg_info\n'}
[1.227283] (opennav_coverage_demo) StdoutLine: {'line': b'writing ../../../build/opennav_coverage_demo/opennav_coverage_demo.egg-info/PKG-INFO\n'}
[1.227439] (opennav_coverage_demo) StdoutLine: {'line': b'writing dependency_links to ../../../build/opennav_coverage_demo/opennav_coverage_demo.egg-info/dependency_links.txt\n'}
[1.227552] (opennav_coverage_demo) StdoutLine: {'line': b'writing entry points to ../../../build/opennav_coverage_demo/opennav_coverage_demo.egg-info/entry_points.txt\n'}
[1.227632] (opennav_coverage_demo) StdoutLine: {'line': b'writing requirements to ../../../build/opennav_coverage_demo/opennav_coverage_demo.egg-info/requires.txt\n'}
[1.227703] (opennav_coverage_demo) StdoutLine: {'line': b'writing top-level names to ../../../build/opennav_coverage_demo/opennav_coverage_demo.egg-info/top_level.txt\n'}
[1.245529] (opennav_coverage_demo) StdoutLine: {'line': b"reading manifest file '../../../build/opennav_coverage_demo/opennav_coverage_demo.egg-info/SOURCES.txt'\n"}
[1.246013] (opennav_coverage_demo) StdoutLine: {'line': b"writing manifest file '../../../build/opennav_coverage_demo/opennav_coverage_demo.egg-info/SOURCES.txt'\n"}
[1.246093] (opennav_coverage_demo) StdoutLine: {'line': b'running build\n'}
[1.246152] (opennav_coverage_demo) StdoutLine: {'line': b'running build_py\n'}
[1.246309] (opennav_coverage_demo) StdoutLine: {'line': b'running install\n'}
[1.249563] (opennav_coverage_demo) StdoutLine: {'line': b'running install_lib\n'}
[1.258318] (opennav_coverage_demo) StdoutLine: {'line': b'running install_data\n'}
[1.258442] (temizlik_navigation) StdoutLine: {'line': b'[ 50%] Built target f2c_smoke_test\n'}
[1.258546] (opennav_coverage_demo) StdoutLine: {'line': b'running install_egg_info\n'}
[1.267960] (opennav_coverage_demo) StdoutLine: {'line': b"removing '/home/ws/install/opennav_coverage_demo/lib/python3.12/site-packages/opennav_coverage_demo-1.0.0-py3.12.egg-info' (and everything under it)\n"}
[1.268218] (opennav_coverage_demo) StdoutLine: {'line': b'Copying ../../../build/opennav_coverage_demo/opennav_coverage_demo.egg-info to /home/ws/install/opennav_coverage_demo/lib/python3.12/site-packages/opennav_coverage_demo-1.0.0-py3.12.egg-info\n'}
[1.268767] (opennav_coverage_demo) StdoutLine: {'line': b'running install_scripts\n'}
[1.269062] (temizlik_navigation) StdoutLine: {'line': b'[100%] Built target f2c_nav2_waypoint_node\n'}
[1.279023] (temizlik_navigation) CommandEnded: {'returncode': 0}
[1.279351] (temizlik_navigation) JobProgress: {'identifier': 'temizlik_navigation', 'progress': 'install'}
[1.279591] (temizlik_navigation) Command: {'cmd': ['/usr/bin/cmake', '--install', '/home/ws/build/temizlik_navigation'], 'cwd': '/home/ws/build/temizlik_navigation', 'env': OrderedDict({'GZ_SIM_RESOURCE_PATH': '/opt/ros/jazzy/share', 'GZ_CONFIG_PATH': '/opt/ros/jazzy/opt/gz_sim_vendor/share/gz:/opt/ros/jazzy/opt/sdformat_vendor/share/gz:/opt/ros/jazzy/opt/gz_gui_vendor/share/gz:/opt/ros/jazzy/opt/gz_transport_vendor/share/gz:/opt/ros/jazzy/opt/gz_rendering_vendor/share/gz:/opt/ros/jazzy/opt/gz_plugin_vendor/share/gz:/opt/ros/jazzy/opt/gz_fuel_tools_vendor/share/gz:/opt/ros/jazzy/opt/gz_msgs_vendor/share/gz:/opt/ros/jazzy/opt/gz_common_vendor/share/gz', 'HOSTNAME': 'robotik-MS-7E27', 'GIT_ASKPASS': '/vscode/vscode-server/bin/linux-x64/0f0d87fa9e96c856c5212fc86db137ac0d783365/extensions/git/dist/askpass.sh', 'SHLVL': '2', 'LD_LIBRARY_PATH': '/home/ws/install/opennav_coverage_navigator/lib:/home/ws/install/opennav_coverage_bt/lib:/home/ws/install/opennav_coverage/lib:/home/ws/install/opennav_coverage_msgs/lib:/home/ws/install/fields2cover/lib:/home/ws/install/opennav_row_coverage/lib:/opt/ros/jazzy/opt/gz_sim_vendor/lib:/opt/ros/jazzy/opt/gz_sensors_vendor/lib:/opt/ros/jazzy/opt/gz_physics_vendor/lib:/opt/ros/jazzy/opt/sdformat_vendor/lib:/opt/ros/jazzy/opt/rviz_ogre_vendor/lib:/opt/ros/jazzy/lib/x86_64-linux-gnu:/opt/ros/jazzy/opt/gz_gui_vendor/lib:/opt/ros/jazzy/opt/gz_transport_vendor/lib:/opt/ros/jazzy/opt/gz_rendering_vendor/lib:/opt/ros/jazzy/opt/gz_plugin_vendor/lib:/opt/ros/jazzy/opt/gz_fuel_tools_vendor/lib:/opt/ros/jazzy/opt/gz_msgs_vendor/lib:/opt/ros/jazzy/opt/gz_common_vendor/lib:/opt/ros/jazzy/opt/gz_math_vendor/lib:/opt/ros/jazzy/opt/gz_utils_vendor/lib:/opt/ros/jazzy/opt/gz_tools_vendor/lib:/opt/ros/jazzy/opt/gz_ogre_next_vendor/lib:/opt/ros/jazzy/opt/gz_dartsim_vendor/lib:/opt/ros/jazzy/opt/gz_cmake_vendor/lib:/opt/ros/jazzy/lib', 'BROWSER': '/vscode/vscode-server/bin/linux-x64/0f0d87fa9e96c856c5212fc86db137ac0d783365/bin/helpers/browser.sh', 'HOME': '/home/robotik', 'TERM_PROGRAM_VERSION': '1.104.1', 'VSCODE_IPC_HOOK_CLI': '/tmp/vscode-ipc-05d4a918-3f54-4c4e-aa49-337cf9faf132.sock', 'ROS_PYTHON_VERSION': '3', 'VSCODE_GIT_ASKPASS_MAIN': '/vscode/vscode-server/bin/linux-x64/0f0d87fa9e96c856c5212fc86db137ac0d783365/extensions/git/dist/askpass-main.js', 'VSCODE_GIT_ASKPASS_NODE': '/vscode/vscode-server/bin/linux-x64/0f0d87fa9e96c856c5212fc86db137ac0d783365/node', 'VSCODE_PYTHON_AUTOACTIVATE_GUARD': '1', 'COLORTERM': 'truecolor', 'REMOTE_CONTAINERS': 'true', 'COLCON_PREFIX_PATH': '/home/ws/install', 'ROS_DISTRO': 'jazzy', 'REMOTE_CONTAINERS_IPC': '/tmp/vscode-remote-containers-ipc-d0d67ee2-8b23-4d00-87f0-ed667bc59202.sock', '_': '/usr/bin/colcon', 'ROS_VERSION': '2', 'PKG_CONFIG_PATH': '/home/ws/install/fields2cover/lib/x86_64-linux-gnu/pkgconfig:/home/ws/install/fields2cover/lib/pkgconfig', 'TERM': 'xterm-256color', 'ROS_LOCALHOST_ONLY': '1', 'QT_X11_NO_MITSHM': '1', 'PATH': '/vscode/vscode-server/bin/linux-x64/0f0d87fa9e96c856c5212fc86db137ac0d783365/bin/remote-cli:/opt/ros/jazzy/opt/gz_msgs_vendor/bin:/opt/ros/jazzy/opt/gz_tools_vendor/bin:/opt/ros/jazzy/opt/gz_ogre_next_vendor/bin:/opt/ros/jazzy/bin:/usr/local/sbin:/usr/local/bin:/usr/sbin:/usr/bin:/sbin:/bin', 'REMOTE_CONTAINERS_SOCKETS': '["/tmp/vscode-ssh-auth-d0d67ee2-8b23-4d00-87f0-ed667bc59202.sock","/home/robotik/.gnupg/S.gpg-agent"]', 'DISPLAY': ':1', 'LANG': 'C.UTF-8', 'LS_COLORS': 'rs=0:di=01;34:ln=01;36:mh=00:pi=40;33:so=01;35:do=01;35:bd=40;33;01:cd=40;33;01:or=40;31;01:mi=00:su=37;41:sg=30;43:ca=00:tw=30;42:ow=34;42:st=37;44:ex=01;32:*.tar=01;31:*.tgz=01;31:*.arc=01;31:*.arj=01;31:*.taz=01;31:*.lha=01;31:*.lz4=01;31:*.lzh=01;31:*.lzma=01;31:*.tlz=01;31:*.txz=01;31:*.tzo=01;31:*.t7z=01;31:*.zip=01;31:*.z=01;31:*.dz=01;31:*.gz=01;31:*.lrz=01;31:*.lz=01;31:*.lzo=01;31:*.xz=01;31:*.zst=01;31:*.tzst=01;31:*.bz2=01;31:*.bz=01;31:*.tbz=01;31:*.tbz2=01;31:*.tz=01;31:*.deb=01;31:*.rpm=01;31:*.jar=01;31:*.war=01;31:*.ear=01;31:*.sar=01;31:*.rar=01;31:*.alz=01;31:*.ace=01;31:*.zoo=01;31:*.cpio=01;31:*.7z=01;31:*.rz=01;31:*.cab=01;31:*.wim=01;31:*.swm=01;31:*.dwm=01;31:*.esd=01;31:*.avif=01;35:*.jpg=01;35:*.jpeg=01;35:*.mjpg=01;35:*.mjpeg=01;35:*.gif=01;35:*.bmp=01;35:*.pbm=01;35:*.pgm=01;35:*.ppm=01;35:*.tga=01;35:*.xbm=01;35:*.xpm=01;35:*.tif=01;35:*.tiff=01;35:*.png=01;35:*.svg=01;35:*.svgz=01;35:*.mng=01;35:*.pcx=01;35:*.mov=01;35:*.mpg=01;35:*.mpeg=01;35:*.m2v=01;35:*.mkv=01;35:*.webm=01;35:*.webp=01;35:*.ogm=01;35:*.mp4=01;35:*.m4v=01;35:*.mp4v=01;35:*.vob=01;35:*.qt=01;35:*.nuv=01;35:*.wmv=01;35:*.asf=01;35:*.rm=01;35:*.rmvb=01;35:*.flc=01;35:*.avi=01;35:*.fli=01;35:*.flv=01;35:*.gl=01;35:*.dl=01;35:*.xcf=01;35:*.xwd=01;35:*.yuv=01;35:*.cgm=01;35:*.emf=01;35:*.ogv=01;35:*.ogx=01;35:*.aac=00;36:*.au=00;36:*.flac=00;36:*.m4a=00;36:*.mid=00;36:*.midi=00;36:*.mka=00;36:*.mp3=00;36:*.mpc=00;36:*.ogg=00;36:*.ra=00;36:*.wav=00;36:*.oga=00;36:*.opus=00;36:*.spx=00;36:*.xspf=00;36:*~=00;90:*#=00;90:*.bak=00;90:*.crdownload=00;90:*.dpkg-dist=00;90:*.dpkg-new=00;90:*.dpkg-old=00;90:*.dpkg-tmp=00;90:*.old=00;90:*.orig=00;90:*.part=00;90:*.rej=00;90:*.rpmnew=00;90:*.rpmorig=00;90:*.rpmsave=00;90:*.swp=00;90:*.tmp=00;90:*.ucf-dist=00;90:*.ucf-new=00;90:*.ucf-old=00;90:', 'VSCODE_GIT_IPC_HANDLE': '/tmp/vscode-git-097b13c4b4.sock', 'TERM_PROGRAM': 'vscode', 'SSH_AUTH_SOCK': '/tmp/vscode-ssh-auth-d0d67ee2-8b23-4d00-87f0-ed667bc59202.sock', 'ROS_DOMAIN_ID': '42', 'AMENT_PREFIX_PATH': '/home/ws/install/temizlik_navigation:/home/ws/install/opennav_coverage_demo:/home/ws/install/opennav_row_coverage:/home/ws/install/opennav_coverage_navigator:/home/ws/install/opennav_coverage_bt:/home/ws/install/opennav_coverage:/home/ws/install/opennav_coverage_msgs:/opt/ros/jazzy', 'SHELL': '/bin/bash', 'ROS_AUTOMATIC_DISCOVERY_RANGE': 'SUBNET', 'VSCODE_GIT_ASKPASS_EXTRA_ARGS': '', 'PWD': '/home/ws/build/temizlik_navigation', 'TURTLEBOT3_MODEL': 'burger', 'LC_ALL': 'C.UTF-8', 'PYTHONPATH': '/home/ws/install/opennav_coverage_msgs/lib/python3.12/site-packages:/home/ws/install/opennav_coverage_demo/lib/python3.12/site-packages:/opt/ros/jazzy/lib/python3.12/site-packages', 'COLCON': '1', 'CMAKE_PREFIX_PATH': '/home/ws/install/opennav_coverage_navigator:/home/ws/install/opennav_coverage_bt:/home/ws/install/opennav_coverage:/home/ws/install/opennav_coverage_msgs:/home/ws/install/fields2cover:/home/ws/install/temizlik_navigation:/home/ws/install/opennav_row_coverage:/opt/ros/jazzy/opt/gz_sim_vendor:/opt/ros/jazzy/opt/gz_sensors_vendor:/opt/ros/jazzy/opt/gz_physics_vendor:/opt/ros/jazzy/opt/sdformat_vendor:/opt/ros/jazzy/opt/gz_gui_vendor:/opt/ros/jazzy/opt/gz_transport_vendor:/opt/ros/jazzy/opt/gz_rendering_vendor:/opt/ros/jazzy/opt/gz_plugin_vendor:/opt/ros/jazzy/opt/gz_fuel_tools_vendor:/opt/ros/jazzy/opt/gz_msgs_vendor:/opt/ros/jazzy/opt/gz_common_vendor:/opt/ros/jazzy/opt/gz_math_vendor:/opt/ros/jazzy/opt/gz_utils_vendor:/opt/ros/jazzy/opt/gz_tools_vendor:/opt/ros/jazzy/opt/gz_ogre_next_vendor:/opt/ros/jazzy/opt/gz_dartsim_vendor:/opt/ros/jazzy/opt/gz_cmake_vendor:/home/ws/install/opennav_coverage_demo:/opt/ros/jazzy'}), 'shell': False}
[1.286732] (temizlik_navigation) StdoutLine: {'line': b'-- Install configuration: ""\n'}
[1.286863] (temizlik_navigation) StdoutLine: {'line': b'-- Up-to-date: /home/ws/install/temizlik_navigation/lib/temizlik_navigation/f2c_smoke_test\n'}
[1.287069] (temizlik_navigation) StdoutLine: {'line': b'-- Up-to-date: /home/ws/install/temizlik_navigation/lib/temizlik_navigation/f2c_nav2_waypoint_node\n'}
[1.287196] (temizlik_navigation) StdoutLine: {'line': b'-- Installing: /home/ws/install/temizlik_navigation/lib/temizlik_navigation/opennav_coverage_waypoint_node.py\n'}
[1.287345] (temizlik_navigation) StdoutLine: {'line': b'-- Up-to-date: /home/ws/install/temizlik_navigation/share/temizlik_navigation/launch\n'}
[1.287437] (temizlik_navigation) StdoutLine: {'line': b'-- Up-to-date: /home/ws/install/temizlik_navigation/share/temizlik_navigation/launch/turtlebot3_nav2.launch.py\n'}
[1.287497] (temizlik_navigation) StdoutLine: {'line': b'-- Up-to-date: /home/ws/install/temizlik_navigation/share/temizlik_navigation/launch/turtlebot3_f2c_nav2.launch.py\n'}
[1.287567] (temizlik_navigation) StdoutLine: {'line': b'-- Up-to-date: /home/ws/install/temizlik_navigation/share/temizlik_navigation/launch/turtlebot3_nav2_coverage_server.launch.py\n'}
[1.287660] (temizlik_navigation) StdoutLine: {'line': b'-- Installing: /home/ws/install/temizlik_navigation/share/temizlik_navigation/launch/turtlebot3_opennav_coverage_drive.launch.py\n'}
[1.287745] (temizlik_navigation) StdoutLine: {'line': b'-- Installing: /home/ws/install/temizlik_navigation/share/temizlik_navigation/launch/turtlebot3_opennav_coverage_bt.launch.py\n'}
[1.287808] (temizlik_navigation) StdoutLine: {'line': b'-- Up-to-date: /home/ws/install/temizlik_navigation/share/temizlik_navigation/launch/__pycache__\n'}
[1.287885] (temizlik_navigation) StdoutLine: {'line': b'-- Up-to-date: /home/ws/install/temizlik_navigation/share/temizlik_navigation/launch/__pycache__/turtlebot3_gazebo_nav2.launch.cpython-310.pyc\n'}
[1.287952] (temizlik_navigation) StdoutLine: {'line': b'-- Installing: /home/ws/install/temizlik_navigation/share/temizlik_navigation/launch/__pycache__/turtlebot3_opennav_coverage_bt.launch.cpython-310.pyc\n'}
[1.288020] (temizlik_navigation) StdoutLine: {'line': b'-- Installing: /home/ws/install/temizlik_navigation/share/temizlik_navigation/launch/__pycache__/turtlebot3_nav2_coverage_server.launch.cpython-310.pyc\n'}
[1.288086] (temizlik_navigation) StdoutLine: {'line': b'-- Up-to-date: /home/ws/install/temizlik_navigation/share/temizlik_navigation/launch/__pycache__/turtlebot3_nav2.launch.cpython-310.pyc\n'}
[1.288153] (temizlik_navigation) StdoutLine: {'line': b'-- Up-to-date: /home/ws/install/temizlik_navigation/share/temizlik_navigation/launch/__pycache__/turtlebot3_f2c_nav2.launch.cpython-310.pyc\n'}
[1.288208] (temizlik_navigation) StdoutLine: {'line': b'-- Installing: /home/ws/install/temizlik_navigation/share/temizlik_navigation/launch/__pycache__/turtlebot3_opennav_coverage_drive.launch.cpython-310.pyc\n'}
[1.288264] (temizlik_navigation) StdoutLine: {'line': b'-- Up-to-date: /home/ws/install/temizlik_navigation/share/temizlik_navigation/launch/turtlebot3_gazebo_nav2.launch.py\n'}
[1.288318] (temizlik_navigation) StdoutLine: {'line': b'-- Up-to-date: /home/ws/install/temizlik_navigation/share/temizlik_navigation/config\n'}
[1.288391] (temizlik_navigation) StdoutLine: {'line': b'-- Up-to-date: /home/ws/install/temizlik_navigation/share/temizlik_navigation/config/f2c_nav2_params.yaml\n'}
[1.288467] (temizlik_navigation) StdoutLine: {'line': b'-- Installing: /home/ws/install/temizlik_navigation/share/temizlik_navigation/config/opennav_coverage_nav2_params.yaml\n'}
[1.288536] (temizlik_navigation) StdoutLine: {'line': b'-- Up-to-date: /home/ws/install/temizlik_navigation/share/temizlik_navigation/config/nav2_coverage_server_params.yaml\n'}
[1.288591] (temizlik_navigation) StdoutLine: {'line': b'-- Installing: /home/ws/install/temizlik_navigation/share/ament_index/resource_index/package_run_dependencies/temizlik_navigation\n'}
[1.288645] (temizlik_navigation) StdoutLine: {'line': b'-- Installing: /home/ws/install/temizlik_navigation/share/ament_index/resource_index/parent_prefix_path/temizlik_navigation\n'}
[1.288742] (temizlik_navigation) StdoutLine: {'line': b'-- Up-to-date: /home/ws/install/temizlik_navigation/share/temizlik_navigation/environment/ament_prefix_path.sh\n'}
[1.288802] (temizlik_navigation) StdoutLine: {'line': b'-- Up-to-date: /home/ws/install/temizlik_navigation/share/temizlik_navigation/environment/ament_prefix_path.dsv\n'}
[1.288856] (temizlik_navigation) StdoutLine: {'line': b'-- Up-to-date: /home/ws/install/temizlik_navigation/share/temizlik_navigation/environment/path.sh\n'}
[1.288910] (temizlik_navigation) StdoutLine: {'line': b'-- Up-to-date: /home/ws/install/temizlik_navigation/share/temizlik_navigation/environment/path.dsv\n'}
[1.288965] (temizlik_navigation) StdoutLine: {'line': b'-- Up-to-date: /home/ws/install/temizlik_navigation/share/temizlik_navigation/local_setup.bash\n'}
[1.289018] (temizlik_navigation) StdoutLine: {'line': b'-- Up-to-date: /home/ws/install/temizlik_navigation/share/temizlik_navigation/local_setup.sh\n'}
[1.289072] (temizlik_navigation) StdoutLine: {'line': b'-- Up-to-date: /home/ws/install/temizlik_navigation/share/temizlik_navigation/local_setup.zsh\n'}
[1.289135] (temizlik_navigation) StdoutLine: {'line': b'-- Up-to-date: /home/ws/install/temizlik_navigation/share/temizlik_navigation/local_setup.dsv\n'}
[1.289192] (temizlik_navigation) StdoutLine: {'line': b'-- Installing: /home/ws/install/temizlik_navigation/share/temizlik_navigation/package.dsv\n'}
[1.289245] (temizlik_navigation) StdoutLine: {'line': b'-- Up-to-date: /home/ws/install/temizlik_navigation/share/ament_index/resource_index/packages/temizlik_navigation\n'}
[1.289299] (temizlik_navigation) StdoutLine: {'line': b'-- Up-to-date: /home/ws/install/temizlik_navigation/share/temizlik_navigation/cmake/temizlik_navigationConfig.cmake\n'}
[1.289352] (temizlik_navigation) StdoutLine: {'line': b'-- Up-to-date: /home/ws/install/temizlik_navigation/share/temizlik_navigation/cmake/temizlik_navigationConfig-version.cmake\n'}
[1.289406] (temizlik_navigation) StdoutLine: {'line': b'-- Installing: /home/ws/install/temizlik_navigation/share/temizlik_navigation/package.xml\n'}
[1.290158] (temizlik_navigation) CommandEnded: {'returncode': 0}
[1.296265] (temizlik_navigation) JobEnded: {'identifier': 'temizlik_navigation', 'rc': 0}
[1.300972] (-) TimerEvent: {}
[1.338038] (opennav_coverage_demo) StdoutLine: {'line': b'Installing demo_coverage script to /home/ws/install/opennav_coverage_demo/lib/opennav_coverage_demo\n'}
[1.338179] (opennav_coverage_demo) StdoutLine: {'line': b'Installing demo_row_coverage script to /home/ws/install/opennav_coverage_demo/lib/opennav_coverage_demo\n'}
[1.338338] (opennav_coverage_demo) StdoutLine: {'line': b"writing list of installed files to '/home/ws/build/opennav_coverage_demo/install.log'\n"}
[1.353651] (opennav_coverage_demo) CommandEnded: {'returncode': 0}
[1.358015] (opennav_coverage_demo) JobEnded: {'identifier': 'opennav_coverage_demo', 'rc': 0}
[1.358445] (-) EventReactorShutdown: {}
