[0.055s] DEBUG:colcon:Command line arguments: ['/usr/bin/colcon', 'build']
[0.055s] DEBUG:colcon:Parsed command line arguments: Namespace(log_base=None, log_level=None, verb_name='build', build_base='build', install_base='install', merge_install=False, symlink_install=False, test_result_base=None, continue_on_error=False, executor='parallel', parallel_workers=12, event_handlers=None, ignore_user_meta=False, metas=['./colcon.meta'], base_paths=['.'], packages_ignore=None, packages_ignore_regex=None, paths=None, packages_up_to=None, packages_up_to_regex=None, packages_above=None, packages_above_and_dependencies=None, packages_above_depth=None, packages_select_by_dep=None, packages_skip_by_dep=None, packages_skip_up_to=None, packages_select_build_failed=False, packages_skip_build_finished=False, packages_select_test_failures=False, packages_skip_test_passed=False, packages_select=None, packages_skip=None, packages_select_regex=None, packages_skip_regex=None, packages_start=None, packages_end=None, cmake_args=None, cmake_target=None, cmake_target_skip_unavailable=False, cmake_clean_cache=False, cmake_clean_first=False, cmake_force_configure=False, ament_cmake_args=None, catkin_cmake_args=None, catkin_skip_building_tests=False, mixin_files=None, mixin=None, verb_parser=<colcon_mixin.mixin.mixin_argument.MixinArgumentDecorator object at 0x71c28565db50>, verb_extension=<colcon_core.verb.build.BuildVerb object at 0x71c28560d130>, main=<bound method BuildVerb.main of <colcon_core.verb.build.BuildVerb object at 0x71c28560d130>>, mixin_verb=('build',))
[0.079s] Level 1:colcon.colcon_core.package_discovery:discover_packages(colcon_meta) check parameters
[0.079s] Level 1:colcon.colcon_core.package_discovery:discover_packages(recursive) check parameters
[0.079s] Level 1:colcon.colcon_core.package_discovery:discover_packages(ignore) check parameters
[0.079s] Level 1:colcon.colcon_core.package_discovery:discover_packages(path) check parameters
[0.080s] Level 1:colcon.colcon_core.package_discovery:discover_packages(colcon_meta) discover
[0.080s] Level 1:colcon.colcon_core.package_discovery:discover_packages(recursive) discover
[0.080s] INFO:colcon.colcon_core.package_discovery:Crawling recursively for packages in '/home/ws'
[0.080s] Level 1:colcon.colcon_core.package_identification:_identify(.) by extensions ['ignore', 'ignore_ament_install']
[0.080s] Level 1:colcon.colcon_core.package_identification:_identify(.) by extension 'ignore'
[0.080s] Level 1:colcon.colcon_core.package_identification:_identify(.) by extension 'ignore_ament_install'
[0.080s] Level 1:colcon.colcon_core.package_identification:_identify(.) by extensions ['colcon_pkg']
[0.080s] Level 1:colcon.colcon_core.package_identification:_identify(.) by extension 'colcon_pkg'
[0.080s] Level 1:colcon.colcon_core.package_identification:_identify(.) by extensions ['colcon_meta']
[0.080s] Level 1:colcon.colcon_core.package_identification:_identify(.) by extension 'colcon_meta'
[0.080s] Level 1:colcon.colcon_core.package_identification:_identify(.) by extensions ['ros']
[0.080s] Level 1:colcon.colcon_core.package_identification:_identify(.) by extension 'ros'
[0.094s] Level 1:colcon.colcon_core.package_identification:_identify(.) by extensions ['cmake', 'python']
[0.094s] Level 1:colcon.colcon_core.package_identification:_identify(.) by extension 'cmake'
[0.094s] Level 1:colcon.colcon_core.package_identification:_identify(.) by extension 'python'
[0.094s] Level 1:colcon.colcon_core.package_identification:_identify(.) by extensions ['python_setup_py']
[0.094s] Level 1:colcon.colcon_core.package_identification:_identify(.) by extension 'python_setup_py'
[0.094s] Level 1:colcon.colcon_core.package_identification:_identify(build) by extensions ['ignore', 'ignore_ament_install']
[0.094s] Level 1:colcon.colcon_core.package_identification:_identify(build) by extension 'ignore'
[0.094s] Level 1:colcon.colcon_core.package_identification:_identify(build) ignored
[0.094s] Level 1:colcon.colcon_core.package_identification:_identify(install) by extensions ['ignore', 'ignore_ament_install']
[0.094s] Level 1:colcon.colcon_core.package_identification:_identify(install) by extension 'ignore'
[0.094s] Level 1:colcon.colcon_core.package_identification:_identify(install) ignored
[0.094s] Level 1:colcon.colcon_core.package_identification:_identify(log) by extensions ['ignore', 'ignore_ament_install']
[0.094s] Level 1:colcon.colcon_core.package_identification:_identify(log) by extension 'ignore'
[0.095s] Level 1:colcon.colcon_core.package_identification:_identify(log) ignored
[0.095s] Level 1:colcon.colcon_core.package_identification:_identify(src) by extensions ['ignore', 'ignore_ament_install']
[0.095s] Level 1:colcon.colcon_core.package_identification:_identify(src) by extension 'ignore'
[0.095s] Level 1:colcon.colcon_core.package_identification:_identify(src) by extension 'ignore_ament_install'
[0.095s] Level 1:colcon.colcon_core.package_identification:_identify(src) by extensions ['colcon_pkg']
[0.095s] Level 1:colcon.colcon_core.package_identification:_identify(src) by extension 'colcon_pkg'
[0.095s] Level 1:colcon.colcon_core.package_identification:_identify(src) by extensions ['colcon_meta']
[0.095s] Level 1:colcon.colcon_core.package_identification:_identify(src) by extension 'colcon_meta'
[0.095s] Level 1:colcon.colcon_core.package_identification:_identify(src) by extensions ['ros']
[0.095s] Level 1:colcon.colcon_core.package_identification:_identify(src) by extension 'ros'
[0.095s] Level 1:colcon.colcon_core.package_identification:_identify(src) by extensions ['cmake', 'python']
[0.095s] Level 1:colcon.colcon_core.package_identification:_identify(src) by extension 'cmake'
[0.095s] Level 1:colcon.colcon_core.package_identification:_identify(src) by extension 'python'
[0.095s] Level 1:colcon.colcon_core.package_identification:_identify(src) by extensions ['python_setup_py']
[0.095s] Level 1:colcon.colcon_core.package_identification:_identify(src) by extension 'python_setup_py'
[0.095s] Level 1:colcon.colcon_core.package_identification:_identify(src/Fields2Cover) by extensions ['ignore', 'ignore_ament_install']
[0.095s] Level 1:colcon.colcon_core.package_identification:_identify(src/Fields2Cover) by extension 'ignore'
[0.095s] Level 1:colcon.colcon_core.package_identification:_identify(src/Fields2Cover) by extension 'ignore_ament_install'
[0.095s] Level 1:colcon.colcon_core.package_identification:_identify(src/Fields2Cover) by extensions ['colcon_pkg']
[0.095s] Level 1:colcon.colcon_core.package_identification:_identify(src/Fields2Cover) by extension 'colcon_pkg'
[0.095s] Level 1:colcon.colcon_core.package_identification:_identify(src/Fields2Cover) by extensions ['colcon_meta']
[0.095s] Level 1:colcon.colcon_core.package_identification:_identify(src/Fields2Cover) by extension 'colcon_meta'
[0.095s] Level 1:colcon.colcon_core.package_identification:_identify(src/Fields2Cover) by extensions ['ros']
[0.095s] Level 1:colcon.colcon_core.package_identification:_identify(src/Fields2Cover) by extension 'ros'
[0.096s] DEBUG:colcon.colcon_core.package_identification:Package 'src/Fields2Cover' with type 'ros.cmake' and name 'fields2cover'
[0.096s] Level 1:colcon.colcon_core.package_identification:_identify(src/opennav_coverage) by extensions ['ignore', 'ignore_ament_install']
[0.096s] Level 1:colcon.colcon_core.package_identification:_identify(src/opennav_coverage) by extension 'ignore'
[0.097s] Level 1:colcon.colcon_core.package_identification:_identify(src/opennav_coverage) by extension 'ignore_ament_install'
[0.097s] Level 1:colcon.colcon_core.package_identification:_identify(src/opennav_coverage) by extensions ['colcon_pkg']
[0.097s] Level 1:colcon.colcon_core.package_identification:_identify(src/opennav_coverage) by extension 'colcon_pkg'
[0.097s] Level 1:colcon.colcon_core.package_identification:_identify(src/opennav_coverage) by extensions ['colcon_meta']
[0.097s] Level 1:colcon.colcon_core.package_identification:_identify(src/opennav_coverage) by extension 'colcon_meta'
[0.097s] Level 1:colcon.colcon_core.package_identification:_identify(src/opennav_coverage) by extensions ['ros']
[0.097s] Level 1:colcon.colcon_core.package_identification:_identify(src/opennav_coverage) by extension 'ros'
[0.097s] Level 1:colcon.colcon_core.package_identification:_identify(src/opennav_coverage) by extensions ['cmake', 'python']
[0.097s] Level 1:colcon.colcon_core.package_identification:_identify(src/opennav_coverage) by extension 'cmake'
[0.097s] Level 1:colcon.colcon_core.package_identification:_identify(src/opennav_coverage) by extension 'python'
[0.097s] Level 1:colcon.colcon_core.package_identification:_identify(src/opennav_coverage) by extensions ['python_setup_py']
[0.097s] Level 1:colcon.colcon_core.package_identification:_identify(src/opennav_coverage) by extension 'python_setup_py'
[0.097s] Level 1:colcon.colcon_core.package_identification:_identify(src/opennav_coverage/opennav_coverage) by extensions ['ignore', 'ignore_ament_install']
[0.097s] Level 1:colcon.colcon_core.package_identification:_identify(src/opennav_coverage/opennav_coverage) by extension 'ignore'
[0.097s] Level 1:colcon.colcon_core.package_identification:_identify(src/opennav_coverage/opennav_coverage) by extension 'ignore_ament_install'
[0.097s] Level 1:colcon.colcon_core.package_identification:_identify(src/opennav_coverage/opennav_coverage) by extensions ['colcon_pkg']
[0.097s] Level 1:colcon.colcon_core.package_identification:_identify(src/opennav_coverage/opennav_coverage) by extension 'colcon_pkg'
[0.097s] Level 1:colcon.colcon_core.package_identification:_identify(src/opennav_coverage/opennav_coverage) by extensions ['colcon_meta']
[0.097s] Level 1:colcon.colcon_core.package_identification:_identify(src/opennav_coverage/opennav_coverage) by extension 'colcon_meta'
[0.097s] Level 1:colcon.colcon_core.package_identification:_identify(src/opennav_coverage/opennav_coverage) by extensions ['ros']
[0.097s] Level 1:colcon.colcon_core.package_identification:_identify(src/opennav_coverage/opennav_coverage) by extension 'ros'
[0.097s] DEBUG:colcon.colcon_core.package_identification:Package 'src/opennav_coverage/opennav_coverage' with type 'ros.ament_cmake' and name 'opennav_coverage'
[0.098s] Level 1:colcon.colcon_core.package_identification:_identify(src/opennav_coverage/opennav_coverage_bt) by extensions ['ignore', 'ignore_ament_install']
[0.098s] Level 1:colcon.colcon_core.package_identification:_identify(src/opennav_coverage/opennav_coverage_bt) by extension 'ignore'
[0.098s] Level 1:colcon.colcon_core.package_identification:_identify(src/opennav_coverage/opennav_coverage_bt) by extension 'ignore_ament_install'
[0.098s] Level 1:colcon.colcon_core.package_identification:_identify(src/opennav_coverage/opennav_coverage_bt) by extensions ['colcon_pkg']
[0.098s] Level 1:colcon.colcon_core.package_identification:_identify(src/opennav_coverage/opennav_coverage_bt) by extension 'colcon_pkg'
[0.098s] Level 1:colcon.colcon_core.package_identification:_identify(src/opennav_coverage/opennav_coverage_bt) by extensions ['colcon_meta']
[0.098s] Level 1:colcon.colcon_core.package_identification:_identify(src/opennav_coverage/opennav_coverage_bt) by extension 'colcon_meta'
[0.098s] Level 1:colcon.colcon_core.package_identification:_identify(src/opennav_coverage/opennav_coverage_bt) by extensions ['ros']
[0.098s] Level 1:colcon.colcon_core.package_identification:_identify(src/opennav_coverage/opennav_coverage_bt) by extension 'ros'
[0.098s] DEBUG:colcon.colcon_core.package_identification:Package 'src/opennav_coverage/opennav_coverage_bt' with type 'ros.ament_cmake' and name 'opennav_coverage_bt'
[0.098s] Level 1:colcon.colcon_core.package_identification:_identify(src/opennav_coverage/opennav_coverage_demo) by extensions ['ignore', 'ignore_ament_install']
[0.098s] Level 1:colcon.colcon_core.package_identification:_identify(src/opennav_coverage/opennav_coverage_demo) by extension 'ignore'
[0.098s] Level 1:colcon.colcon_core.package_identification:_identify(src/opennav_coverage/opennav_coverage_demo) by extension 'ignore_ament_install'
[0.098s] Level 1:colcon.colcon_core.package_identification:_identify(src/opennav_coverage/opennav_coverage_demo) by extensions ['colcon_pkg']
[0.098s] Level 1:colcon.colcon_core.package_identification:_identify(src/opennav_coverage/opennav_coverage_demo) by extension 'colcon_pkg'
[0.098s] Level 1:colcon.colcon_core.package_identification:_identify(src/opennav_coverage/opennav_coverage_demo) by extensions ['colcon_meta']
[0.098s] Level 1:colcon.colcon_core.package_identification:_identify(src/opennav_coverage/opennav_coverage_demo) by extension 'colcon_meta'
[0.098s] Level 1:colcon.colcon_core.package_identification:_identify(src/opennav_coverage/opennav_coverage_demo) by extensions ['ros']
[0.098s] Level 1:colcon.colcon_core.package_identification:_identify(src/opennav_coverage/opennav_coverage_demo) by extension 'ros'
[0.099s] DEBUG:colcon.colcon_core.package_identification:Package 'src/opennav_coverage/opennav_coverage_demo' with type 'ros.ament_python' and name 'opennav_coverage_demo'
[0.099s] Level 1:colcon.colcon_core.package_identification:_identify(src/opennav_coverage/opennav_coverage_msgs) by extensions ['ignore', 'ignore_ament_install']
[0.099s] Level 1:colcon.colcon_core.package_identification:_identify(src/opennav_coverage/opennav_coverage_msgs) by extension 'ignore'
[0.099s] Level 1:colcon.colcon_core.package_identification:_identify(src/opennav_coverage/opennav_coverage_msgs) by extension 'ignore_ament_install'
[0.099s] Level 1:colcon.colcon_core.package_identification:_identify(src/opennav_coverage/opennav_coverage_msgs) by extensions ['colcon_pkg']
[0.099s] Level 1:colcon.colcon_core.package_identification:_identify(src/opennav_coverage/opennav_coverage_msgs) by extension 'colcon_pkg'
[0.099s] Level 1:colcon.colcon_core.package_identification:_identify(src/opennav_coverage/opennav_coverage_msgs) by extensions ['colcon_meta']
[0.099s] Level 1:colcon.colcon_core.package_identification:_identify(src/opennav_coverage/opennav_coverage_msgs) by extension 'colcon_meta'
[0.099s] Level 1:colcon.colcon_core.package_identification:_identify(src/opennav_coverage/opennav_coverage_msgs) by extensions ['ros']
[0.099s] Level 1:colcon.colcon_core.package_identification:_identify(src/opennav_coverage/opennav_coverage_msgs) by extension 'ros'
[0.099s] DEBUG:colcon.colcon_core.package_identification:Package 'src/opennav_coverage/opennav_coverage_msgs' with type 'ros.ament_cmake' and name 'opennav_coverage_msgs'
[0.100s] Level 1:colcon.colcon_core.package_identification:_identify(src/opennav_coverage/opennav_coverage_navigator) by extensions ['ignore', 'ignore_ament_install']
[0.100s] Level 1:colcon.colcon_core.package_identification:_identify(src/opennav_coverage/opennav_coverage_navigator) by extension 'ignore'
[0.100s] Level 1:colcon.colcon_core.package_identification:_identify(src/opennav_coverage/opennav_coverage_navigator) by extension 'ignore_ament_install'
[0.100s] Level 1:colcon.colcon_core.package_identification:_identify(src/opennav_coverage/opennav_coverage_navigator) by extensions ['colcon_pkg']
[0.100s] Level 1:colcon.colcon_core.package_identification:_identify(src/opennav_coverage/opennav_coverage_navigator) by extension 'colcon_pkg'
[0.100s] Level 1:colcon.colcon_core.package_identification:_identify(src/opennav_coverage/opennav_coverage_navigator) by extensions ['colcon_meta']
[0.100s] Level 1:colcon.colcon_core.package_identification:_identify(src/opennav_coverage/opennav_coverage_navigator) by extension 'colcon_meta'
[0.100s] Level 1:colcon.colcon_core.package_identification:_identify(src/opennav_coverage/opennav_coverage_navigator) by extensions ['ros']
[0.100s] Level 1:colcon.colcon_core.package_identification:_identify(src/opennav_coverage/opennav_coverage_navigator) by extension 'ros'
[0.100s] DEBUG:colcon.colcon_core.package_identification:Package 'src/opennav_coverage/opennav_coverage_navigator' with type 'ros.ament_cmake' and name 'opennav_coverage_navigator'
[0.100s] Level 1:colcon.colcon_core.package_identification:_identify(src/opennav_coverage/opennav_row_coverage) by extensions ['ignore', 'ignore_ament_install']
[0.100s] Level 1:colcon.colcon_core.package_identification:_identify(src/opennav_coverage/opennav_row_coverage) by extension 'ignore'
[0.100s] Level 1:colcon.colcon_core.package_identification:_identify(src/opennav_coverage/opennav_row_coverage) by extension 'ignore_ament_install'
[0.100s] Level 1:colcon.colcon_core.package_identification:_identify(src/opennav_coverage/opennav_row_coverage) by extensions ['colcon_pkg']
[0.100s] Level 1:colcon.colcon_core.package_identification:_identify(src/opennav_coverage/opennav_row_coverage) by extension 'colcon_pkg'
[0.100s] Level 1:colcon.colcon_core.package_identification:_identify(src/opennav_coverage/opennav_row_coverage) by extensions ['colcon_meta']
[0.100s] Level 1:colcon.colcon_core.package_identification:_identify(src/opennav_coverage/opennav_row_coverage) by extension 'colcon_meta'
[0.100s] Level 1:colcon.colcon_core.package_identification:_identify(src/opennav_coverage/opennav_row_coverage) by extensions ['ros']
[0.100s] Level 1:colcon.colcon_core.package_identification:_identify(src/opennav_coverage/opennav_row_coverage) by extension 'ros'
[0.101s] DEBUG:colcon.colcon_core.package_identification:Package 'src/opennav_coverage/opennav_row_coverage' with type 'ros.ament_cmake' and name 'opennav_row_coverage'
[0.101s] Level 1:colcon.colcon_core.package_identification:_identify(src/temizlik_navigation) by extensions ['ignore', 'ignore_ament_install']
[0.101s] Level 1:colcon.colcon_core.package_identification:_identify(src/temizlik_navigation) by extension 'ignore'
[0.101s] Level 1:colcon.colcon_core.package_identification:_identify(src/temizlik_navigation) by extension 'ignore_ament_install'
[0.101s] Level 1:colcon.colcon_core.package_identification:_identify(src/temizlik_navigation) by extensions ['colcon_pkg']
[0.101s] Level 1:colcon.colcon_core.package_identification:_identify(src/temizlik_navigation) by extension 'colcon_pkg'
[0.101s] Level 1:colcon.colcon_core.package_identification:_identify(src/temizlik_navigation) by extensions ['colcon_meta']
[0.101s] Level 1:colcon.colcon_core.package_identification:_identify(src/temizlik_navigation) by extension 'colcon_meta'
[0.101s] Level 1:colcon.colcon_core.package_identification:_identify(src/temizlik_navigation) by extensions ['ros']
[0.101s] Level 1:colcon.colcon_core.package_identification:_identify(src/temizlik_navigation) by extension 'ros'
[0.101s] DEBUG:colcon.colcon_core.package_identification:Package 'src/temizlik_navigation' with type 'ros.ament_cmake' and name 'temizlik_navigation'
[0.101s] Level 1:colcon.colcon_core.package_discovery:discover_packages(recursive) using defaults
[0.101s] Level 1:colcon.colcon_core.package_discovery:discover_packages(ignore) discover
[0.101s] Level 1:colcon.colcon_core.package_discovery:discover_packages(ignore) using defaults
[0.101s] Level 1:colcon.colcon_core.package_discovery:discover_packages(path) discover
[0.101s] Level 1:colcon.colcon_core.package_discovery:discover_packages(path) using defaults
[0.112s] Level 5:colcon.colcon_core.verb:set package 'fields2cover' build argument 'cmake_args' from command line to 'None'
[0.112s] Level 5:colcon.colcon_core.verb:set package 'fields2cover' build argument 'cmake_target' from command line to 'None'
[0.112s] Level 5:colcon.colcon_core.verb:set package 'fields2cover' build argument 'cmake_target_skip_unavailable' from command line to 'False'
[0.112s] Level 5:colcon.colcon_core.verb:set package 'fields2cover' build argument 'cmake_clean_cache' from command line to 'False'
[0.112s] Level 5:colcon.colcon_core.verb:set package 'fields2cover' build argument 'cmake_clean_first' from command line to 'False'
[0.112s] Level 5:colcon.colcon_core.verb:set package 'fields2cover' build argument 'cmake_force_configure' from command line to 'False'
[0.112s] Level 5:colcon.colcon_core.verb:set package 'fields2cover' build argument 'ament_cmake_args' from command line to 'None'
[0.112s] Level 5:colcon.colcon_core.verb:set package 'fields2cover' build argument 'catkin_cmake_args' from command line to 'None'
[0.112s] Level 5:colcon.colcon_core.verb:set package 'fields2cover' build argument 'catkin_skip_building_tests' from command line to 'False'
[0.112s] DEBUG:colcon.colcon_core.verb:Building package 'fields2cover' with the following arguments: {'ament_cmake_args': None, 'build_base': '/home/ws/build/fields2cover', 'catkin_cmake_args': None, 'catkin_skip_building_tests': False, 'cmake_args': None, 'cmake_clean_cache': False, 'cmake_clean_first': False, 'cmake_force_configure': False, 'cmake_target': None, 'cmake_target_skip_unavailable': False, 'install_base': '/home/ws/install/fields2cover', 'merge_install': False, 'path': '/home/ws/src/Fields2Cover', 'symlink_install': False, 'test_result_base': None}
[0.113s] Level 5:colcon.colcon_core.verb:set package 'opennav_coverage_msgs' build argument 'cmake_args' from command line to 'None'
[0.113s] Level 5:colcon.colcon_core.verb:set package 'opennav_coverage_msgs' build argument 'cmake_target' from command line to 'None'
[0.113s] Level 5:colcon.colcon_core.verb:set package 'opennav_coverage_msgs' build argument 'cmake_target_skip_unavailable' from command line to 'False'
[0.113s] Level 5:colcon.colcon_core.verb:set package 'opennav_coverage_msgs' build argument 'cmake_clean_cache' from command line to 'False'
[0.113s] Level 5:colcon.colcon_core.verb:set package 'opennav_coverage_msgs' build argument 'cmake_clean_first' from command line to 'False'
[0.113s] Level 5:colcon.colcon_core.verb:set package 'opennav_coverage_msgs' build argument 'cmake_force_configure' from command line to 'False'
[0.113s] Level 5:colcon.colcon_core.verb:set package 'opennav_coverage_msgs' build argument 'ament_cmake_args' from command line to 'None'
[0.113s] Level 5:colcon.colcon_core.verb:set package 'opennav_coverage_msgs' build argument 'catkin_cmake_args' from command line to 'None'
[0.113s] Level 5:colcon.colcon_core.verb:set package 'opennav_coverage_msgs' build argument 'catkin_skip_building_tests' from command line to 'False'
[0.113s] DEBUG:colcon.colcon_core.verb:Building package 'opennav_coverage_msgs' with the following arguments: {'ament_cmake_args': None, 'build_base': '/home/ws/build/opennav_coverage_msgs', 'catkin_cmake_args': None, 'catkin_skip_building_tests': False, 'cmake_args': None, 'cmake_clean_cache': False, 'cmake_clean_first': False, 'cmake_force_configure': False, 'cmake_target': None, 'cmake_target_skip_unavailable': False, 'install_base': '/home/ws/install/opennav_coverage_msgs', 'merge_install': False, 'path': '/home/ws/src/opennav_coverage/opennav_coverage_msgs', 'symlink_install': False, 'test_result_base': None}
[0.113s] Level 5:colcon.colcon_core.verb:set package 'opennav_coverage' build argument 'cmake_args' from command line to 'None'
[0.113s] Level 5:colcon.colcon_core.verb:set package 'opennav_coverage' build argument 'cmake_target' from command line to 'None'
[0.113s] Level 5:colcon.colcon_core.verb:set package 'opennav_coverage' build argument 'cmake_target_skip_unavailable' from command line to 'False'
[0.113s] Level 5:colcon.colcon_core.verb:set package 'opennav_coverage' build argument 'cmake_clean_cache' from command line to 'False'
[0.113s] Level 5:colcon.colcon_core.verb:set package 'opennav_coverage' build argument 'cmake_clean_first' from command line to 'False'
[0.113s] Level 5:colcon.colcon_core.verb:set package 'opennav_coverage' build argument 'cmake_force_configure' from command line to 'False'
[0.113s] Level 5:colcon.colcon_core.verb:set package 'opennav_coverage' build argument 'ament_cmake_args' from command line to 'None'
[0.113s] Level 5:colcon.colcon_core.verb:set package 'opennav_coverage' build argument 'catkin_cmake_args' from command line to 'None'
[0.113s] Level 5:colcon.colcon_core.verb:set package 'opennav_coverage' build argument 'catkin_skip_building_tests' from command line to 'False'
[0.113s] DEBUG:colcon.colcon_core.verb:Building package 'opennav_coverage' with the following arguments: {'ament_cmake_args': None, 'build_base': '/home/ws/build/opennav_coverage', 'catkin_cmake_args': None, 'catkin_skip_building_tests': False, 'cmake_args': None, 'cmake_clean_cache': False, 'cmake_clean_first': False, 'cmake_force_configure': False, 'cmake_target': None, 'cmake_target_skip_unavailable': False, 'install_base': '/home/ws/install/opennav_coverage', 'merge_install': False, 'path': '/home/ws/src/opennav_coverage/opennav_coverage', 'symlink_install': False, 'test_result_base': None}
[0.113s] Level 5:colcon.colcon_core.verb:set package 'opennav_coverage_bt' build argument 'cmake_args' from command line to 'None'
[0.113s] Level 5:colcon.colcon_core.verb:set package 'opennav_coverage_bt' build argument 'cmake_target' from command line to 'None'
[0.113s] Level 5:colcon.colcon_core.verb:set package 'opennav_coverage_bt' build argument 'cmake_target_skip_unavailable' from command line to 'False'
[0.113s] Level 5:colcon.colcon_core.verb:set package 'opennav_coverage_bt' build argument 'cmake_clean_cache' from command line to 'False'
[0.113s] Level 5:colcon.colcon_core.verb:set package 'opennav_coverage_bt' build argument 'cmake_clean_first' from command line to 'False'
[0.113s] Level 5:colcon.colcon_core.verb:set package 'opennav_coverage_bt' build argument 'cmake_force_configure' from command line to 'False'
[0.113s] Level 5:colcon.colcon_core.verb:set package 'opennav_coverage_bt' build argument 'ament_cmake_args' from command line to 'None'
[0.113s] Level 5:colcon.colcon_core.verb:set package 'opennav_coverage_bt' build argument 'catkin_cmake_args' from command line to 'None'
[0.113s] Level 5:colcon.colcon_core.verb:set package 'opennav_coverage_bt' build argument 'catkin_skip_building_tests' from command line to 'False'
[0.113s] DEBUG:colcon.colcon_core.verb:Building package 'opennav_coverage_bt' with the following arguments: {'ament_cmake_args': None, 'build_base': '/home/ws/build/opennav_coverage_bt', 'catkin_cmake_args': None, 'catkin_skip_building_tests': False, 'cmake_args': None, 'cmake_clean_cache': False, 'cmake_clean_first': False, 'cmake_force_configure': False, 'cmake_target': None, 'cmake_target_skip_unavailable': False, 'install_base': '/home/ws/install/opennav_coverage_bt', 'merge_install': False, 'path': '/home/ws/src/opennav_coverage/opennav_coverage_bt', 'symlink_install': False, 'test_result_base': None}
[0.113s] Level 5:colcon.colcon_core.verb:set package 'opennav_coverage_navigator' build argument 'cmake_args' from command line to 'None'
[0.113s] Level 5:colcon.colcon_core.verb:set package 'opennav_coverage_navigator' build argument 'cmake_target' from command line to 'None'
[0.113s] Level 5:colcon.colcon_core.verb:set package 'opennav_coverage_navigator' build argument 'cmake_target_skip_unavailable' from command line to 'False'
[0.113s] Level 5:colcon.colcon_core.verb:set package 'opennav_coverage_navigator' build argument 'cmake_clean_cache' from command line to 'False'
[0.113s] Level 5:colcon.colcon_core.verb:set package 'opennav_coverage_navigator' build argument 'cmake_clean_first' from command line to 'False'
[0.113s] Level 5:colcon.colcon_core.verb:set package 'opennav_coverage_navigator' build argument 'cmake_force_configure' from command line to 'False'
[0.113s] Level 5:colcon.colcon_core.verb:set package 'opennav_coverage_navigator' build argument 'ament_cmake_args' from command line to 'None'
[0.113s] Level 5:colcon.colcon_core.verb:set package 'opennav_coverage_navigator' build argument 'catkin_cmake_args' from command line to 'None'
[0.113s] Level 5:colcon.colcon_core.verb:set package 'opennav_coverage_navigator' build argument 'catkin_skip_building_tests' from command line to 'False'
[0.113s] DEBUG:colcon.colcon_core.verb:Building package 'opennav_coverage_navigator' with the following arguments: {'ament_cmake_args': None, 'build_base': '/home/ws/build/opennav_coverage_navigator', 'catkin_cmake_args': None, 'catkin_skip_building_tests': False, 'cmake_args': None, 'cmake_clean_cache': False, 'cmake_clean_first': False, 'cmake_force_configure': False, 'cmake_target': None, 'cmake_target_skip_unavailable': False, 'install_base': '/home/ws/install/opennav_coverage_navigator', 'merge_install': False, 'path': '/home/ws/src/opennav_coverage/opennav_coverage_navigator', 'symlink_install': False, 'test_result_base': None}
[0.113s] Level 5:colcon.colcon_core.verb:set package 'opennav_row_coverage' build argument 'cmake_args' from command line to 'None'
[0.113s] Level 5:colcon.colcon_core.verb:set package 'opennav_row_coverage' build argument 'cmake_target' from command line to 'None'
[0.113s] Level 5:colcon.colcon_core.verb:set package 'opennav_row_coverage' build argument 'cmake_target_skip_unavailable' from command line to 'False'
[0.113s] Level 5:colcon.colcon_core.verb:set package 'opennav_row_coverage' build argument 'cmake_clean_cache' from command line to 'False'
[0.113s] Level 5:colcon.colcon_core.verb:set package 'opennav_row_coverage' build argument 'cmake_clean_first' from command line to 'False'
[0.113s] Level 5:colcon.colcon_core.verb:set package 'opennav_row_coverage' build argument 'cmake_force_configure' from command line to 'False'
[0.113s] Level 5:colcon.colcon_core.verb:set package 'opennav_row_coverage' build argument 'ament_cmake_args' from command line to 'None'
[0.113s] Level 5:colcon.colcon_core.verb:set package 'opennav_row_coverage' build argument 'catkin_cmake_args' from command line to 'None'
[0.113s] Level 5:colcon.colcon_core.verb:set package 'opennav_row_coverage' build argument 'catkin_skip_building_tests' from command line to 'False'
[0.113s] DEBUG:colcon.colcon_core.verb:Building package 'opennav_row_coverage' with the following arguments: {'ament_cmake_args': None, 'build_base': '/home/ws/build/opennav_row_coverage', 'catkin_cmake_args': None, 'catkin_skip_building_tests': False, 'cmake_args': None, 'cmake_clean_cache': False, 'cmake_clean_first': False, 'cmake_force_configure': False, 'cmake_target': None, 'cmake_target_skip_unavailable': False, 'install_base': '/home/ws/install/opennav_row_coverage', 'merge_install': False, 'path': '/home/ws/src/opennav_coverage/opennav_row_coverage', 'symlink_install': False, 'test_result_base': None}
[0.114s] Level 5:colcon.colcon_core.verb:set package 'temizlik_navigation' build argument 'cmake_args' from command line to 'None'
[0.114s] Level 5:colcon.colcon_core.verb:set package 'temizlik_navigation' build argument 'cmake_target' from command line to 'None'
[0.114s] Level 5:colcon.colcon_core.verb:set package 'temizlik_navigation' build argument 'cmake_target_skip_unavailable' from command line to 'False'
[0.114s] Level 5:colcon.colcon_core.verb:set package 'temizlik_navigation' build argument 'cmake_clean_cache' from command line to 'False'
[0.114s] Level 5:colcon.colcon_core.verb:set package 'temizlik_navigation' build argument 'cmake_clean_first' from command line to 'False'
[0.114s] Level 5:colcon.colcon_core.verb:set package 'temizlik_navigation' build argument 'cmake_force_configure' from command line to 'False'
[0.114s] Level 5:colcon.colcon_core.verb:set package 'temizlik_navigation' build argument 'ament_cmake_args' from command line to 'None'
[0.114s] Level 5:colcon.colcon_core.verb:set package 'temizlik_navigation' build argument 'catkin_cmake_args' from command line to 'None'
[0.114s] Level 5:colcon.colcon_core.verb:set package 'temizlik_navigation' build argument 'catkin_skip_building_tests' from command line to 'False'
[0.114s] DEBUG:colcon.colcon_core.verb:Building package 'temizlik_navigation' with the following arguments: {'ament_cmake_args': None, 'build_base': '/home/ws/build/temizlik_navigation', 'catkin_cmake_args': None, 'catkin_skip_building_tests': False, 'cmake_args': None, 'cmake_clean_cache': False, 'cmake_clean_first': False, 'cmake_force_configure': False, 'cmake_target': None, 'cmake_target_skip_unavailable': False, 'install_base': '/home/ws/install/temizlik_navigation', 'merge_install': False, 'path': '/home/ws/src/temizlik_navigation', 'symlink_install': False, 'test_result_base': None}
[0.114s] Level 5:colcon.colcon_core.verb:set package 'opennav_coverage_demo' build argument 'cmake_args' from command line to 'None'
[0.114s] Level 5:colcon.colcon_core.verb:set package 'opennav_coverage_demo' build argument 'cmake_target' from command line to 'None'
[0.114s] Level 5:colcon.colcon_core.verb:set package 'opennav_coverage_demo' build argument 'cmake_target_skip_unavailable' from command line to 'False'
[0.114s] Level 5:colcon.colcon_core.verb:set package 'opennav_coverage_demo' build argument 'cmake_clean_cache' from command line to 'False'
[0.114s] Level 5:colcon.colcon_core.verb:set package 'opennav_coverage_demo' build argument 'cmake_clean_first' from command line to 'False'
[0.114s] Level 5:colcon.colcon_core.verb:set package 'opennav_coverage_demo' build argument 'cmake_force_configure' from command line to 'False'
[0.114s] Level 5:colcon.colcon_core.verb:set package 'opennav_coverage_demo' build argument 'ament_cmake_args' from command line to 'None'
[0.114s] Level 5:colcon.colcon_core.verb:set package 'opennav_coverage_demo' build argument 'catkin_cmake_args' from command line to 'None'
[0.114s] Level 5:colcon.colcon_core.verb:set package 'opennav_coverage_demo' build argument 'catkin_skip_building_tests' from command line to 'False'
[0.114s] DEBUG:colcon.colcon_core.verb:Building package 'opennav_coverage_demo' with the following arguments: {'ament_cmake_args': None, 'build_base': '/home/ws/build/opennav_coverage_demo', 'catkin_cmake_args': None, 'catkin_skip_building_tests': False, 'cmake_args': None, 'cmake_clean_cache': False, 'cmake_clean_first': False, 'cmake_force_configure': False, 'cmake_target': None, 'cmake_target_skip_unavailable': False, 'install_base': '/home/ws/install/opennav_coverage_demo', 'merge_install': False, 'path': '/home/ws/src/opennav_coverage/opennav_coverage_demo', 'symlink_install': False, 'test_result_base': None}
[0.114s] INFO:colcon.colcon_core.executor:Executing jobs using 'parallel' executor
[0.114s] DEBUG:colcon.colcon_parallel_executor.executor.parallel:run_until_complete
[0.115s] INFO:colcon.colcon_ros.task.ament_cmake.build:Building ROS package in '/home/ws/src/opennav_coverage/opennav_coverage_msgs' with build type 'ament_cmake'
[0.115s] INFO:colcon.colcon_cmake.task.cmake.build:Building CMake package in '/home/ws/src/opennav_coverage/opennav_coverage_msgs'
[0.116s] INFO:colcon.colcon_core.plugin_system:Skipping extension 'colcon_core.shell.bat': Not used on non-Windows systems
[0.116s] INFO:colcon.colcon_core.shell:Skip shell extension 'powershell' for command environment: Not usable outside of PowerShell
[0.116s] DEBUG:colcon.colcon_core.shell:Skip shell extension 'dsv' for command environment
[0.120s] INFO:colcon.colcon_ros.task.cmake.build:Building ROS package in '/home/ws/src/Fields2Cover' with build type 'cmake'
[0.120s] INFO:colcon.colcon_cmake.task.cmake.build:Building CMake package in '/home/ws/src/Fields2Cover'
[0.120s] INFO:colcon.colcon_core.shell:Skip shell extension 'powershell' for command environment: Not usable outside of PowerShell
[0.120s] DEBUG:colcon.colcon_core.shell:Skip shell extension 'dsv' for command environment
[0.126s] DEBUG:colcon.colcon_core.event_handler.log_command:Invoking command in '/home/ws/build/opennav_coverage_msgs': CMAKE_PREFIX_PATH=${CMAKE_PREFIX_PATH}:/opt/ros/jazzy /usr/bin/cmake --build /home/ws/build/opennav_coverage_msgs -- -j12 -l12
[0.128s] DEBUG:colcon.colcon_core.event_handler.log_command:Invoking command in '/home/ws/build/fields2cover': CMAKE_PREFIX_PATH=${CMAKE_PREFIX_PATH}:/opt/ros/jazzy /usr/bin/cmake --build /home/ws/build/fields2cover -- -j12 -l12
[0.404s] DEBUG:colcon.colcon_core.event_handler.log_command:Invoked command in '/home/ws/build/opennav_coverage_msgs' returned '0': CMAKE_PREFIX_PATH=${CMAKE_PREFIX_PATH}:/opt/ros/jazzy /usr/bin/cmake --build /home/ws/build/opennav_coverage_msgs -- -j12 -l12
[0.412s] DEBUG:colcon.colcon_core.event_handler.log_command:Invoking command in '/home/ws/build/opennav_coverage_msgs': CMAKE_PREFIX_PATH=${CMAKE_PREFIX_PATH}:/opt/ros/jazzy /usr/bin/cmake --install /home/ws/build/opennav_coverage_msgs
[0.459s] Level 1:colcon.colcon_core.environment:create_environment_scripts_only(opennav_coverage_msgs)
[0.459s] DEBUG:colcon.colcon_core.event_handler.log_command:Invoked command in '/home/ws/build/opennav_coverage_msgs' returned '0': CMAKE_PREFIX_PATH=${CMAKE_PREFIX_PATH}:/opt/ros/jazzy /usr/bin/cmake --install /home/ws/build/opennav_coverage_msgs
[0.461s] Level 1:colcon.colcon_core.environment:checking '/home/ws/install/opennav_coverage_msgs' for CMake module files
[0.461s] Level 1:colcon.colcon_core.environment:checking '/home/ws/install/opennav_coverage_msgs' for CMake config files
[0.462s] Level 1:colcon.colcon_core.shell:create_environment_hook('opennav_coverage_msgs', 'cmake_prefix_path')
[0.462s] INFO:colcon.colcon_core.shell:Creating environment hook '/home/ws/install/opennav_coverage_msgs/share/opennav_coverage_msgs/hook/cmake_prefix_path.ps1'
[0.462s] INFO:colcon.colcon_core.shell:Creating environment descriptor '/home/ws/install/opennav_coverage_msgs/share/opennav_coverage_msgs/hook/cmake_prefix_path.dsv'
[0.462s] INFO:colcon.colcon_core.shell:Creating environment hook '/home/ws/install/opennav_coverage_msgs/share/opennav_coverage_msgs/hook/cmake_prefix_path.sh'
[0.463s] Level 1:colcon.colcon_core.environment:checking '/home/ws/install/opennav_coverage_msgs/lib'
[0.463s] Level 1:colcon.colcon_core.shell:create_environment_hook('opennav_coverage_msgs', 'ld_library_path_lib')
[0.463s] INFO:colcon.colcon_core.shell:Creating environment hook '/home/ws/install/opennav_coverage_msgs/share/opennav_coverage_msgs/hook/ld_library_path_lib.ps1'
[0.463s] INFO:colcon.colcon_core.shell:Creating environment descriptor '/home/ws/install/opennav_coverage_msgs/share/opennav_coverage_msgs/hook/ld_library_path_lib.dsv'
[0.463s] INFO:colcon.colcon_core.shell:Creating environment hook '/home/ws/install/opennav_coverage_msgs/share/opennav_coverage_msgs/hook/ld_library_path_lib.sh'
[0.464s] Level 1:colcon.colcon_core.environment:checking '/home/ws/install/opennav_coverage_msgs/bin'
[0.464s] Level 1:colcon.colcon_core.environment:checking '/home/ws/install/opennav_coverage_msgs/lib/pkgconfig/opennav_coverage_msgs.pc'
[0.465s] Level 1:colcon.colcon_core.environment:checking '/home/ws/install/opennav_coverage_msgs/lib/python3.12/site-packages'
[0.465s] Level 1:colcon.colcon_core.shell:create_environment_hook('opennav_coverage_msgs', 'pythonpath')
[0.465s] INFO:colcon.colcon_core.shell:Creating environment hook '/home/ws/install/opennav_coverage_msgs/share/opennav_coverage_msgs/hook/pythonpath.ps1'
[0.465s] INFO:colcon.colcon_core.shell:Creating environment descriptor '/home/ws/install/opennav_coverage_msgs/share/opennav_coverage_msgs/hook/pythonpath.dsv'
[0.465s] INFO:colcon.colcon_core.shell:Creating environment hook '/home/ws/install/opennav_coverage_msgs/share/opennav_coverage_msgs/hook/pythonpath.sh'
[0.466s] Level 1:colcon.colcon_core.environment:checking '/home/ws/install/opennav_coverage_msgs/bin'
[0.466s] INFO:colcon.colcon_core.shell:Creating package script '/home/ws/install/opennav_coverage_msgs/share/opennav_coverage_msgs/package.ps1'
[0.466s] INFO:colcon.colcon_core.shell:Creating package descriptor '/home/ws/install/opennav_coverage_msgs/share/opennav_coverage_msgs/package.dsv'
[0.467s] INFO:colcon.colcon_core.shell:Creating package script '/home/ws/install/opennav_coverage_msgs/share/opennav_coverage_msgs/package.sh'
[0.467s] INFO:colcon.colcon_core.shell:Creating package script '/home/ws/install/opennav_coverage_msgs/share/opennav_coverage_msgs/package.bash'
[0.467s] INFO:colcon.colcon_core.shell:Creating package script '/home/ws/install/opennav_coverage_msgs/share/opennav_coverage_msgs/package.zsh'
[0.468s] Level 1:colcon.colcon_core.environment:create_file_with_runtime_dependencies(/home/ws/install/opennav_coverage_msgs/share/colcon-core/packages/opennav_coverage_msgs)
[0.468s] Level 1:colcon.colcon_core.environment:create_environment_scripts_only(opennav_coverage_msgs)
[0.468s] Level 1:colcon.colcon_core.environment:checking '/home/ws/install/opennav_coverage_msgs' for CMake module files
[0.469s] Level 1:colcon.colcon_core.environment:checking '/home/ws/install/opennav_coverage_msgs' for CMake config files
[0.469s] Level 1:colcon.colcon_core.shell:create_environment_hook('opennav_coverage_msgs', 'cmake_prefix_path')
[0.469s] INFO:colcon.colcon_core.shell:Creating environment hook '/home/ws/install/opennav_coverage_msgs/share/opennav_coverage_msgs/hook/cmake_prefix_path.ps1'
[0.469s] INFO:colcon.colcon_core.shell:Creating environment descriptor '/home/ws/install/opennav_coverage_msgs/share/opennav_coverage_msgs/hook/cmake_prefix_path.dsv'
[0.470s] INFO:colcon.colcon_core.shell:Creating environment hook '/home/ws/install/opennav_coverage_msgs/share/opennav_coverage_msgs/hook/cmake_prefix_path.sh'
[0.470s] Level 1:colcon.colcon_core.environment:checking '/home/ws/install/opennav_coverage_msgs/lib'
[0.470s] Level 1:colcon.colcon_core.shell:create_environment_hook('opennav_coverage_msgs', 'ld_library_path_lib')
[0.470s] INFO:colcon.colcon_core.shell:Creating environment hook '/home/ws/install/opennav_coverage_msgs/share/opennav_coverage_msgs/hook/ld_library_path_lib.ps1'
[0.470s] INFO:colcon.colcon_core.shell:Creating environment descriptor '/home/ws/install/opennav_coverage_msgs/share/opennav_coverage_msgs/hook/ld_library_path_lib.dsv'
[0.471s] INFO:colcon.colcon_core.shell:Creating environment hook '/home/ws/install/opennav_coverage_msgs/share/opennav_coverage_msgs/hook/ld_library_path_lib.sh'
[0.471s] Level 1:colcon.colcon_core.environment:checking '/home/ws/install/opennav_coverage_msgs/bin'
[0.471s] Level 1:colcon.colcon_core.environment:checking '/home/ws/install/opennav_coverage_msgs/lib/pkgconfig/opennav_coverage_msgs.pc'
[0.471s] Level 1:colcon.colcon_core.environment:checking '/home/ws/install/opennav_coverage_msgs/lib/python3.12/site-packages'
[0.471s] Level 1:colcon.colcon_core.shell:create_environment_hook('opennav_coverage_msgs', 'pythonpath')
[0.471s] INFO:colcon.colcon_core.shell:Creating environment hook '/home/ws/install/opennav_coverage_msgs/share/opennav_coverage_msgs/hook/pythonpath.ps1'
[0.471s] INFO:colcon.colcon_core.shell:Creating environment descriptor '/home/ws/install/opennav_coverage_msgs/share/opennav_coverage_msgs/hook/pythonpath.dsv'
[0.472s] INFO:colcon.colcon_core.shell:Creating environment hook '/home/ws/install/opennav_coverage_msgs/share/opennav_coverage_msgs/hook/pythonpath.sh'
[0.472s] Level 1:colcon.colcon_core.environment:checking '/home/ws/install/opennav_coverage_msgs/bin'
[0.472s] INFO:colcon.colcon_core.shell:Creating package script '/home/ws/install/opennav_coverage_msgs/share/opennav_coverage_msgs/package.ps1'
[0.472s] INFO:colcon.colcon_core.shell:Creating package descriptor '/home/ws/install/opennav_coverage_msgs/share/opennav_coverage_msgs/package.dsv'
[0.473s] INFO:colcon.colcon_core.shell:Creating package script '/home/ws/install/opennav_coverage_msgs/share/opennav_coverage_msgs/package.sh'
[0.473s] INFO:colcon.colcon_core.shell:Creating package script '/home/ws/install/opennav_coverage_msgs/share/opennav_coverage_msgs/package.bash'
[0.473s] INFO:colcon.colcon_core.shell:Creating package script '/home/ws/install/opennav_coverage_msgs/share/opennav_coverage_msgs/package.zsh'
[0.473s] Level 1:colcon.colcon_core.environment:create_file_with_runtime_dependencies(/home/ws/install/opennav_coverage_msgs/share/colcon-core/packages/opennav_coverage_msgs)
[0.474s] INFO:colcon.colcon_ros.task.ament_cmake.build:Building ROS package in '/home/ws/src/opennav_coverage/opennav_coverage_bt' with build type 'ament_cmake'
[0.474s] INFO:colcon.colcon_cmake.task.cmake.build:Building CMake package in '/home/ws/src/opennav_coverage/opennav_coverage_bt'
[0.474s] INFO:colcon.colcon_core.shell:Skip shell extension 'powershell' for command environment: Not usable outside of PowerShell
[0.474s] DEBUG:colcon.colcon_core.shell:Skip shell extension 'dsv' for command environment
[0.482s] DEBUG:colcon.colcon_core.event_handler.log_command:Invoking command in '/home/ws/build/opennav_coverage_bt': CMAKE_PREFIX_PATH=/home/ws/install/opennav_coverage_msgs:/home/ws/install/opennav_coverage_bt:/home/ws/install/opennav_coverage:/home/ws/install/fields2cover:/opt/ros/jazzy/opt/gz_sim_vendor:/opt/ros/jazzy/opt/gz_sensors_vendor:/opt/ros/jazzy/opt/gz_physics_vendor:/opt/ros/jazzy/opt/sdformat_vendor:/opt/ros/jazzy/opt/gz_gui_vendor:/opt/ros/jazzy/opt/gz_transport_vendor:/opt/ros/jazzy/opt/gz_rendering_vendor:/opt/ros/jazzy/opt/gz_plugin_vendor:/opt/ros/jazzy/opt/gz_fuel_tools_vendor:/opt/ros/jazzy/opt/gz_msgs_vendor:/opt/ros/jazzy/opt/gz_common_vendor:/opt/ros/jazzy/opt/gz_math_vendor:/opt/ros/jazzy/opt/gz_utils_vendor:/opt/ros/jazzy/opt/gz_tools_vendor:/opt/ros/jazzy/opt/gz_ogre_next_vendor:/opt/ros/jazzy/opt/gz_dartsim_vendor:/opt/ros/jazzy/opt/gz_cmake_vendor:/opt/ros/jazzy LD_LIBRARY_PATH=/home/ws/install/opennav_coverage_msgs/lib:/home/ws/install/opennav_coverage_bt/lib:/home/ws/install/opennav_coverage/lib:/home/ws/install/fields2cover/lib:/opt/ros/jazzy/opt/gz_sim_vendor/lib:/opt/ros/jazzy/opt/gz_sensors_vendor/lib:/opt/ros/jazzy/opt/gz_physics_vendor/lib:/opt/ros/jazzy/opt/sdformat_vendor/lib:/opt/ros/jazzy/opt/rviz_ogre_vendor/lib:/opt/ros/jazzy/lib/x86_64-linux-gnu:/opt/ros/jazzy/opt/gz_gui_vendor/lib:/opt/ros/jazzy/opt/gz_transport_vendor/lib:/opt/ros/jazzy/opt/gz_rendering_vendor/lib:/opt/ros/jazzy/opt/gz_plugin_vendor/lib:/opt/ros/jazzy/opt/gz_fuel_tools_vendor/lib:/opt/ros/jazzy/opt/gz_msgs_vendor/lib:/opt/ros/jazzy/opt/gz_common_vendor/lib:/opt/ros/jazzy/opt/gz_math_vendor/lib:/opt/ros/jazzy/opt/gz_utils_vendor/lib:/opt/ros/jazzy/opt/gz_tools_vendor/lib:/opt/ros/jazzy/opt/gz_ogre_next_vendor/lib:/opt/ros/jazzy/opt/gz_dartsim_vendor/lib:/opt/ros/jazzy/opt/gz_cmake_vendor/lib:/opt/ros/jazzy/lib /usr/bin/cmake --build /home/ws/build/opennav_coverage_bt -- -j12 -l12
[0.551s] DEBUG:colcon.colcon_core.event_handler.log_command:Invoked command in '/home/ws/build/fields2cover' returned '0': CMAKE_PREFIX_PATH=${CMAKE_PREFIX_PATH}:/opt/ros/jazzy /usr/bin/cmake --build /home/ws/build/fields2cover -- -j12 -l12
[0.552s] DEBUG:colcon.colcon_core.event_handler.log_command:Invoking command in '/home/ws/build/fields2cover': CMAKE_PREFIX_PATH=${CMAKE_PREFIX_PATH}:/opt/ros/jazzy /usr/bin/cmake --install /home/ws/build/fields2cover
[0.563s] Level 1:colcon.colcon_core.shell:create_environment_hook('fields2cover', 'pkg_config_path')
[0.564s] INFO:colcon.colcon_core.shell:Creating environment hook '/home/ws/install/fields2cover/share/fields2cover/hook/pkg_config_path.ps1'
[0.564s] INFO:colcon.colcon_core.shell:Creating environment descriptor '/home/ws/install/fields2cover/share/fields2cover/hook/pkg_config_path.dsv'
[0.564s] INFO:colcon.colcon_core.shell:Creating environment hook '/home/ws/install/fields2cover/share/fields2cover/hook/pkg_config_path.sh'
[0.565s] DEBUG:colcon.colcon_core.event_handler.log_command:Invoked command in '/home/ws/build/fields2cover' returned '0': CMAKE_PREFIX_PATH=${CMAKE_PREFIX_PATH}:/opt/ros/jazzy /usr/bin/cmake --install /home/ws/build/fields2cover
[0.566s] Level 1:colcon.colcon_core.shell:create_environment_hook('fields2cover', 'pkg_config_path_multiarch')
[0.566s] INFO:colcon.colcon_core.shell:Creating environment hook '/home/ws/install/fields2cover/share/fields2cover/hook/pkg_config_path_multiarch.ps1'
[0.566s] INFO:colcon.colcon_core.shell:Creating environment descriptor '/home/ws/install/fields2cover/share/fields2cover/hook/pkg_config_path_multiarch.dsv'
[0.566s] INFO:colcon.colcon_core.shell:Creating environment hook '/home/ws/install/fields2cover/share/fields2cover/hook/pkg_config_path_multiarch.sh'
[0.567s] Level 1:colcon.colcon_core.environment:create_environment_scripts_only(fields2cover)
[0.567s] Level 1:colcon.colcon_core.environment:checking '/home/ws/install/fields2cover' for CMake module files
[0.567s] Level 1:colcon.colcon_core.environment:checking '/home/ws/install/fields2cover' for CMake config files
[0.567s] Level 1:colcon.colcon_core.shell:create_environment_hook('fields2cover', 'cmake_prefix_path')
[0.567s] INFO:colcon.colcon_core.shell:Creating environment hook '/home/ws/install/fields2cover/share/fields2cover/hook/cmake_prefix_path.ps1'
[0.567s] INFO:colcon.colcon_core.shell:Creating environment descriptor '/home/ws/install/fields2cover/share/fields2cover/hook/cmake_prefix_path.dsv'
[0.567s] INFO:colcon.colcon_core.shell:Creating environment hook '/home/ws/install/fields2cover/share/fields2cover/hook/cmake_prefix_path.sh'
[0.568s] Level 1:colcon.colcon_core.environment:checking '/home/ws/install/fields2cover/lib'
[0.568s] Level 1:colcon.colcon_core.shell:create_environment_hook('fields2cover', 'ld_library_path_lib')
[0.568s] INFO:colcon.colcon_core.shell:Creating environment hook '/home/ws/install/fields2cover/share/fields2cover/hook/ld_library_path_lib.ps1'
[0.568s] INFO:colcon.colcon_core.shell:Creating environment descriptor '/home/ws/install/fields2cover/share/fields2cover/hook/ld_library_path_lib.dsv'
[0.568s] INFO:colcon.colcon_core.shell:Creating environment hook '/home/ws/install/fields2cover/share/fields2cover/hook/ld_library_path_lib.sh'
[0.568s] Level 1:colcon.colcon_core.environment:checking '/home/ws/install/fields2cover/bin'
[0.568s] Level 1:colcon.colcon_core.environment:checking '/home/ws/install/fields2cover/lib/pkgconfig/fields2cover.pc'
[0.568s] Level 1:colcon.colcon_core.environment:checking '/home/ws/install/fields2cover/lib/python3.12/site-packages'
[0.569s] Level 1:colcon.colcon_core.environment:checking '/home/ws/install/fields2cover/bin'
[0.569s] INFO:colcon.colcon_core.shell:Creating package script '/home/ws/install/fields2cover/share/fields2cover/package.ps1'
[0.569s] INFO:colcon.colcon_core.shell:Creating package descriptor '/home/ws/install/fields2cover/share/fields2cover/package.dsv'
[0.569s] INFO:colcon.colcon_core.shell:Creating package script '/home/ws/install/fields2cover/share/fields2cover/package.sh'
[0.570s] INFO:colcon.colcon_core.shell:Creating package script '/home/ws/install/fields2cover/share/fields2cover/package.bash'
[0.570s] INFO:colcon.colcon_core.shell:Creating package script '/home/ws/install/fields2cover/share/fields2cover/package.zsh'
[0.570s] Level 1:colcon.colcon_core.environment:create_file_with_runtime_dependencies(/home/ws/install/fields2cover/share/colcon-core/packages/fields2cover)
[0.570s] INFO:colcon.colcon_ros.task.ament_cmake.build:Building ROS package in '/home/ws/src/opennav_coverage/opennav_coverage' with build type 'ament_cmake'
[0.570s] INFO:colcon.colcon_cmake.task.cmake.build:Building CMake package in '/home/ws/src/opennav_coverage/opennav_coverage'
[0.570s] INFO:colcon.colcon_core.shell:Skip shell extension 'powershell' for command environment: Not usable outside of PowerShell
[0.570s] DEBUG:colcon.colcon_core.shell:Skip shell extension 'dsv' for command environment
[0.579s] DEBUG:colcon.colcon_core.event_handler.log_command:Invoking command in '/home/ws/build/opennav_coverage': CMAKE_PREFIX_PATH=/home/ws/install/opennav_coverage_msgs:/home/ws/install/fields2cover:/home/ws/install/opennav_coverage_bt:/home/ws/install/opennav_coverage:/opt/ros/jazzy/opt/gz_sim_vendor:/opt/ros/jazzy/opt/gz_sensors_vendor:/opt/ros/jazzy/opt/gz_physics_vendor:/opt/ros/jazzy/opt/sdformat_vendor:/opt/ros/jazzy/opt/gz_gui_vendor:/opt/ros/jazzy/opt/gz_transport_vendor:/opt/ros/jazzy/opt/gz_rendering_vendor:/opt/ros/jazzy/opt/gz_plugin_vendor:/opt/ros/jazzy/opt/gz_fuel_tools_vendor:/opt/ros/jazzy/opt/gz_msgs_vendor:/opt/ros/jazzy/opt/gz_common_vendor:/opt/ros/jazzy/opt/gz_math_vendor:/opt/ros/jazzy/opt/gz_utils_vendor:/opt/ros/jazzy/opt/gz_tools_vendor:/opt/ros/jazzy/opt/gz_ogre_next_vendor:/opt/ros/jazzy/opt/gz_dartsim_vendor:/opt/ros/jazzy/opt/gz_cmake_vendor:/opt/ros/jazzy LD_LIBRARY_PATH=/home/ws/install/opennav_coverage_msgs/lib:/home/ws/install/fields2cover/lib:/home/ws/install/opennav_coverage_bt/lib:/home/ws/install/opennav_coverage/lib:/opt/ros/jazzy/opt/gz_sim_vendor/lib:/opt/ros/jazzy/opt/gz_sensors_vendor/lib:/opt/ros/jazzy/opt/gz_physics_vendor/lib:/opt/ros/jazzy/opt/sdformat_vendor/lib:/opt/ros/jazzy/opt/rviz_ogre_vendor/lib:/opt/ros/jazzy/lib/x86_64-linux-gnu:/opt/ros/jazzy/opt/gz_gui_vendor/lib:/opt/ros/jazzy/opt/gz_transport_vendor/lib:/opt/ros/jazzy/opt/gz_rendering_vendor/lib:/opt/ros/jazzy/opt/gz_plugin_vendor/lib:/opt/ros/jazzy/opt/gz_fuel_tools_vendor/lib:/opt/ros/jazzy/opt/gz_msgs_vendor/lib:/opt/ros/jazzy/opt/gz_common_vendor/lib:/opt/ros/jazzy/opt/gz_math_vendor/lib:/opt/ros/jazzy/opt/gz_utils_vendor/lib:/opt/ros/jazzy/opt/gz_tools_vendor/lib:/opt/ros/jazzy/opt/gz_ogre_next_vendor/lib:/opt/ros/jazzy/opt/gz_dartsim_vendor/lib:/opt/ros/jazzy/opt/gz_cmake_vendor/lib:/opt/ros/jazzy/lib /usr/bin/cmake --build /home/ws/build/opennav_coverage -- -j12 -l12
[0.594s] DEBUG:colcon.colcon_core.event_handler.log_command:Invoked command in '/home/ws/build/opennav_coverage_bt' returned '0': CMAKE_PREFIX_PATH=/home/ws/install/opennav_coverage_msgs:/home/ws/install/opennav_coverage_bt:/home/ws/install/opennav_coverage:/home/ws/install/fields2cover:/opt/ros/jazzy/opt/gz_sim_vendor:/opt/ros/jazzy/opt/gz_sensors_vendor:/opt/ros/jazzy/opt/gz_physics_vendor:/opt/ros/jazzy/opt/sdformat_vendor:/opt/ros/jazzy/opt/gz_gui_vendor:/opt/ros/jazzy/opt/gz_transport_vendor:/opt/ros/jazzy/opt/gz_rendering_vendor:/opt/ros/jazzy/opt/gz_plugin_vendor:/opt/ros/jazzy/opt/gz_fuel_tools_vendor:/opt/ros/jazzy/opt/gz_msgs_vendor:/opt/ros/jazzy/opt/gz_common_vendor:/opt/ros/jazzy/opt/gz_math_vendor:/opt/ros/jazzy/opt/gz_utils_vendor:/opt/ros/jazzy/opt/gz_tools_vendor:/opt/ros/jazzy/opt/gz_ogre_next_vendor:/opt/ros/jazzy/opt/gz_dartsim_vendor:/opt/ros/jazzy/opt/gz_cmake_vendor:/opt/ros/jazzy LD_LIBRARY_PATH=/home/ws/install/opennav_coverage_msgs/lib:/home/ws/install/opennav_coverage_bt/lib:/home/ws/install/opennav_coverage/lib:/home/ws/install/fields2cover/lib:/opt/ros/jazzy/opt/gz_sim_vendor/lib:/opt/ros/jazzy/opt/gz_sensors_vendor/lib:/opt/ros/jazzy/opt/gz_physics_vendor/lib:/opt/ros/jazzy/opt/sdformat_vendor/lib:/opt/ros/jazzy/opt/rviz_ogre_vendor/lib:/opt/ros/jazzy/lib/x86_64-linux-gnu:/opt/ros/jazzy/opt/gz_gui_vendor/lib:/opt/ros/jazzy/opt/gz_transport_vendor/lib:/opt/ros/jazzy/opt/gz_rendering_vendor/lib:/opt/ros/jazzy/opt/gz_plugin_vendor/lib:/opt/ros/jazzy/opt/gz_fuel_tools_vendor/lib:/opt/ros/jazzy/opt/gz_msgs_vendor/lib:/opt/ros/jazzy/opt/gz_common_vendor/lib:/opt/ros/jazzy/opt/gz_math_vendor/lib:/opt/ros/jazzy/opt/gz_utils_vendor/lib:/opt/ros/jazzy/opt/gz_tools_vendor/lib:/opt/ros/jazzy/opt/gz_ogre_next_vendor/lib:/opt/ros/jazzy/opt/gz_dartsim_vendor/lib:/opt/ros/jazzy/opt/gz_cmake_vendor/lib:/opt/ros/jazzy/lib /usr/bin/cmake --build /home/ws/build/opennav_coverage_bt -- -j12 -l12
[0.594s] DEBUG:colcon.colcon_core.event_handler.log_command:Invoking command in '/home/ws/build/opennav_coverage_bt': CMAKE_PREFIX_PATH=/home/ws/install/opennav_coverage_msgs:/home/ws/install/opennav_coverage_bt:/home/ws/install/opennav_coverage:/home/ws/install/fields2cover:/opt/ros/jazzy/opt/gz_sim_vendor:/opt/ros/jazzy/opt/gz_sensors_vendor:/opt/ros/jazzy/opt/gz_physics_vendor:/opt/ros/jazzy/opt/sdformat_vendor:/opt/ros/jazzy/opt/gz_gui_vendor:/opt/ros/jazzy/opt/gz_transport_vendor:/opt/ros/jazzy/opt/gz_rendering_vendor:/opt/ros/jazzy/opt/gz_plugin_vendor:/opt/ros/jazzy/opt/gz_fuel_tools_vendor:/opt/ros/jazzy/opt/gz_msgs_vendor:/opt/ros/jazzy/opt/gz_common_vendor:/opt/ros/jazzy/opt/gz_math_vendor:/opt/ros/jazzy/opt/gz_utils_vendor:/opt/ros/jazzy/opt/gz_tools_vendor:/opt/ros/jazzy/opt/gz_ogre_next_vendor:/opt/ros/jazzy/opt/gz_dartsim_vendor:/opt/ros/jazzy/opt/gz_cmake_vendor:/opt/ros/jazzy LD_LIBRARY_PATH=/home/ws/install/opennav_coverage_msgs/lib:/home/ws/install/opennav_coverage_bt/lib:/home/ws/install/opennav_coverage/lib:/home/ws/install/fields2cover/lib:/opt/ros/jazzy/opt/gz_sim_vendor/lib:/opt/ros/jazzy/opt/gz_sensors_vendor/lib:/opt/ros/jazzy/opt/gz_physics_vendor/lib:/opt/ros/jazzy/opt/sdformat_vendor/lib:/opt/ros/jazzy/opt/rviz_ogre_vendor/lib:/opt/ros/jazzy/lib/x86_64-linux-gnu:/opt/ros/jazzy/opt/gz_gui_vendor/lib:/opt/ros/jazzy/opt/gz_transport_vendor/lib:/opt/ros/jazzy/opt/gz_rendering_vendor/lib:/opt/ros/jazzy/opt/gz_plugin_vendor/lib:/opt/ros/jazzy/opt/gz_fuel_tools_vendor/lib:/opt/ros/jazzy/opt/gz_msgs_vendor/lib:/opt/ros/jazzy/opt/gz_common_vendor/lib:/opt/ros/jazzy/opt/gz_math_vendor/lib:/opt/ros/jazzy/opt/gz_utils_vendor/lib:/opt/ros/jazzy/opt/gz_tools_vendor/lib:/opt/ros/jazzy/opt/gz_ogre_next_vendor/lib:/opt/ros/jazzy/opt/gz_dartsim_vendor/lib:/opt/ros/jazzy/opt/gz_cmake_vendor/lib:/opt/ros/jazzy/lib /usr/bin/cmake --install /home/ws/build/opennav_coverage_bt
[0.604s] Level 1:colcon.colcon_core.environment:create_environment_scripts_only(opennav_coverage_bt)
[0.605s] Level 1:colcon.colcon_core.environment:checking '/home/ws/install/opennav_coverage_bt' for CMake module files
[0.605s] DEBUG:colcon.colcon_core.event_handler.log_command:Invoked command in '/home/ws/build/opennav_coverage_bt' returned '0': CMAKE_PREFIX_PATH=/home/ws/install/opennav_coverage_msgs:/home/ws/install/opennav_coverage_bt:/home/ws/install/opennav_coverage:/home/ws/install/fields2cover:/opt/ros/jazzy/opt/gz_sim_vendor:/opt/ros/jazzy/opt/gz_sensors_vendor:/opt/ros/jazzy/opt/gz_physics_vendor:/opt/ros/jazzy/opt/sdformat_vendor:/opt/ros/jazzy/opt/gz_gui_vendor:/opt/ros/jazzy/opt/gz_transport_vendor:/opt/ros/jazzy/opt/gz_rendering_vendor:/opt/ros/jazzy/opt/gz_plugin_vendor:/opt/ros/jazzy/opt/gz_fuel_tools_vendor:/opt/ros/jazzy/opt/gz_msgs_vendor:/opt/ros/jazzy/opt/gz_common_vendor:/opt/ros/jazzy/opt/gz_math_vendor:/opt/ros/jazzy/opt/gz_utils_vendor:/opt/ros/jazzy/opt/gz_tools_vendor:/opt/ros/jazzy/opt/gz_ogre_next_vendor:/opt/ros/jazzy/opt/gz_dartsim_vendor:/opt/ros/jazzy/opt/gz_cmake_vendor:/opt/ros/jazzy LD_LIBRARY_PATH=/home/ws/install/opennav_coverage_msgs/lib:/home/ws/install/opennav_coverage_bt/lib:/home/ws/install/opennav_coverage/lib:/home/ws/install/fields2cover/lib:/opt/ros/jazzy/opt/gz_sim_vendor/lib:/opt/ros/jazzy/opt/gz_sensors_vendor/lib:/opt/ros/jazzy/opt/gz_physics_vendor/lib:/opt/ros/jazzy/opt/sdformat_vendor/lib:/opt/ros/jazzy/opt/rviz_ogre_vendor/lib:/opt/ros/jazzy/lib/x86_64-linux-gnu:/opt/ros/jazzy/opt/gz_gui_vendor/lib:/opt/ros/jazzy/opt/gz_transport_vendor/lib:/opt/ros/jazzy/opt/gz_rendering_vendor/lib:/opt/ros/jazzy/opt/gz_plugin_vendor/lib:/opt/ros/jazzy/opt/gz_fuel_tools_vendor/lib:/opt/ros/jazzy/opt/gz_msgs_vendor/lib:/opt/ros/jazzy/opt/gz_common_vendor/lib:/opt/ros/jazzy/opt/gz_math_vendor/lib:/opt/ros/jazzy/opt/gz_utils_vendor/lib:/opt/ros/jazzy/opt/gz_tools_vendor/lib:/opt/ros/jazzy/opt/gz_ogre_next_vendor/lib:/opt/ros/jazzy/opt/gz_dartsim_vendor/lib:/opt/ros/jazzy/opt/gz_cmake_vendor/lib:/opt/ros/jazzy/lib /usr/bin/cmake --install /home/ws/build/opennav_coverage_bt
[0.605s] Level 1:colcon.colcon_core.environment:checking '/home/ws/install/opennav_coverage_bt' for CMake config files
[0.605s] Level 1:colcon.colcon_core.shell:create_environment_hook('opennav_coverage_bt', 'cmake_prefix_path')
[0.605s] INFO:colcon.colcon_core.shell:Creating environment hook '/home/ws/install/opennav_coverage_bt/share/opennav_coverage_bt/hook/cmake_prefix_path.ps1'
[0.606s] INFO:colcon.colcon_core.shell:Creating environment descriptor '/home/ws/install/opennav_coverage_bt/share/opennav_coverage_bt/hook/cmake_prefix_path.dsv'
[0.606s] INFO:colcon.colcon_core.shell:Creating environment hook '/home/ws/install/opennav_coverage_bt/share/opennav_coverage_bt/hook/cmake_prefix_path.sh'
[0.606s] Level 1:colcon.colcon_core.environment:checking '/home/ws/install/opennav_coverage_bt/lib'
[0.606s] Level 1:colcon.colcon_core.shell:create_environment_hook('opennav_coverage_bt', 'ld_library_path_lib')
[0.606s] INFO:colcon.colcon_core.shell:Creating environment hook '/home/ws/install/opennav_coverage_bt/share/opennav_coverage_bt/hook/ld_library_path_lib.ps1'
[0.607s] INFO:colcon.colcon_core.shell:Creating environment descriptor '/home/ws/install/opennav_coverage_bt/share/opennav_coverage_bt/hook/ld_library_path_lib.dsv'
[0.607s] INFO:colcon.colcon_core.shell:Creating environment hook '/home/ws/install/opennav_coverage_bt/share/opennav_coverage_bt/hook/ld_library_path_lib.sh'
[0.607s] Level 1:colcon.colcon_core.environment:checking '/home/ws/install/opennav_coverage_bt/bin'
[0.607s] Level 1:colcon.colcon_core.environment:checking '/home/ws/install/opennav_coverage_bt/lib/pkgconfig/opennav_coverage_bt.pc'
[0.607s] Level 1:colcon.colcon_core.environment:checking '/home/ws/install/opennav_coverage_bt/lib/python3.12/site-packages'
[0.608s] Level 1:colcon.colcon_core.environment:checking '/home/ws/install/opennav_coverage_bt/bin'
[0.608s] INFO:colcon.colcon_core.shell:Creating package script '/home/ws/install/opennav_coverage_bt/share/opennav_coverage_bt/package.ps1'
[0.608s] INFO:colcon.colcon_core.shell:Creating package descriptor '/home/ws/install/opennav_coverage_bt/share/opennav_coverage_bt/package.dsv'
[0.608s] INFO:colcon.colcon_core.shell:Creating package script '/home/ws/install/opennav_coverage_bt/share/opennav_coverage_bt/package.sh'
[0.609s] INFO:colcon.colcon_core.shell:Creating package script '/home/ws/install/opennav_coverage_bt/share/opennav_coverage_bt/package.bash'
[0.609s] INFO:colcon.colcon_core.shell:Creating package script '/home/ws/install/opennav_coverage_bt/share/opennav_coverage_bt/package.zsh'
[0.609s] Level 1:colcon.colcon_core.environment:create_file_with_runtime_dependencies(/home/ws/install/opennav_coverage_bt/share/colcon-core/packages/opennav_coverage_bt)
[0.609s] Level 1:colcon.colcon_core.environment:create_environment_scripts_only(opennav_coverage_bt)
[0.609s] Level 1:colcon.colcon_core.environment:checking '/home/ws/install/opennav_coverage_bt' for CMake module files
[0.610s] Level 1:colcon.colcon_core.environment:checking '/home/ws/install/opennav_coverage_bt' for CMake config files
[0.610s] Level 1:colcon.colcon_core.shell:create_environment_hook('opennav_coverage_bt', 'cmake_prefix_path')
[0.610s] INFO:colcon.colcon_core.shell:Creating environment hook '/home/ws/install/opennav_coverage_bt/share/opennav_coverage_bt/hook/cmake_prefix_path.ps1'
[0.610s] INFO:colcon.colcon_core.shell:Creating environment descriptor '/home/ws/install/opennav_coverage_bt/share/opennav_coverage_bt/hook/cmake_prefix_path.dsv'
[0.610s] INFO:colcon.colcon_core.shell:Creating environment hook '/home/ws/install/opennav_coverage_bt/share/opennav_coverage_bt/hook/cmake_prefix_path.sh'
[0.611s] Level 1:colcon.colcon_core.environment:checking '/home/ws/install/opennav_coverage_bt/lib'
[0.611s] Level 1:colcon.colcon_core.shell:create_environment_hook('opennav_coverage_bt', 'ld_library_path_lib')
[0.611s] INFO:colcon.colcon_core.shell:Creating environment hook '/home/ws/install/opennav_coverage_bt/share/opennav_coverage_bt/hook/ld_library_path_lib.ps1'
[0.611s] INFO:colcon.colcon_core.shell:Creating environment descriptor '/home/ws/install/opennav_coverage_bt/share/opennav_coverage_bt/hook/ld_library_path_lib.dsv'
[0.612s] INFO:colcon.colcon_core.shell:Creating environment hook '/home/ws/install/opennav_coverage_bt/share/opennav_coverage_bt/hook/ld_library_path_lib.sh'
[0.612s] Level 1:colcon.colcon_core.environment:checking '/home/ws/install/opennav_coverage_bt/bin'
[0.612s] Level 1:colcon.colcon_core.environment:checking '/home/ws/install/opennav_coverage_bt/lib/pkgconfig/opennav_coverage_bt.pc'
[0.612s] Level 1:colcon.colcon_core.environment:checking '/home/ws/install/opennav_coverage_bt/lib/python3.12/site-packages'
[0.612s] Level 1:colcon.colcon_core.environment:checking '/home/ws/install/opennav_coverage_bt/bin'
[0.612s] INFO:colcon.colcon_core.shell:Creating package script '/home/ws/install/opennav_coverage_bt/share/opennav_coverage_bt/package.ps1'
[0.613s] INFO:colcon.colcon_core.shell:Creating package descriptor '/home/ws/install/opennav_coverage_bt/share/opennav_coverage_bt/package.dsv'
[0.613s] INFO:colcon.colcon_core.shell:Creating package script '/home/ws/install/opennav_coverage_bt/share/opennav_coverage_bt/package.sh'
[0.613s] INFO:colcon.colcon_core.shell:Creating package script '/home/ws/install/opennav_coverage_bt/share/opennav_coverage_bt/package.bash'
[0.613s] INFO:colcon.colcon_core.shell:Creating package script '/home/ws/install/opennav_coverage_bt/share/opennav_coverage_bt/package.zsh'
[0.614s] Level 1:colcon.colcon_core.environment:create_file_with_runtime_dependencies(/home/ws/install/opennav_coverage_bt/share/colcon-core/packages/opennav_coverage_bt)
[0.775s] DEBUG:colcon.colcon_core.event_handler.log_command:Invoked command in '/home/ws/build/opennav_coverage' returned '0': CMAKE_PREFIX_PATH=/home/ws/install/opennav_coverage_msgs:/home/ws/install/fields2cover:/home/ws/install/opennav_coverage_bt:/home/ws/install/opennav_coverage:/opt/ros/jazzy/opt/gz_sim_vendor:/opt/ros/jazzy/opt/gz_sensors_vendor:/opt/ros/jazzy/opt/gz_physics_vendor:/opt/ros/jazzy/opt/sdformat_vendor:/opt/ros/jazzy/opt/gz_gui_vendor:/opt/ros/jazzy/opt/gz_transport_vendor:/opt/ros/jazzy/opt/gz_rendering_vendor:/opt/ros/jazzy/opt/gz_plugin_vendor:/opt/ros/jazzy/opt/gz_fuel_tools_vendor:/opt/ros/jazzy/opt/gz_msgs_vendor:/opt/ros/jazzy/opt/gz_common_vendor:/opt/ros/jazzy/opt/gz_math_vendor:/opt/ros/jazzy/opt/gz_utils_vendor:/opt/ros/jazzy/opt/gz_tools_vendor:/opt/ros/jazzy/opt/gz_ogre_next_vendor:/opt/ros/jazzy/opt/gz_dartsim_vendor:/opt/ros/jazzy/opt/gz_cmake_vendor:/opt/ros/jazzy LD_LIBRARY_PATH=/home/ws/install/opennav_coverage_msgs/lib:/home/ws/install/fields2cover/lib:/home/ws/install/opennav_coverage_bt/lib:/home/ws/install/opennav_coverage/lib:/opt/ros/jazzy/opt/gz_sim_vendor/lib:/opt/ros/jazzy/opt/gz_sensors_vendor/lib:/opt/ros/jazzy/opt/gz_physics_vendor/lib:/opt/ros/jazzy/opt/sdformat_vendor/lib:/opt/ros/jazzy/opt/rviz_ogre_vendor/lib:/opt/ros/jazzy/lib/x86_64-linux-gnu:/opt/ros/jazzy/opt/gz_gui_vendor/lib:/opt/ros/jazzy/opt/gz_transport_vendor/lib:/opt/ros/jazzy/opt/gz_rendering_vendor/lib:/opt/ros/jazzy/opt/gz_plugin_vendor/lib:/opt/ros/jazzy/opt/gz_fuel_tools_vendor/lib:/opt/ros/jazzy/opt/gz_msgs_vendor/lib:/opt/ros/jazzy/opt/gz_common_vendor/lib:/opt/ros/jazzy/opt/gz_math_vendor/lib:/opt/ros/jazzy/opt/gz_utils_vendor/lib:/opt/ros/jazzy/opt/gz_tools_vendor/lib:/opt/ros/jazzy/opt/gz_ogre_next_vendor/lib:/opt/ros/jazzy/opt/gz_dartsim_vendor/lib:/opt/ros/jazzy/opt/gz_cmake_vendor/lib:/opt/ros/jazzy/lib /usr/bin/cmake --build /home/ws/build/opennav_coverage -- -j12 -l12
[0.775s] DEBUG:colcon.colcon_core.event_handler.log_command:Invoking command in '/home/ws/build/opennav_coverage': CMAKE_PREFIX_PATH=/home/ws/install/opennav_coverage_msgs:/home/ws/install/fields2cover:/home/ws/install/opennav_coverage_bt:/home/ws/install/opennav_coverage:/opt/ros/jazzy/opt/gz_sim_vendor:/opt/ros/jazzy/opt/gz_sensors_vendor:/opt/ros/jazzy/opt/gz_physics_vendor:/opt/ros/jazzy/opt/sdformat_vendor:/opt/ros/jazzy/opt/gz_gui_vendor:/opt/ros/jazzy/opt/gz_transport_vendor:/opt/ros/jazzy/opt/gz_rendering_vendor:/opt/ros/jazzy/opt/gz_plugin_vendor:/opt/ros/jazzy/opt/gz_fuel_tools_vendor:/opt/ros/jazzy/opt/gz_msgs_vendor:/opt/ros/jazzy/opt/gz_common_vendor:/opt/ros/jazzy/opt/gz_math_vendor:/opt/ros/jazzy/opt/gz_utils_vendor:/opt/ros/jazzy/opt/gz_tools_vendor:/opt/ros/jazzy/opt/gz_ogre_next_vendor:/opt/ros/jazzy/opt/gz_dartsim_vendor:/opt/ros/jazzy/opt/gz_cmake_vendor:/opt/ros/jazzy LD_LIBRARY_PATH=/home/ws/install/opennav_coverage_msgs/lib:/home/ws/install/fields2cover/lib:/home/ws/install/opennav_coverage_bt/lib:/home/ws/install/opennav_coverage/lib:/opt/ros/jazzy/opt/gz_sim_vendor/lib:/opt/ros/jazzy/opt/gz_sensors_vendor/lib:/opt/ros/jazzy/opt/gz_physics_vendor/lib:/opt/ros/jazzy/opt/sdformat_vendor/lib:/opt/ros/jazzy/opt/rviz_ogre_vendor/lib:/opt/ros/jazzy/lib/x86_64-linux-gnu:/opt/ros/jazzy/opt/gz_gui_vendor/lib:/opt/ros/jazzy/opt/gz_transport_vendor/lib:/opt/ros/jazzy/opt/gz_rendering_vendor/lib:/opt/ros/jazzy/opt/gz_plugin_vendor/lib:/opt/ros/jazzy/opt/gz_fuel_tools_vendor/lib:/opt/ros/jazzy/opt/gz_msgs_vendor/lib:/opt/ros/jazzy/opt/gz_common_vendor/lib:/opt/ros/jazzy/opt/gz_math_vendor/lib:/opt/ros/jazzy/opt/gz_utils_vendor/lib:/opt/ros/jazzy/opt/gz_tools_vendor/lib:/opt/ros/jazzy/opt/gz_ogre_next_vendor/lib:/opt/ros/jazzy/opt/gz_dartsim_vendor/lib:/opt/ros/jazzy/opt/gz_cmake_vendor/lib:/opt/ros/jazzy/lib /usr/bin/cmake --install /home/ws/build/opennav_coverage
[0.784s] Level 1:colcon.colcon_core.environment:create_environment_scripts_only(opennav_coverage)
[0.784s] Level 1:colcon.colcon_core.environment:checking '/home/ws/install/opennav_coverage' for CMake module files
[0.785s] DEBUG:colcon.colcon_core.event_handler.log_command:Invoked command in '/home/ws/build/opennav_coverage' returned '0': CMAKE_PREFIX_PATH=/home/ws/install/opennav_coverage_msgs:/home/ws/install/fields2cover:/home/ws/install/opennav_coverage_bt:/home/ws/install/opennav_coverage:/opt/ros/jazzy/opt/gz_sim_vendor:/opt/ros/jazzy/opt/gz_sensors_vendor:/opt/ros/jazzy/opt/gz_physics_vendor:/opt/ros/jazzy/opt/sdformat_vendor:/opt/ros/jazzy/opt/gz_gui_vendor:/opt/ros/jazzy/opt/gz_transport_vendor:/opt/ros/jazzy/opt/gz_rendering_vendor:/opt/ros/jazzy/opt/gz_plugin_vendor:/opt/ros/jazzy/opt/gz_fuel_tools_vendor:/opt/ros/jazzy/opt/gz_msgs_vendor:/opt/ros/jazzy/opt/gz_common_vendor:/opt/ros/jazzy/opt/gz_math_vendor:/opt/ros/jazzy/opt/gz_utils_vendor:/opt/ros/jazzy/opt/gz_tools_vendor:/opt/ros/jazzy/opt/gz_ogre_next_vendor:/opt/ros/jazzy/opt/gz_dartsim_vendor:/opt/ros/jazzy/opt/gz_cmake_vendor:/opt/ros/jazzy LD_LIBRARY_PATH=/home/ws/install/opennav_coverage_msgs/lib:/home/ws/install/fields2cover/lib:/home/ws/install/opennav_coverage_bt/lib:/home/ws/install/opennav_coverage/lib:/opt/ros/jazzy/opt/gz_sim_vendor/lib:/opt/ros/jazzy/opt/gz_sensors_vendor/lib:/opt/ros/jazzy/opt/gz_physics_vendor/lib:/opt/ros/jazzy/opt/sdformat_vendor/lib:/opt/ros/jazzy/opt/rviz_ogre_vendor/lib:/opt/ros/jazzy/lib/x86_64-linux-gnu:/opt/ros/jazzy/opt/gz_gui_vendor/lib:/opt/ros/jazzy/opt/gz_transport_vendor/lib:/opt/ros/jazzy/opt/gz_rendering_vendor/lib:/opt/ros/jazzy/opt/gz_plugin_vendor/lib:/opt/ros/jazzy/opt/gz_fuel_tools_vendor/lib:/opt/ros/jazzy/opt/gz_msgs_vendor/lib:/opt/ros/jazzy/opt/gz_common_vendor/lib:/opt/ros/jazzy/opt/gz_math_vendor/lib:/opt/ros/jazzy/opt/gz_utils_vendor/lib:/opt/ros/jazzy/opt/gz_tools_vendor/lib:/opt/ros/jazzy/opt/gz_ogre_next_vendor/lib:/opt/ros/jazzy/opt/gz_dartsim_vendor/lib:/opt/ros/jazzy/opt/gz_cmake_vendor/lib:/opt/ros/jazzy/lib /usr/bin/cmake --install /home/ws/build/opennav_coverage
[0.785s] Level 1:colcon.colcon_core.environment:checking '/home/ws/install/opennav_coverage' for CMake config files
[0.785s] Level 1:colcon.colcon_core.shell:create_environment_hook('opennav_coverage', 'cmake_prefix_path')
[0.785s] INFO:colcon.colcon_core.shell:Creating environment hook '/home/ws/install/opennav_coverage/share/opennav_coverage/hook/cmake_prefix_path.ps1'
[0.785s] INFO:colcon.colcon_core.shell:Creating environment descriptor '/home/ws/install/opennav_coverage/share/opennav_coverage/hook/cmake_prefix_path.dsv'
[0.786s] INFO:colcon.colcon_core.shell:Creating environment hook '/home/ws/install/opennav_coverage/share/opennav_coverage/hook/cmake_prefix_path.sh'
[0.786s] Level 1:colcon.colcon_core.environment:checking '/home/ws/install/opennav_coverage/lib'
[0.786s] Level 1:colcon.colcon_core.shell:create_environment_hook('opennav_coverage', 'ld_library_path_lib')
[0.786s] INFO:colcon.colcon_core.shell:Creating environment hook '/home/ws/install/opennav_coverage/share/opennav_coverage/hook/ld_library_path_lib.ps1'
[0.786s] INFO:colcon.colcon_core.shell:Creating environment descriptor '/home/ws/install/opennav_coverage/share/opennav_coverage/hook/ld_library_path_lib.dsv'
[0.786s] INFO:colcon.colcon_core.shell:Creating environment hook '/home/ws/install/opennav_coverage/share/opennav_coverage/hook/ld_library_path_lib.sh'
[0.787s] Level 1:colcon.colcon_core.environment:checking '/home/ws/install/opennav_coverage/bin'
[0.787s] Level 1:colcon.colcon_core.environment:checking '/home/ws/install/opennav_coverage/lib/pkgconfig/opennav_coverage.pc'
[0.787s] Level 1:colcon.colcon_core.environment:checking '/home/ws/install/opennav_coverage/lib/python3.12/site-packages'
[0.787s] Level 1:colcon.colcon_core.environment:checking '/home/ws/install/opennav_coverage/bin'
[0.787s] INFO:colcon.colcon_core.shell:Creating package script '/home/ws/install/opennav_coverage/share/opennav_coverage/package.ps1'
[0.787s] INFO:colcon.colcon_core.shell:Creating package descriptor '/home/ws/install/opennav_coverage/share/opennav_coverage/package.dsv'
[0.787s] INFO:colcon.colcon_core.shell:Creating package script '/home/ws/install/opennav_coverage/share/opennav_coverage/package.sh'
[0.788s] INFO:colcon.colcon_core.shell:Creating package script '/home/ws/install/opennav_coverage/share/opennav_coverage/package.bash'
[0.788s] INFO:colcon.colcon_core.shell:Creating package script '/home/ws/install/opennav_coverage/share/opennav_coverage/package.zsh'
[0.788s] Level 1:colcon.colcon_core.environment:create_file_with_runtime_dependencies(/home/ws/install/opennav_coverage/share/colcon-core/packages/opennav_coverage)
[0.788s] Level 1:colcon.colcon_core.environment:create_environment_scripts_only(opennav_coverage)
[0.788s] Level 1:colcon.colcon_core.environment:checking '/home/ws/install/opennav_coverage' for CMake module files
[0.789s] Level 1:colcon.colcon_core.environment:checking '/home/ws/install/opennav_coverage' for CMake config files
[0.789s] Level 1:colcon.colcon_core.shell:create_environment_hook('opennav_coverage', 'cmake_prefix_path')
[0.789s] INFO:colcon.colcon_core.shell:Creating environment hook '/home/ws/install/opennav_coverage/share/opennav_coverage/hook/cmake_prefix_path.ps1'
[0.789s] INFO:colcon.colcon_core.shell:Creating environment descriptor '/home/ws/install/opennav_coverage/share/opennav_coverage/hook/cmake_prefix_path.dsv'
[0.789s] INFO:colcon.colcon_core.shell:Creating environment hook '/home/ws/install/opennav_coverage/share/opennav_coverage/hook/cmake_prefix_path.sh'
[0.789s] Level 1:colcon.colcon_core.environment:checking '/home/ws/install/opennav_coverage/lib'
[0.789s] Level 1:colcon.colcon_core.shell:create_environment_hook('opennav_coverage', 'ld_library_path_lib')
[0.790s] INFO:colcon.colcon_core.shell:Creating environment hook '/home/ws/install/opennav_coverage/share/opennav_coverage/hook/ld_library_path_lib.ps1'
[0.790s] INFO:colcon.colcon_core.shell:Creating environment descriptor '/home/ws/install/opennav_coverage/share/opennav_coverage/hook/ld_library_path_lib.dsv'
[0.790s] INFO:colcon.colcon_core.shell:Creating environment hook '/home/ws/install/opennav_coverage/share/opennav_coverage/hook/ld_library_path_lib.sh'
[0.790s] Level 1:colcon.colcon_core.environment:checking '/home/ws/install/opennav_coverage/bin'
[0.790s] Level 1:colcon.colcon_core.environment:checking '/home/ws/install/opennav_coverage/lib/pkgconfig/opennav_coverage.pc'
[0.790s] Level 1:colcon.colcon_core.environment:checking '/home/ws/install/opennav_coverage/lib/python3.12/site-packages'
[0.790s] Level 1:colcon.colcon_core.environment:checking '/home/ws/install/opennav_coverage/bin'
[0.790s] INFO:colcon.colcon_core.shell:Creating package script '/home/ws/install/opennav_coverage/share/opennav_coverage/package.ps1'
[0.791s] INFO:colcon.colcon_core.shell:Creating package descriptor '/home/ws/install/opennav_coverage/share/opennav_coverage/package.dsv'
[0.791s] INFO:colcon.colcon_core.shell:Creating package script '/home/ws/install/opennav_coverage/share/opennav_coverage/package.sh'
[0.791s] INFO:colcon.colcon_core.shell:Creating package script '/home/ws/install/opennav_coverage/share/opennav_coverage/package.bash'
[0.791s] INFO:colcon.colcon_core.shell:Creating package script '/home/ws/install/opennav_coverage/share/opennav_coverage/package.zsh'
[0.792s] Level 1:colcon.colcon_core.environment:create_file_with_runtime_dependencies(/home/ws/install/opennav_coverage/share/colcon-core/packages/opennav_coverage)
[0.792s] INFO:colcon.colcon_ros.task.ament_cmake.build:Building ROS package in '/home/ws/src/opennav_coverage/opennav_coverage_navigator' with build type 'ament_cmake'
[0.792s] INFO:colcon.colcon_cmake.task.cmake.build:Building CMake package in '/home/ws/src/opennav_coverage/opennav_coverage_navigator'
[0.792s] INFO:colcon.colcon_core.shell:Skip shell extension 'powershell' for command environment: Not usable outside of PowerShell
[0.792s] DEBUG:colcon.colcon_core.shell:Skip shell extension 'dsv' for command environment
[0.795s] INFO:colcon.colcon_ros.task.ament_cmake.build:Building ROS package in '/home/ws/src/opennav_coverage/opennav_row_coverage' with build type 'ament_cmake'
[0.795s] INFO:colcon.colcon_cmake.task.cmake.build:Building CMake package in '/home/ws/src/opennav_coverage/opennav_row_coverage'
[0.795s] INFO:colcon.colcon_core.shell:Skip shell extension 'powershell' for command environment: Not usable outside of PowerShell
[0.795s] DEBUG:colcon.colcon_core.shell:Skip shell extension 'dsv' for command environment
[0.797s] INFO:colcon.colcon_ros.task.ament_cmake.build:Building ROS package in '/home/ws/src/temizlik_navigation' with build type 'ament_cmake'
[0.797s] INFO:colcon.colcon_cmake.task.cmake.build:Building CMake package in '/home/ws/src/temizlik_navigation'
[0.798s] INFO:colcon.colcon_core.shell:Skip shell extension 'powershell' for command environment: Not usable outside of PowerShell
[0.798s] DEBUG:colcon.colcon_core.shell:Skip shell extension 'dsv' for command environment
[0.805s] DEBUG:colcon.colcon_core.event_handler.log_command:Invoking command in '/home/ws/build/opennav_coverage_navigator': CMAKE_PREFIX_PATH=${CMAKE_PREFIX_PATH}:/opt/ros/jazzy /usr/bin/cmake --build /home/ws/build/opennav_coverage_navigator -- -j12 -l12
[0.807s] DEBUG:colcon.colcon_core.event_handler.log_command:Invoking command in '/home/ws/build/opennav_row_coverage': CMAKE_PREFIX_PATH=/home/ws/install/opennav_coverage:/home/ws/install/opennav_coverage_msgs:/home/ws/install/fields2cover:/home/ws/install/opennav_coverage_bt:/opt/ros/jazzy/opt/gz_sim_vendor:/opt/ros/jazzy/opt/gz_sensors_vendor:/opt/ros/jazzy/opt/gz_physics_vendor:/opt/ros/jazzy/opt/sdformat_vendor:/opt/ros/jazzy/opt/gz_gui_vendor:/opt/ros/jazzy/opt/gz_transport_vendor:/opt/ros/jazzy/opt/gz_rendering_vendor:/opt/ros/jazzy/opt/gz_plugin_vendor:/opt/ros/jazzy/opt/gz_fuel_tools_vendor:/opt/ros/jazzy/opt/gz_msgs_vendor:/opt/ros/jazzy/opt/gz_common_vendor:/opt/ros/jazzy/opt/gz_math_vendor:/opt/ros/jazzy/opt/gz_utils_vendor:/opt/ros/jazzy/opt/gz_tools_vendor:/opt/ros/jazzy/opt/gz_ogre_next_vendor:/opt/ros/jazzy/opt/gz_dartsim_vendor:/opt/ros/jazzy/opt/gz_cmake_vendor:/opt/ros/jazzy LD_LIBRARY_PATH=/home/ws/install/opennav_coverage/lib:/home/ws/install/opennav_coverage_msgs/lib:/home/ws/install/fields2cover/lib:/home/ws/install/opennav_coverage_bt/lib:/opt/ros/jazzy/opt/gz_sim_vendor/lib:/opt/ros/jazzy/opt/gz_sensors_vendor/lib:/opt/ros/jazzy/opt/gz_physics_vendor/lib:/opt/ros/jazzy/opt/sdformat_vendor/lib:/opt/ros/jazzy/opt/rviz_ogre_vendor/lib:/opt/ros/jazzy/lib/x86_64-linux-gnu:/opt/ros/jazzy/opt/gz_gui_vendor/lib:/opt/ros/jazzy/opt/gz_transport_vendor/lib:/opt/ros/jazzy/opt/gz_rendering_vendor/lib:/opt/ros/jazzy/opt/gz_plugin_vendor/lib:/opt/ros/jazzy/opt/gz_fuel_tools_vendor/lib:/opt/ros/jazzy/opt/gz_msgs_vendor/lib:/opt/ros/jazzy/opt/gz_common_vendor/lib:/opt/ros/jazzy/opt/gz_math_vendor/lib:/opt/ros/jazzy/opt/gz_utils_vendor/lib:/opt/ros/jazzy/opt/gz_tools_vendor/lib:/opt/ros/jazzy/opt/gz_ogre_next_vendor/lib:/opt/ros/jazzy/opt/gz_dartsim_vendor/lib:/opt/ros/jazzy/opt/gz_cmake_vendor/lib:/opt/ros/jazzy/lib /usr/bin/cmake --build /home/ws/build/opennav_row_coverage -- -j12 -l12
[0.809s] DEBUG:colcon.colcon_core.event_handler.log_command:Invoking command in '/home/ws/build/temizlik_navigation': CMAKE_PREFIX_PATH=/home/ws/install/opennav_coverage:/home/ws/install/opennav_coverage_msgs:/home/ws/install/fields2cover:/home/ws/install/opennav_coverage_bt:/opt/ros/jazzy/opt/gz_sim_vendor:/opt/ros/jazzy/opt/gz_sensors_vendor:/opt/ros/jazzy/opt/gz_physics_vendor:/opt/ros/jazzy/opt/sdformat_vendor:/opt/ros/jazzy/opt/gz_gui_vendor:/opt/ros/jazzy/opt/gz_transport_vendor:/opt/ros/jazzy/opt/gz_rendering_vendor:/opt/ros/jazzy/opt/gz_plugin_vendor:/opt/ros/jazzy/opt/gz_fuel_tools_vendor:/opt/ros/jazzy/opt/gz_msgs_vendor:/opt/ros/jazzy/opt/gz_common_vendor:/opt/ros/jazzy/opt/gz_math_vendor:/opt/ros/jazzy/opt/gz_utils_vendor:/opt/ros/jazzy/opt/gz_tools_vendor:/opt/ros/jazzy/opt/gz_ogre_next_vendor:/opt/ros/jazzy/opt/gz_dartsim_vendor:/opt/ros/jazzy/opt/gz_cmake_vendor:/opt/ros/jazzy LD_LIBRARY_PATH=/home/ws/install/opennav_coverage/lib:/home/ws/install/opennav_coverage_msgs/lib:/home/ws/install/fields2cover/lib:/home/ws/install/opennav_coverage_bt/lib:/opt/ros/jazzy/opt/gz_sim_vendor/lib:/opt/ros/jazzy/opt/gz_sensors_vendor/lib:/opt/ros/jazzy/opt/gz_physics_vendor/lib:/opt/ros/jazzy/opt/sdformat_vendor/lib:/opt/ros/jazzy/opt/rviz_ogre_vendor/lib:/opt/ros/jazzy/lib/x86_64-linux-gnu:/opt/ros/jazzy/opt/gz_gui_vendor/lib:/opt/ros/jazzy/opt/gz_transport_vendor/lib:/opt/ros/jazzy/opt/gz_rendering_vendor/lib:/opt/ros/jazzy/opt/gz_plugin_vendor/lib:/opt/ros/jazzy/opt/gz_fuel_tools_vendor/lib:/opt/ros/jazzy/opt/gz_msgs_vendor/lib:/opt/ros/jazzy/opt/gz_common_vendor/lib:/opt/ros/jazzy/opt/gz_math_vendor/lib:/opt/ros/jazzy/opt/gz_utils_vendor/lib:/opt/ros/jazzy/opt/gz_tools_vendor/lib:/opt/ros/jazzy/opt/gz_ogre_next_vendor/lib:/opt/ros/jazzy/opt/gz_dartsim_vendor/lib:/opt/ros/jazzy/opt/gz_cmake_vendor/lib:/opt/ros/jazzy/lib /usr/bin/cmake --build /home/ws/build/temizlik_navigation -- -j12 -l12
[0.934s] DEBUG:colcon.colcon_core.event_handler.log_command:Invoked command in '/home/ws/build/opennav_coverage_navigator' returned '0': CMAKE_PREFIX_PATH=${CMAKE_PREFIX_PATH}:/opt/ros/jazzy /usr/bin/cmake --build /home/ws/build/opennav_coverage_navigator -- -j12 -l12
[0.935s] DEBUG:colcon.colcon_core.event_handler.log_command:Invoking command in '/home/ws/build/opennav_coverage_navigator': CMAKE_PREFIX_PATH=${CMAKE_PREFIX_PATH}:/opt/ros/jazzy /usr/bin/cmake --install /home/ws/build/opennav_coverage_navigator
[0.946s] DEBUG:colcon.colcon_core.event_handler.log_command:Invoked command in '/home/ws/build/opennav_row_coverage' returned '0': CMAKE_PREFIX_PATH=/home/ws/install/opennav_coverage:/home/ws/install/opennav_coverage_msgs:/home/ws/install/fields2cover:/home/ws/install/opennav_coverage_bt:/opt/ros/jazzy/opt/gz_sim_vendor:/opt/ros/jazzy/opt/gz_sensors_vendor:/opt/ros/jazzy/opt/gz_physics_vendor:/opt/ros/jazzy/opt/sdformat_vendor:/opt/ros/jazzy/opt/gz_gui_vendor:/opt/ros/jazzy/opt/gz_transport_vendor:/opt/ros/jazzy/opt/gz_rendering_vendor:/opt/ros/jazzy/opt/gz_plugin_vendor:/opt/ros/jazzy/opt/gz_fuel_tools_vendor:/opt/ros/jazzy/opt/gz_msgs_vendor:/opt/ros/jazzy/opt/gz_common_vendor:/opt/ros/jazzy/opt/gz_math_vendor:/opt/ros/jazzy/opt/gz_utils_vendor:/opt/ros/jazzy/opt/gz_tools_vendor:/opt/ros/jazzy/opt/gz_ogre_next_vendor:/opt/ros/jazzy/opt/gz_dartsim_vendor:/opt/ros/jazzy/opt/gz_cmake_vendor:/opt/ros/jazzy LD_LIBRARY_PATH=/home/ws/install/opennav_coverage/lib:/home/ws/install/opennav_coverage_msgs/lib:/home/ws/install/fields2cover/lib:/home/ws/install/opennav_coverage_bt/lib:/opt/ros/jazzy/opt/gz_sim_vendor/lib:/opt/ros/jazzy/opt/gz_sensors_vendor/lib:/opt/ros/jazzy/opt/gz_physics_vendor/lib:/opt/ros/jazzy/opt/sdformat_vendor/lib:/opt/ros/jazzy/opt/rviz_ogre_vendor/lib:/opt/ros/jazzy/lib/x86_64-linux-gnu:/opt/ros/jazzy/opt/gz_gui_vendor/lib:/opt/ros/jazzy/opt/gz_transport_vendor/lib:/opt/ros/jazzy/opt/gz_rendering_vendor/lib:/opt/ros/jazzy/opt/gz_plugin_vendor/lib:/opt/ros/jazzy/opt/gz_fuel_tools_vendor/lib:/opt/ros/jazzy/opt/gz_msgs_vendor/lib:/opt/ros/jazzy/opt/gz_common_vendor/lib:/opt/ros/jazzy/opt/gz_math_vendor/lib:/opt/ros/jazzy/opt/gz_utils_vendor/lib:/opt/ros/jazzy/opt/gz_tools_vendor/lib:/opt/ros/jazzy/opt/gz_ogre_next_vendor/lib:/opt/ros/jazzy/opt/gz_dartsim_vendor/lib:/opt/ros/jazzy/opt/gz_cmake_vendor/lib:/opt/ros/jazzy/lib /usr/bin/cmake --build /home/ws/build/opennav_row_coverage -- -j12 -l12
[0.947s] DEBUG:colcon.colcon_core.event_handler.log_command:Invoking command in '/home/ws/build/opennav_row_coverage': CMAKE_PREFIX_PATH=/home/ws/install/opennav_coverage:/home/ws/install/opennav_coverage_msgs:/home/ws/install/fields2cover:/home/ws/install/opennav_coverage_bt:/opt/ros/jazzy/opt/gz_sim_vendor:/opt/ros/jazzy/opt/gz_sensors_vendor:/opt/ros/jazzy/opt/gz_physics_vendor:/opt/ros/jazzy/opt/sdformat_vendor:/opt/ros/jazzy/opt/gz_gui_vendor:/opt/ros/jazzy/opt/gz_transport_vendor:/opt/ros/jazzy/opt/gz_rendering_vendor:/opt/ros/jazzy/opt/gz_plugin_vendor:/opt/ros/jazzy/opt/gz_fuel_tools_vendor:/opt/ros/jazzy/opt/gz_msgs_vendor:/opt/ros/jazzy/opt/gz_common_vendor:/opt/ros/jazzy/opt/gz_math_vendor:/opt/ros/jazzy/opt/gz_utils_vendor:/opt/ros/jazzy/opt/gz_tools_vendor:/opt/ros/jazzy/opt/gz_ogre_next_vendor:/opt/ros/jazzy/opt/gz_dartsim_vendor:/opt/ros/jazzy/opt/gz_cmake_vendor:/opt/ros/jazzy LD_LIBRARY_PATH=/home/ws/install/opennav_coverage/lib:/home/ws/install/opennav_coverage_msgs/lib:/home/ws/install/fields2cover/lib:/home/ws/install/opennav_coverage_bt/lib:/opt/ros/jazzy/opt/gz_sim_vendor/lib:/opt/ros/jazzy/opt/gz_sensors_vendor/lib:/opt/ros/jazzy/opt/gz_physics_vendor/lib:/opt/ros/jazzy/opt/sdformat_vendor/lib:/opt/ros/jazzy/opt/rviz_ogre_vendor/lib:/opt/ros/jazzy/lib/x86_64-linux-gnu:/opt/ros/jazzy/opt/gz_gui_vendor/lib:/opt/ros/jazzy/opt/gz_transport_vendor/lib:/opt/ros/jazzy/opt/gz_rendering_vendor/lib:/opt/ros/jazzy/opt/gz_plugin_vendor/lib:/opt/ros/jazzy/opt/gz_fuel_tools_vendor/lib:/opt/ros/jazzy/opt/gz_msgs_vendor/lib:/opt/ros/jazzy/opt/gz_common_vendor/lib:/opt/ros/jazzy/opt/gz_math_vendor/lib:/opt/ros/jazzy/opt/gz_utils_vendor/lib:/opt/ros/jazzy/opt/gz_tools_vendor/lib:/opt/ros/jazzy/opt/gz_ogre_next_vendor/lib:/opt/ros/jazzy/opt/gz_dartsim_vendor/lib:/opt/ros/jazzy/opt/gz_cmake_vendor/lib:/opt/ros/jazzy/lib /usr/bin/cmake --install /home/ws/build/opennav_row_coverage
[0.950s] Level 1:colcon.colcon_core.environment:create_environment_scripts_only(opennav_coverage_navigator)
[0.950s] Level 1:colcon.colcon_core.environment:checking '/home/ws/install/opennav_coverage_navigator' for CMake module files
[0.951s] DEBUG:colcon.colcon_core.event_handler.log_command:Invoked command in '/home/ws/build/opennav_coverage_navigator' returned '0': CMAKE_PREFIX_PATH=${CMAKE_PREFIX_PATH}:/opt/ros/jazzy /usr/bin/cmake --install /home/ws/build/opennav_coverage_navigator
[0.951s] Level 1:colcon.colcon_core.environment:checking '/home/ws/install/opennav_coverage_navigator' for CMake config files
[0.951s] Level 1:colcon.colcon_core.shell:create_environment_hook('opennav_coverage_navigator', 'cmake_prefix_path')
[0.951s] INFO:colcon.colcon_core.shell:Creating environment hook '/home/ws/install/opennav_coverage_navigator/share/opennav_coverage_navigator/hook/cmake_prefix_path.ps1'
[0.951s] INFO:colcon.colcon_core.shell:Creating environment descriptor '/home/ws/install/opennav_coverage_navigator/share/opennav_coverage_navigator/hook/cmake_prefix_path.dsv'
[0.951s] INFO:colcon.colcon_core.shell:Creating environment hook '/home/ws/install/opennav_coverage_navigator/share/opennav_coverage_navigator/hook/cmake_prefix_path.sh'
[0.952s] Level 1:colcon.colcon_core.environment:checking '/home/ws/install/opennav_coverage_navigator/lib'
[0.952s] Level 1:colcon.colcon_core.shell:create_environment_hook('opennav_coverage_navigator', 'ld_library_path_lib')
[0.952s] INFO:colcon.colcon_core.shell:Creating environment hook '/home/ws/install/opennav_coverage_navigator/share/opennav_coverage_navigator/hook/ld_library_path_lib.ps1'
[0.952s] INFO:colcon.colcon_core.shell:Creating environment descriptor '/home/ws/install/opennav_coverage_navigator/share/opennav_coverage_navigator/hook/ld_library_path_lib.dsv'
[0.952s] INFO:colcon.colcon_core.shell:Creating environment hook '/home/ws/install/opennav_coverage_navigator/share/opennav_coverage_navigator/hook/ld_library_path_lib.sh'
[0.952s] Level 1:colcon.colcon_core.environment:checking '/home/ws/install/opennav_coverage_navigator/bin'
[0.952s] Level 1:colcon.colcon_core.environment:checking '/home/ws/install/opennav_coverage_navigator/lib/pkgconfig/opennav_coverage_navigator.pc'
[0.953s] Level 1:colcon.colcon_core.environment:checking '/home/ws/install/opennav_coverage_navigator/lib/python3.12/site-packages'
[0.953s] Level 1:colcon.colcon_core.environment:checking '/home/ws/install/opennav_coverage_navigator/bin'
[0.953s] INFO:colcon.colcon_core.shell:Creating package script '/home/ws/install/opennav_coverage_navigator/share/opennav_coverage_navigator/package.ps1'
[0.953s] INFO:colcon.colcon_core.shell:Creating package descriptor '/home/ws/install/opennav_coverage_navigator/share/opennav_coverage_navigator/package.dsv'
[0.953s] INFO:colcon.colcon_core.shell:Creating package script '/home/ws/install/opennav_coverage_navigator/share/opennav_coverage_navigator/package.sh'
[0.953s] INFO:colcon.colcon_core.shell:Creating package script '/home/ws/install/opennav_coverage_navigator/share/opennav_coverage_navigator/package.bash'
[0.954s] INFO:colcon.colcon_core.shell:Creating package script '/home/ws/install/opennav_coverage_navigator/share/opennav_coverage_navigator/package.zsh'
[0.954s] Level 1:colcon.colcon_core.environment:create_file_with_runtime_dependencies(/home/ws/install/opennav_coverage_navigator/share/colcon-core/packages/opennav_coverage_navigator)
[0.954s] Level 1:colcon.colcon_core.environment:create_environment_scripts_only(opennav_coverage_navigator)
[0.954s] Level 1:colcon.colcon_core.environment:checking '/home/ws/install/opennav_coverage_navigator' for CMake module files
[0.955s] Level 1:colcon.colcon_core.environment:checking '/home/ws/install/opennav_coverage_navigator' for CMake config files
[0.955s] Level 1:colcon.colcon_core.shell:create_environment_hook('opennav_coverage_navigator', 'cmake_prefix_path')
[0.955s] INFO:colcon.colcon_core.shell:Creating environment hook '/home/ws/install/opennav_coverage_navigator/share/opennav_coverage_navigator/hook/cmake_prefix_path.ps1'
[0.955s] INFO:colcon.colcon_core.shell:Creating environment descriptor '/home/ws/install/opennav_coverage_navigator/share/opennav_coverage_navigator/hook/cmake_prefix_path.dsv'
[0.955s] INFO:colcon.colcon_core.shell:Creating environment hook '/home/ws/install/opennav_coverage_navigator/share/opennav_coverage_navigator/hook/cmake_prefix_path.sh'
[0.955s] Level 1:colcon.colcon_core.environment:checking '/home/ws/install/opennav_coverage_navigator/lib'
[0.955s] Level 1:colcon.colcon_core.shell:create_environment_hook('opennav_coverage_navigator', 'ld_library_path_lib')
[0.956s] INFO:colcon.colcon_core.shell:Creating environment hook '/home/ws/install/opennav_coverage_navigator/share/opennav_coverage_navigator/hook/ld_library_path_lib.ps1'
[0.956s] INFO:colcon.colcon_core.shell:Creating environment descriptor '/home/ws/install/opennav_coverage_navigator/share/opennav_coverage_navigator/hook/ld_library_path_lib.dsv'
[0.956s] INFO:colcon.colcon_core.shell:Creating environment hook '/home/ws/install/opennav_coverage_navigator/share/opennav_coverage_navigator/hook/ld_library_path_lib.sh'
[0.956s] Level 1:colcon.colcon_core.environment:checking '/home/ws/install/opennav_coverage_navigator/bin'
[0.956s] Level 1:colcon.colcon_core.environment:checking '/home/ws/install/opennav_coverage_navigator/lib/pkgconfig/opennav_coverage_navigator.pc'
[0.956s] Level 1:colcon.colcon_core.environment:checking '/home/ws/install/opennav_coverage_navigator/lib/python3.12/site-packages'
[0.957s] Level 1:colcon.colcon_core.environment:checking '/home/ws/install/opennav_coverage_navigator/bin'
[0.957s] INFO:colcon.colcon_core.shell:Creating package script '/home/ws/install/opennav_coverage_navigator/share/opennav_coverage_navigator/package.ps1'
[0.957s] INFO:colcon.colcon_core.shell:Creating package descriptor '/home/ws/install/opennav_coverage_navigator/share/opennav_coverage_navigator/package.dsv'
[0.957s] INFO:colcon.colcon_core.shell:Creating package script '/home/ws/install/opennav_coverage_navigator/share/opennav_coverage_navigator/package.sh'
[0.958s] INFO:colcon.colcon_core.shell:Creating package script '/home/ws/install/opennav_coverage_navigator/share/opennav_coverage_navigator/package.bash'
[0.958s] INFO:colcon.colcon_core.shell:Creating package script '/home/ws/install/opennav_coverage_navigator/share/opennav_coverage_navigator/package.zsh'
[0.959s] Level 1:colcon.colcon_core.environment:create_file_with_runtime_dependencies(/home/ws/install/opennav_coverage_navigator/share/colcon-core/packages/opennav_coverage_navigator)
[0.962s] Level 1:colcon.colcon_core.environment:create_environment_scripts_only(opennav_row_coverage)
[0.962s] Level 1:colcon.colcon_core.environment:checking '/home/ws/install/opennav_row_coverage' for CMake module files
[0.963s] DEBUG:colcon.colcon_core.event_handler.log_command:Invoked command in '/home/ws/build/opennav_row_coverage' returned '0': CMAKE_PREFIX_PATH=/home/ws/install/opennav_coverage:/home/ws/install/opennav_coverage_msgs:/home/ws/install/fields2cover:/home/ws/install/opennav_coverage_bt:/opt/ros/jazzy/opt/gz_sim_vendor:/opt/ros/jazzy/opt/gz_sensors_vendor:/opt/ros/jazzy/opt/gz_physics_vendor:/opt/ros/jazzy/opt/sdformat_vendor:/opt/ros/jazzy/opt/gz_gui_vendor:/opt/ros/jazzy/opt/gz_transport_vendor:/opt/ros/jazzy/opt/gz_rendering_vendor:/opt/ros/jazzy/opt/gz_plugin_vendor:/opt/ros/jazzy/opt/gz_fuel_tools_vendor:/opt/ros/jazzy/opt/gz_msgs_vendor:/opt/ros/jazzy/opt/gz_common_vendor:/opt/ros/jazzy/opt/gz_math_vendor:/opt/ros/jazzy/opt/gz_utils_vendor:/opt/ros/jazzy/opt/gz_tools_vendor:/opt/ros/jazzy/opt/gz_ogre_next_vendor:/opt/ros/jazzy/opt/gz_dartsim_vendor:/opt/ros/jazzy/opt/gz_cmake_vendor:/opt/ros/jazzy LD_LIBRARY_PATH=/home/ws/install/opennav_coverage/lib:/home/ws/install/opennav_coverage_msgs/lib:/home/ws/install/fields2cover/lib:/home/ws/install/opennav_coverage_bt/lib:/opt/ros/jazzy/opt/gz_sim_vendor/lib:/opt/ros/jazzy/opt/gz_sensors_vendor/lib:/opt/ros/jazzy/opt/gz_physics_vendor/lib:/opt/ros/jazzy/opt/sdformat_vendor/lib:/opt/ros/jazzy/opt/rviz_ogre_vendor/lib:/opt/ros/jazzy/lib/x86_64-linux-gnu:/opt/ros/jazzy/opt/gz_gui_vendor/lib:/opt/ros/jazzy/opt/gz_transport_vendor/lib:/opt/ros/jazzy/opt/gz_rendering_vendor/lib:/opt/ros/jazzy/opt/gz_plugin_vendor/lib:/opt/ros/jazzy/opt/gz_fuel_tools_vendor/lib:/opt/ros/jazzy/opt/gz_msgs_vendor/lib:/opt/ros/jazzy/opt/gz_common_vendor/lib:/opt/ros/jazzy/opt/gz_math_vendor/lib:/opt/ros/jazzy/opt/gz_utils_vendor/lib:/opt/ros/jazzy/opt/gz_tools_vendor/lib:/opt/ros/jazzy/opt/gz_ogre_next_vendor/lib:/opt/ros/jazzy/opt/gz_dartsim_vendor/lib:/opt/ros/jazzy/opt/gz_cmake_vendor/lib:/opt/ros/jazzy/lib /usr/bin/cmake --install /home/ws/build/opennav_row_coverage
[0.963s] Level 1:colcon.colcon_core.environment:checking '/home/ws/install/opennav_row_coverage' for CMake config files
[0.963s] Level 1:colcon.colcon_core.shell:create_environment_hook('opennav_row_coverage', 'cmake_prefix_path')
[0.963s] INFO:colcon.colcon_core.shell:Creating environment hook '/home/ws/install/opennav_row_coverage/share/opennav_row_coverage/hook/cmake_prefix_path.ps1'
[0.963s] INFO:colcon.colcon_core.shell:Creating environment descriptor '/home/ws/install/opennav_row_coverage/share/opennav_row_coverage/hook/cmake_prefix_path.dsv'
[0.964s] INFO:colcon.colcon_core.shell:Creating environment hook '/home/ws/install/opennav_row_coverage/share/opennav_row_coverage/hook/cmake_prefix_path.sh'
[0.964s] Level 1:colcon.colcon_core.environment:checking '/home/ws/install/opennav_row_coverage/lib'
[0.964s] Level 1:colcon.colcon_core.shell:create_environment_hook('opennav_row_coverage', 'ld_library_path_lib')
[0.964s] INFO:colcon.colcon_core.shell:Creating environment hook '/home/ws/install/opennav_row_coverage/share/opennav_row_coverage/hook/ld_library_path_lib.ps1'
[0.964s] INFO:colcon.colcon_core.shell:Creating environment descriptor '/home/ws/install/opennav_row_coverage/share/opennav_row_coverage/hook/ld_library_path_lib.dsv'
[0.965s] INFO:colcon.colcon_core.shell:Creating environment hook '/home/ws/install/opennav_row_coverage/share/opennav_row_coverage/hook/ld_library_path_lib.sh'
[0.965s] Level 1:colcon.colcon_core.environment:checking '/home/ws/install/opennav_row_coverage/bin'
[0.965s] Level 1:colcon.colcon_core.environment:checking '/home/ws/install/opennav_row_coverage/lib/pkgconfig/opennav_row_coverage.pc'
[0.965s] Level 1:colcon.colcon_core.environment:checking '/home/ws/install/opennav_row_coverage/lib/python3.12/site-packages'
[0.965s] Level 1:colcon.colcon_core.environment:checking '/home/ws/install/opennav_row_coverage/bin'
[0.965s] INFO:colcon.colcon_core.shell:Creating package script '/home/ws/install/opennav_row_coverage/share/opennav_row_coverage/package.ps1'
[0.966s] INFO:colcon.colcon_core.shell:Creating package descriptor '/home/ws/install/opennav_row_coverage/share/opennav_row_coverage/package.dsv'
[0.966s] INFO:colcon.colcon_core.shell:Creating package script '/home/ws/install/opennav_row_coverage/share/opennav_row_coverage/package.sh'
[0.966s] INFO:colcon.colcon_core.shell:Creating package script '/home/ws/install/opennav_row_coverage/share/opennav_row_coverage/package.bash'
[0.967s] INFO:colcon.colcon_core.shell:Creating package script '/home/ws/install/opennav_row_coverage/share/opennav_row_coverage/package.zsh'
[0.967s] Level 1:colcon.colcon_core.environment:create_file_with_runtime_dependencies(/home/ws/install/opennav_row_coverage/share/colcon-core/packages/opennav_row_coverage)
[0.967s] Level 1:colcon.colcon_core.environment:create_environment_scripts_only(opennav_row_coverage)
[0.967s] Level 1:colcon.colcon_core.environment:checking '/home/ws/install/opennav_row_coverage' for CMake module files
[0.968s] Level 1:colcon.colcon_core.environment:checking '/home/ws/install/opennav_row_coverage' for CMake config files
[0.968s] Level 1:colcon.colcon_core.shell:create_environment_hook('opennav_row_coverage', 'cmake_prefix_path')
[0.968s] INFO:colcon.colcon_core.shell:Creating environment hook '/home/ws/install/opennav_row_coverage/share/opennav_row_coverage/hook/cmake_prefix_path.ps1'
[0.968s] INFO:colcon.colcon_core.shell:Creating environment descriptor '/home/ws/install/opennav_row_coverage/share/opennav_row_coverage/hook/cmake_prefix_path.dsv'
[0.968s] INFO:colcon.colcon_core.shell:Creating environment hook '/home/ws/install/opennav_row_coverage/share/opennav_row_coverage/hook/cmake_prefix_path.sh'
[0.969s] Level 1:colcon.colcon_core.environment:checking '/home/ws/install/opennav_row_coverage/lib'
[0.969s] Level 1:colcon.colcon_core.shell:create_environment_hook('opennav_row_coverage', 'ld_library_path_lib')
[0.969s] INFO:colcon.colcon_core.shell:Creating environment hook '/home/ws/install/opennav_row_coverage/share/opennav_row_coverage/hook/ld_library_path_lib.ps1'
[0.969s] INFO:colcon.colcon_core.shell:Creating environment descriptor '/home/ws/install/opennav_row_coverage/share/opennav_row_coverage/hook/ld_library_path_lib.dsv'
[0.969s] INFO:colcon.colcon_core.shell:Creating environment hook '/home/ws/install/opennav_row_coverage/share/opennav_row_coverage/hook/ld_library_path_lib.sh'
[0.969s] Level 1:colcon.colcon_core.environment:checking '/home/ws/install/opennav_row_coverage/bin'
[0.970s] Level 1:colcon.colcon_core.environment:checking '/home/ws/install/opennav_row_coverage/lib/pkgconfig/opennav_row_coverage.pc'
[0.970s] Level 1:colcon.colcon_core.environment:checking '/home/ws/install/opennav_row_coverage/lib/python3.12/site-packages'
[0.970s] Level 1:colcon.colcon_core.environment:checking '/home/ws/install/opennav_row_coverage/bin'
[0.970s] INFO:colcon.colcon_core.shell:Creating package script '/home/ws/install/opennav_row_coverage/share/opennav_row_coverage/package.ps1'
[0.970s] INFO:colcon.colcon_core.shell:Creating package descriptor '/home/ws/install/opennav_row_coverage/share/opennav_row_coverage/package.dsv'
[0.971s] INFO:colcon.colcon_core.shell:Creating package script '/home/ws/install/opennav_row_coverage/share/opennav_row_coverage/package.sh'
[0.971s] INFO:colcon.colcon_core.shell:Creating package script '/home/ws/install/opennav_row_coverage/share/opennav_row_coverage/package.bash'
[0.971s] INFO:colcon.colcon_core.shell:Creating package script '/home/ws/install/opennav_row_coverage/share/opennav_row_coverage/package.zsh'
[0.971s] Level 1:colcon.colcon_core.environment:create_file_with_runtime_dependencies(/home/ws/install/opennav_row_coverage/share/colcon-core/packages/opennav_row_coverage)
[0.972s] INFO:colcon.colcon_ros.task.ament_python.build:Building ROS package in '/home/ws/src/opennav_coverage/opennav_coverage_demo' with build type 'ament_python'
[0.972s] Level 1:colcon.colcon_core.shell:create_environment_hook('opennav_coverage_demo', 'ament_prefix_path')
[0.972s] INFO:colcon.colcon_core.shell:Creating environment hook '/home/ws/install/opennav_coverage_demo/share/opennav_coverage_demo/hook/ament_prefix_path.ps1'
[0.972s] INFO:colcon.colcon_core.shell:Creating environment descriptor '/home/ws/install/opennav_coverage_demo/share/opennav_coverage_demo/hook/ament_prefix_path.dsv'
[0.973s] INFO:colcon.colcon_core.shell:Creating environment hook '/home/ws/install/opennav_coverage_demo/share/opennav_coverage_demo/hook/ament_prefix_path.sh'
[0.973s] INFO:colcon.colcon_core.shell:Skip shell extension 'powershell' for command environment: Not usable outside of PowerShell
[0.973s] DEBUG:colcon.colcon_core.shell:Skip shell extension 'dsv' for command environment
[1.110s] INFO:colcon.colcon_core.task.python.build:Building Python package in '/home/ws/src/opennav_coverage/opennav_coverage_demo'
[1.110s] INFO:colcon.colcon_core.shell:Skip shell extension 'powershell' for command environment: Not usable outside of PowerShell
[1.110s] DEBUG:colcon.colcon_core.shell:Skip shell extension 'dsv' for command environment
[1.469s] DEBUG:colcon.colcon_core.event_handler.log_command:Invoking command in '/home/ws/src/opennav_coverage/opennav_coverage_demo': AMENT_PREFIX_PATH=/home/ws/install/opennav_row_coverage:/home/ws/install/opennav_coverage_navigator:${AMENT_PREFIX_PATH} CMAKE_PREFIX_PATH=/home/ws/install/opennav_row_coverage:/home/ws/install/opennav_coverage_navigator:${CMAKE_PREFIX_PATH} LD_LIBRARY_PATH=/home/ws/install/opennav_row_coverage/lib:/home/ws/install/opennav_coverage_navigator/lib:${LD_LIBRARY_PATH} PYTHONPATH=/home/ws/build/opennav_coverage_demo/prefix_override:/usr/lib/python3/dist-packages/colcon_core/task/python/colcon_distutils_commands:/home/ws/install/opennav_coverage_demo/lib/python3.12/site-packages:${PYTHONPATH} /usr/bin/python3 -W ignore:setup.py install is deprecated -W ignore:easy_install command is deprecated setup.py egg_info --egg-base ../../../build/opennav_coverage_demo build --build-base /home/ws/build/opennav_coverage_demo/build install --record /home/ws/build/opennav_coverage_demo/install.log --single-version-externally-managed install_data
[1.752s] Level 1:colcon.colcon_core.environment:checking '/home/ws/install/opennav_coverage_demo' for CMake module files
[1.752s] DEBUG:colcon.colcon_core.event_handler.log_command:Invoked command in '/home/ws/src/opennav_coverage/opennav_coverage_demo' returned '0': AMENT_PREFIX_PATH=/home/ws/install/opennav_row_coverage:/home/ws/install/opennav_coverage_navigator:${AMENT_PREFIX_PATH} CMAKE_PREFIX_PATH=/home/ws/install/opennav_row_coverage:/home/ws/install/opennav_coverage_navigator:${CMAKE_PREFIX_PATH} LD_LIBRARY_PATH=/home/ws/install/opennav_row_coverage/lib:/home/ws/install/opennav_coverage_navigator/lib:${LD_LIBRARY_PATH} PYTHONPATH=/home/ws/build/opennav_coverage_demo/prefix_override:/usr/lib/python3/dist-packages/colcon_core/task/python/colcon_distutils_commands:/home/ws/install/opennav_coverage_demo/lib/python3.12/site-packages:${PYTHONPATH} /usr/bin/python3 -W ignore:setup.py install is deprecated -W ignore:easy_install command is deprecated setup.py egg_info --egg-base ../../../build/opennav_coverage_demo build --build-base /home/ws/build/opennav_coverage_demo/build install --record /home/ws/build/opennav_coverage_demo/install.log --single-version-externally-managed install_data
[1.752s] Level 1:colcon.colcon_core.environment:checking '/home/ws/install/opennav_coverage_demo' for CMake config files
[1.753s] Level 1:colcon.colcon_core.environment:checking '/home/ws/install/opennav_coverage_demo/lib'
[1.753s] Level 1:colcon.colcon_core.environment:checking '/home/ws/install/opennav_coverage_demo/bin'
[1.753s] Level 1:colcon.colcon_core.environment:checking '/home/ws/install/opennav_coverage_demo/lib/pkgconfig/opennav_coverage_demo.pc'
[1.753s] Level 1:colcon.colcon_core.environment:checking '/home/ws/install/opennav_coverage_demo/lib/python3.12/site-packages'
[1.753s] Level 1:colcon.colcon_core.shell:create_environment_hook('opennav_coverage_demo', 'pythonpath')
[1.753s] INFO:colcon.colcon_core.shell:Creating environment hook '/home/ws/install/opennav_coverage_demo/share/opennav_coverage_demo/hook/pythonpath.ps1'
[1.753s] INFO:colcon.colcon_core.shell:Creating environment descriptor '/home/ws/install/opennav_coverage_demo/share/opennav_coverage_demo/hook/pythonpath.dsv'
[1.753s] INFO:colcon.colcon_core.shell:Creating environment hook '/home/ws/install/opennav_coverage_demo/share/opennav_coverage_demo/hook/pythonpath.sh'
[1.754s] Level 1:colcon.colcon_core.environment:checking '/home/ws/install/opennav_coverage_demo/bin'
[1.754s] Level 1:colcon.colcon_core.environment:create_environment_scripts_only(opennav_coverage_demo)
[1.754s] INFO:colcon.colcon_core.shell:Creating package script '/home/ws/install/opennav_coverage_demo/share/opennav_coverage_demo/package.ps1'
[1.754s] INFO:colcon.colcon_core.shell:Creating package descriptor '/home/ws/install/opennav_coverage_demo/share/opennav_coverage_demo/package.dsv'
[1.754s] INFO:colcon.colcon_core.shell:Creating package script '/home/ws/install/opennav_coverage_demo/share/opennav_coverage_demo/package.sh'
[1.754s] INFO:colcon.colcon_core.shell:Creating package script '/home/ws/install/opennav_coverage_demo/share/opennav_coverage_demo/package.bash'
[1.755s] INFO:colcon.colcon_core.shell:Creating package script '/home/ws/install/opennav_coverage_demo/share/opennav_coverage_demo/package.zsh'
[1.755s] Level 1:colcon.colcon_core.environment:create_file_with_runtime_dependencies(/home/ws/install/opennav_coverage_demo/share/colcon-core/packages/opennav_coverage_demo)
[6.167s] DEBUG:colcon.colcon_core.event_handler.log_command:Invoked command in '/home/ws/build/temizlik_navigation' returned '0': CMAKE_PREFIX_PATH=/home/ws/install/opennav_coverage:/home/ws/install/opennav_coverage_msgs:/home/ws/install/fields2cover:/home/ws/install/opennav_coverage_bt:/opt/ros/jazzy/opt/gz_sim_vendor:/opt/ros/jazzy/opt/gz_sensors_vendor:/opt/ros/jazzy/opt/gz_physics_vendor:/opt/ros/jazzy/opt/sdformat_vendor:/opt/ros/jazzy/opt/gz_gui_vendor:/opt/ros/jazzy/opt/gz_transport_vendor:/opt/ros/jazzy/opt/gz_rendering_vendor:/opt/ros/jazzy/opt/gz_plugin_vendor:/opt/ros/jazzy/opt/gz_fuel_tools_vendor:/opt/ros/jazzy/opt/gz_msgs_vendor:/opt/ros/jazzy/opt/gz_common_vendor:/opt/ros/jazzy/opt/gz_math_vendor:/opt/ros/jazzy/opt/gz_utils_vendor:/opt/ros/jazzy/opt/gz_tools_vendor:/opt/ros/jazzy/opt/gz_ogre_next_vendor:/opt/ros/jazzy/opt/gz_dartsim_vendor:/opt/ros/jazzy/opt/gz_cmake_vendor:/opt/ros/jazzy LD_LIBRARY_PATH=/home/ws/install/opennav_coverage/lib:/home/ws/install/opennav_coverage_msgs/lib:/home/ws/install/fields2cover/lib:/home/ws/install/opennav_coverage_bt/lib:/opt/ros/jazzy/opt/gz_sim_vendor/lib:/opt/ros/jazzy/opt/gz_sensors_vendor/lib:/opt/ros/jazzy/opt/gz_physics_vendor/lib:/opt/ros/jazzy/opt/sdformat_vendor/lib:/opt/ros/jazzy/opt/rviz_ogre_vendor/lib:/opt/ros/jazzy/lib/x86_64-linux-gnu:/opt/ros/jazzy/opt/gz_gui_vendor/lib:/opt/ros/jazzy/opt/gz_transport_vendor/lib:/opt/ros/jazzy/opt/gz_rendering_vendor/lib:/opt/ros/jazzy/opt/gz_plugin_vendor/lib:/opt/ros/jazzy/opt/gz_fuel_tools_vendor/lib:/opt/ros/jazzy/opt/gz_msgs_vendor/lib:/opt/ros/jazzy/opt/gz_common_vendor/lib:/opt/ros/jazzy/opt/gz_math_vendor/lib:/opt/ros/jazzy/opt/gz_utils_vendor/lib:/opt/ros/jazzy/opt/gz_tools_vendor/lib:/opt/ros/jazzy/opt/gz_ogre_next_vendor/lib:/opt/ros/jazzy/opt/gz_dartsim_vendor/lib:/opt/ros/jazzy/opt/gz_cmake_vendor/lib:/opt/ros/jazzy/lib /usr/bin/cmake --build /home/ws/build/temizlik_navigation -- -j12 -l12
[6.168s] DEBUG:colcon.colcon_core.event_handler.log_command:Invoking command in '/home/ws/build/temizlik_navigation': CMAKE_PREFIX_PATH=/home/ws/install/opennav_coverage:/home/ws/install/opennav_coverage_msgs:/home/ws/install/fields2cover:/home/ws/install/opennav_coverage_bt:/opt/ros/jazzy/opt/gz_sim_vendor:/opt/ros/jazzy/opt/gz_sensors_vendor:/opt/ros/jazzy/opt/gz_physics_vendor:/opt/ros/jazzy/opt/sdformat_vendor:/opt/ros/jazzy/opt/gz_gui_vendor:/opt/ros/jazzy/opt/gz_transport_vendor:/opt/ros/jazzy/opt/gz_rendering_vendor:/opt/ros/jazzy/opt/gz_plugin_vendor:/opt/ros/jazzy/opt/gz_fuel_tools_vendor:/opt/ros/jazzy/opt/gz_msgs_vendor:/opt/ros/jazzy/opt/gz_common_vendor:/opt/ros/jazzy/opt/gz_math_vendor:/opt/ros/jazzy/opt/gz_utils_vendor:/opt/ros/jazzy/opt/gz_tools_vendor:/opt/ros/jazzy/opt/gz_ogre_next_vendor:/opt/ros/jazzy/opt/gz_dartsim_vendor:/opt/ros/jazzy/opt/gz_cmake_vendor:/opt/ros/jazzy LD_LIBRARY_PATH=/home/ws/install/opennav_coverage/lib:/home/ws/install/opennav_coverage_msgs/lib:/home/ws/install/fields2cover/lib:/home/ws/install/opennav_coverage_bt/lib:/opt/ros/jazzy/opt/gz_sim_vendor/lib:/opt/ros/jazzy/opt/gz_sensors_vendor/lib:/opt/ros/jazzy/opt/gz_physics_vendor/lib:/opt/ros/jazzy/opt/sdformat_vendor/lib:/opt/ros/jazzy/opt/rviz_ogre_vendor/lib:/opt/ros/jazzy/lib/x86_64-linux-gnu:/opt/ros/jazzy/opt/gz_gui_vendor/lib:/opt/ros/jazzy/opt/gz_transport_vendor/lib:/opt/ros/jazzy/opt/gz_rendering_vendor/lib:/opt/ros/jazzy/opt/gz_plugin_vendor/lib:/opt/ros/jazzy/opt/gz_fuel_tools_vendor/lib:/opt/ros/jazzy/opt/gz_msgs_vendor/lib:/opt/ros/jazzy/opt/gz_common_vendor/lib:/opt/ros/jazzy/opt/gz_math_vendor/lib:/opt/ros/jazzy/opt/gz_utils_vendor/lib:/opt/ros/jazzy/opt/gz_tools_vendor/lib:/opt/ros/jazzy/opt/gz_ogre_next_vendor/lib:/opt/ros/jazzy/opt/gz_dartsim_vendor/lib:/opt/ros/jazzy/opt/gz_cmake_vendor/lib:/opt/ros/jazzy/lib /usr/bin/cmake --install /home/ws/build/temizlik_navigation
[6.181s] Level 1:colcon.colcon_core.environment:create_environment_scripts_only(temizlik_navigation)
[6.181s] Level 1:colcon.colcon_core.environment:checking '/home/ws/install/temizlik_navigation' for CMake module files
[6.182s] DEBUG:colcon.colcon_core.event_handler.log_command:Invoked command in '/home/ws/build/temizlik_navigation' returned '0': CMAKE_PREFIX_PATH=/home/ws/install/opennav_coverage:/home/ws/install/opennav_coverage_msgs:/home/ws/install/fields2cover:/home/ws/install/opennav_coverage_bt:/opt/ros/jazzy/opt/gz_sim_vendor:/opt/ros/jazzy/opt/gz_sensors_vendor:/opt/ros/jazzy/opt/gz_physics_vendor:/opt/ros/jazzy/opt/sdformat_vendor:/opt/ros/jazzy/opt/gz_gui_vendor:/opt/ros/jazzy/opt/gz_transport_vendor:/opt/ros/jazzy/opt/gz_rendering_vendor:/opt/ros/jazzy/opt/gz_plugin_vendor:/opt/ros/jazzy/opt/gz_fuel_tools_vendor:/opt/ros/jazzy/opt/gz_msgs_vendor:/opt/ros/jazzy/opt/gz_common_vendor:/opt/ros/jazzy/opt/gz_math_vendor:/opt/ros/jazzy/opt/gz_utils_vendor:/opt/ros/jazzy/opt/gz_tools_vendor:/opt/ros/jazzy/opt/gz_ogre_next_vendor:/opt/ros/jazzy/opt/gz_dartsim_vendor:/opt/ros/jazzy/opt/gz_cmake_vendor:/opt/ros/jazzy LD_LIBRARY_PATH=/home/ws/install/opennav_coverage/lib:/home/ws/install/opennav_coverage_msgs/lib:/home/ws/install/fields2cover/lib:/home/ws/install/opennav_coverage_bt/lib:/opt/ros/jazzy/opt/gz_sim_vendor/lib:/opt/ros/jazzy/opt/gz_sensors_vendor/lib:/opt/ros/jazzy/opt/gz_physics_vendor/lib:/opt/ros/jazzy/opt/sdformat_vendor/lib:/opt/ros/jazzy/opt/rviz_ogre_vendor/lib:/opt/ros/jazzy/lib/x86_64-linux-gnu:/opt/ros/jazzy/opt/gz_gui_vendor/lib:/opt/ros/jazzy/opt/gz_transport_vendor/lib:/opt/ros/jazzy/opt/gz_rendering_vendor/lib:/opt/ros/jazzy/opt/gz_plugin_vendor/lib:/opt/ros/jazzy/opt/gz_fuel_tools_vendor/lib:/opt/ros/jazzy/opt/gz_msgs_vendor/lib:/opt/ros/jazzy/opt/gz_common_vendor/lib:/opt/ros/jazzy/opt/gz_math_vendor/lib:/opt/ros/jazzy/opt/gz_utils_vendor/lib:/opt/ros/jazzy/opt/gz_tools_vendor/lib:/opt/ros/jazzy/opt/gz_ogre_next_vendor/lib:/opt/ros/jazzy/opt/gz_dartsim_vendor/lib:/opt/ros/jazzy/opt/gz_cmake_vendor/lib:/opt/ros/jazzy/lib /usr/bin/cmake --install /home/ws/build/temizlik_navigation
[6.182s] Level 1:colcon.colcon_core.environment:checking '/home/ws/install/temizlik_navigation' for CMake config files
[6.182s] Level 1:colcon.colcon_core.shell:create_environment_hook('temizlik_navigation', 'cmake_prefix_path')
[6.182s] INFO:colcon.colcon_core.shell:Creating environment hook '/home/ws/install/temizlik_navigation/share/temizlik_navigation/hook/cmake_prefix_path.ps1'
[6.182s] INFO:colcon.colcon_core.shell:Creating environment descriptor '/home/ws/install/temizlik_navigation/share/temizlik_navigation/hook/cmake_prefix_path.dsv'
[6.183s] INFO:colcon.colcon_core.shell:Creating environment hook '/home/ws/install/temizlik_navigation/share/temizlik_navigation/hook/cmake_prefix_path.sh'
[6.183s] Level 1:colcon.colcon_core.environment:checking '/home/ws/install/temizlik_navigation/lib'
[6.183s] Level 1:colcon.colcon_core.environment:checking '/home/ws/install/temizlik_navigation/bin'
[6.183s] Level 1:colcon.colcon_core.environment:checking '/home/ws/install/temizlik_navigation/lib/pkgconfig/temizlik_navigation.pc'
[6.183s] Level 1:colcon.colcon_core.environment:checking '/home/ws/install/temizlik_navigation/lib/python3.12/site-packages'
[6.183s] Level 1:colcon.colcon_core.environment:checking '/home/ws/install/temizlik_navigation/bin'
[6.183s] INFO:colcon.colcon_core.shell:Creating package script '/home/ws/install/temizlik_navigation/share/temizlik_navigation/package.ps1'
[6.184s] INFO:colcon.colcon_core.shell:Creating package descriptor '/home/ws/install/temizlik_navigation/share/temizlik_navigation/package.dsv'
[6.184s] INFO:colcon.colcon_core.shell:Creating package script '/home/ws/install/temizlik_navigation/share/temizlik_navigation/package.sh'
[6.184s] INFO:colcon.colcon_core.shell:Creating package script '/home/ws/install/temizlik_navigation/share/temizlik_navigation/package.bash'
[6.184s] INFO:colcon.colcon_core.shell:Creating package script '/home/ws/install/temizlik_navigation/share/temizlik_navigation/package.zsh'
[6.184s] Level 1:colcon.colcon_core.environment:create_file_with_runtime_dependencies(/home/ws/install/temizlik_navigation/share/colcon-core/packages/temizlik_navigation)
[6.185s] Level 1:colcon.colcon_core.environment:create_environment_scripts_only(temizlik_navigation)
[6.185s] Level 1:colcon.colcon_core.environment:checking '/home/ws/install/temizlik_navigation' for CMake module files
[6.185s] Level 1:colcon.colcon_core.environment:checking '/home/ws/install/temizlik_navigation' for CMake config files
[6.185s] Level 1:colcon.colcon_core.shell:create_environment_hook('temizlik_navigation', 'cmake_prefix_path')
[6.185s] INFO:colcon.colcon_core.shell:Creating environment hook '/home/ws/install/temizlik_navigation/share/temizlik_navigation/hook/cmake_prefix_path.ps1'
[6.185s] INFO:colcon.colcon_core.shell:Creating environment descriptor '/home/ws/install/temizlik_navigation/share/temizlik_navigation/hook/cmake_prefix_path.dsv'
[6.186s] INFO:colcon.colcon_core.shell:Creating environment hook '/home/ws/install/temizlik_navigation/share/temizlik_navigation/hook/cmake_prefix_path.sh'
[6.186s] Level 1:colcon.colcon_core.environment:checking '/home/ws/install/temizlik_navigation/lib'
[6.186s] Level 1:colcon.colcon_core.environment:checking '/home/ws/install/temizlik_navigation/bin'
[6.186s] Level 1:colcon.colcon_core.environment:checking '/home/ws/install/temizlik_navigation/lib/pkgconfig/temizlik_navigation.pc'
[6.186s] Level 1:colcon.colcon_core.environment:checking '/home/ws/install/temizlik_navigation/lib/python3.12/site-packages'
[6.186s] Level 1:colcon.colcon_core.environment:checking '/home/ws/install/temizlik_navigation/bin'
[6.186s] INFO:colcon.colcon_core.shell:Creating package script '/home/ws/install/temizlik_navigation/share/temizlik_navigation/package.ps1'
[6.186s] INFO:colcon.colcon_core.shell:Creating package descriptor '/home/ws/install/temizlik_navigation/share/temizlik_navigation/package.dsv'
[6.187s] INFO:colcon.colcon_core.shell:Creating package script '/home/ws/install/temizlik_navigation/share/temizlik_navigation/package.sh'
[6.187s] INFO:colcon.colcon_core.shell:Creating package script '/home/ws/install/temizlik_navigation/share/temizlik_navigation/package.bash'
[6.187s] INFO:colcon.colcon_core.shell:Creating package script '/home/ws/install/temizlik_navigation/share/temizlik_navigation/package.zsh'
[6.187s] Level 1:colcon.colcon_core.environment:create_file_with_runtime_dependencies(/home/ws/install/temizlik_navigation/share/colcon-core/packages/temizlik_navigation)
[6.187s] DEBUG:colcon.colcon_parallel_executor.executor.parallel:closing loop
[6.188s] DEBUG:colcon.colcon_parallel_executor.executor.parallel:loop closed
[6.188s] DEBUG:colcon.colcon_parallel_executor.executor.parallel:run_until_complete finished with '0'
[6.188s] DEBUG:colcon.colcon_core.event_reactor:joining thread
[6.191s] INFO:colcon.colcon_core.plugin_system:Skipping extension 'colcon_notification.desktop_notification.notify_send': Could not find 'notify-send'
[6.191s] INFO:colcon.colcon_core.plugin_system:Skipping extension 'colcon_notification.desktop_notification.terminal_notifier': Not used on non-Darwin systems
[6.191s] INFO:colcon.colcon_core.plugin_system:Skipping extension 'colcon_notification.desktop_notification.win32': Not used on non-Windows systems
[6.191s] INFO:colcon.colcon_notification.desktop_notification:Sending desktop notification using 'notify2'
[6.193s] DEBUG:colcon.colcon_notification.desktop_notification.notify2:Failed to initialize notify2: org.freedesktop.DBus.Error.Spawn.ExecFailed: /usr/bin/dbus-launch terminated abnormally without any error message
[6.193s] DEBUG:colcon.colcon_core.event_reactor:joined thread
[6.193s] INFO:colcon.colcon_core.shell:Creating prefix script '/home/ws/install/local_setup.ps1'
[6.194s] INFO:colcon.colcon_core.shell:Creating prefix util module '/home/ws/install/_local_setup_util_ps1.py'
[6.195s] INFO:colcon.colcon_core.shell:Creating prefix chain script '/home/ws/install/setup.ps1'
[6.196s] INFO:colcon.colcon_core.shell:Creating prefix script '/home/ws/install/local_setup.sh'
[6.196s] INFO:colcon.colcon_core.shell:Creating prefix util module '/home/ws/install/_local_setup_util_sh.py'
[6.196s] INFO:colcon.colcon_core.shell:Creating prefix chain script '/home/ws/install/setup.sh'
[6.197s] INFO:colcon.colcon_core.shell:Creating prefix script '/home/ws/install/local_setup.bash'
[6.198s] INFO:colcon.colcon_core.shell:Creating prefix chain script '/home/ws/install/setup.bash'
[6.198s] INFO:colcon.colcon_core.shell:Creating prefix script '/home/ws/install/local_setup.zsh'
[6.199s] INFO:colcon.colcon_core.shell:Creating prefix chain script '/home/ws/install/setup.zsh'
