[0.000000] (-) TimerEvent: {}
[0.000339] (fields2cover) JobQueued: {'identifier': 'fields2cover', 'dependencies': OrderedDict()}
[0.000396] (opennav_coverage_msgs) JobQueued: {'identifier': 'opennav_coverage_msgs', 'dependencies': OrderedDict()}
[0.000408] (opennav_coverage) JobQueued: {'identifier': 'opennav_coverage', 'dependencies': OrderedDict({'fields2cover': '/home/ws/install/fields2cover', 'opennav_coverage_msgs': '/home/ws/install/opennav_coverage_msgs'})}
[0.000424] (opennav_coverage_bt) JobQueued: {'identifier': 'opennav_coverage_bt', 'dependencies': OrderedDict({'opennav_coverage_msgs': '/home/ws/install/opennav_coverage_msgs'})}
[0.000434] (opennav_coverage_navigator) JobQueued: {'identifier': 'opennav_coverage_navigator', 'dependencies': OrderedDict({'fields2cover': '/home/ws/install/fields2cover', 'opennav_coverage_msgs': '/home/ws/install/opennav_coverage_msgs', 'opennav_coverage': '/home/ws/install/opennav_coverage', 'opennav_coverage_bt': '/home/ws/install/opennav_coverage_bt'})}
[0.000446] (opennav_row_coverage) JobQueued: {'identifier': 'opennav_row_coverage', 'dependencies': OrderedDict({'fields2cover': '/home/ws/install/fields2cover', 'opennav_coverage_msgs': '/home/ws/install/opennav_coverage_msgs', 'opennav_coverage': '/home/ws/install/opennav_coverage'})}
[0.000455] (temizlik_navigation) JobQueued: {'identifier': 'temizlik_navigation', 'dependencies': OrderedDict({'fields2cover': '/home/ws/install/fields2cover', 'opennav_coverage_msgs': '/home/ws/install/opennav_coverage_msgs', 'opennav_coverage': '/home/ws/install/opennav_coverage'})}
[0.000464] (opennav_coverage_demo) JobQueued: {'identifier': 'opennav_coverage_demo', 'dependencies': OrderedDict({'fields2cover': '/home/ws/install/fields2cover', 'opennav_coverage_msgs': '/home/ws/install/opennav_coverage_msgs', 'opennav_coverage': '/home/ws/install/opennav_coverage', 'opennav_coverage_bt': '/home/ws/install/opennav_coverage_bt', 'opennav_coverage_navigator': '/home/ws/install/opennav_coverage_navigator', 'opennav_row_coverage': '/home/ws/install/opennav_row_coverage'})}
[0.000477] (opennav_coverage_msgs) JobStarted: {'identifier': 'opennav_coverage_msgs'}
[0.005227] (fields2cover) JobStarted: {'identifier': 'fields2cover'}
[0.008641] (opennav_coverage_msgs) JobProgress: {'identifier': 'opennav_coverage_msgs', 'progress': 'cmake'}
[0.008895] (opennav_coverage_msgs) Command: {'cmd': ['/usr/bin/cmake', '/home/ws/src/opennav_coverage/opennav_coverage_msgs', '-DCMAKE_INSTALL_PREFIX=/home/ws/install/opennav_coverage_msgs'], 'cwd': '/home/ws/build/opennav_coverage_msgs', 'env': OrderedDict({'PYTHON_BASIC_REPL': '1', 'GZ_SIM_RESOURCE_PATH': '/opt/ros/jazzy/share', 'GZ_CONFIG_PATH': '/opt/ros/jazzy/opt/gz_sim_vendor/share/gz:/opt/ros/jazzy/opt/sdformat_vendor/share/gz:/opt/ros/jazzy/opt/gz_gui_vendor/share/gz:/opt/ros/jazzy/opt/gz_transport_vendor/share/gz:/opt/ros/jazzy/opt/gz_rendering_vendor/share/gz:/opt/ros/jazzy/opt/gz_plugin_vendor/share/gz:/opt/ros/jazzy/opt/gz_fuel_tools_vendor/share/gz:/opt/ros/jazzy/opt/gz_msgs_vendor/share/gz:/opt/ros/jazzy/opt/gz_common_vendor/share/gz', 'HOSTNAME': 'robotik-MS-7E27', 'GIT_ASKPASS': '/vscode/vscode-server/bin/linux-x64/0f0d87fa9e96c856c5212fc86db137ac0d783365/extensions/git/dist/askpass.sh', 'SHLVL': '2', 'LD_LIBRARY_PATH': '/home/ws/install/opennav_coverage_bt/lib:/home/ws/install/opennav_coverage/lib:/home/ws/install/opennav_coverage_msgs/lib:/home/ws/install/fields2cover/lib:/opt/ros/jazzy/opt/gz_sim_vendor/lib:/opt/ros/jazzy/opt/gz_sensors_vendor/lib:/opt/ros/jazzy/opt/gz_physics_vendor/lib:/opt/ros/jazzy/opt/sdformat_vendor/lib:/opt/ros/jazzy/opt/rviz_ogre_vendor/lib:/opt/ros/jazzy/lib/x86_64-linux-gnu:/opt/ros/jazzy/opt/gz_gui_vendor/lib:/opt/ros/jazzy/opt/gz_transport_vendor/lib:/opt/ros/jazzy/opt/gz_rendering_vendor/lib:/opt/ros/jazzy/opt/gz_plugin_vendor/lib:/opt/ros/jazzy/opt/gz_fuel_tools_vendor/lib:/opt/ros/jazzy/opt/gz_msgs_vendor/lib:/opt/ros/jazzy/opt/gz_common_vendor/lib:/opt/ros/jazzy/opt/gz_math_vendor/lib:/opt/ros/jazzy/opt/gz_utils_vendor/lib:/opt/ros/jazzy/opt/gz_tools_vendor/lib:/opt/ros/jazzy/opt/gz_ogre_next_vendor/lib:/opt/ros/jazzy/opt/gz_dartsim_vendor/lib:/opt/ros/jazzy/opt/gz_cmake_vendor/lib:/opt/ros/jazzy/lib', 'BROWSER': '/vscode/vscode-server/bin/linux-x64/0f0d87fa9e96c856c5212fc86db137ac0d783365/bin/helpers/browser.sh', 'HOME': '/home/robotik', 'OLDPWD': '/home/ws', 'TERM_PROGRAM_VERSION': '1.104.1', 'VSCODE_IPC_HOOK_CLI': '/tmp/vscode-ipc-34229b74-0b4a-4ada-80c6-49487c911e82.sock', 'ROS_PYTHON_VERSION': '3', 'GK_GL_PATH': '/tmp/gitkraken/gitlens/gitlens-ipc-server-51464-40011.json', 'VSCODE_GIT_ASKPASS_MAIN': '/vscode/vscode-server/bin/linux-x64/0f0d87fa9e96c856c5212fc86db137ac0d783365/extensions/git/dist/askpass-main.js', 'VSCODE_GIT_ASKPASS_NODE': '/vscode/vscode-server/bin/linux-x64/0f0d87fa9e96c856c5212fc86db137ac0d783365/node', 'VSCODE_PYTHON_AUTOACTIVATE_GUARD': '1', 'COLORTERM': 'truecolor', 'REMOTE_CONTAINERS': 'true', 'COLCON_PREFIX_PATH': '/home/ws/install', 'ROS_DISTRO': 'jazzy', 'REMOTE_CONTAINERS_IPC': '/tmp/vscode-remote-containers-ipc-4e417db4-7c1a-4b01-af48-e54fed4a36cc.sock', '_': '/usr/bin/colcon', 'ROS_VERSION': '2', 'PKG_CONFIG_PATH': '/home/ws/install/fields2cover/lib/x86_64-linux-gnu/pkgconfig:/home/ws/install/fields2cover/lib/pkgconfig', 'TERM': 'xterm-256color', 'ROS_LOCALHOST_ONLY': '1', 'QT_X11_NO_MITSHM': '1', 'PATH': '/vscode/vscode-server/bin/linux-x64/0f0d87fa9e96c856c5212fc86db137ac0d783365/bin/remote-cli:/opt/ros/jazzy/opt/gz_msgs_vendor/bin:/opt/ros/jazzy/opt/gz_tools_vendor/bin:/opt/ros/jazzy/opt/gz_ogre_next_vendor/bin:/opt/ros/jazzy/bin:/usr/local/sbin:/usr/local/bin:/usr/sbin:/usr/bin:/sbin:/bin', 'REMOTE_CONTAINERS_SOCKETS': '["/tmp/vscode-ssh-auth-4e417db4-7c1a-4b01-af48-e54fed4a36cc.sock","/home/robotik/.gnupg/S.gpg-agent"]', 'DISPLAY': ':1', 'LANG': 'C.UTF-8', 'PYTHONSTARTUP': '/home/robotik/.vscode-server/data/User/workspaceStorage/c9fa6eec5cd49662c868376ad1ad25b6/ms-python.python/pythonrc.py', 'LS_COLORS': 'rs=0:di=01;34:ln=01;36:mh=00:pi=40;33:so=01;35:do=01;35:bd=40;33;01:cd=40;33;01:or=40;31;01:mi=00:su=37;41:sg=30;43:ca=00:tw=30;42:ow=34;42:st=37;44:ex=01;32:*.tar=01;31:*.tgz=01;31:*.arc=01;31:*.arj=01;31:*.taz=01;31:*.lha=01;31:*.lz4=01;31:*.lzh=01;31:*.lzma=01;31:*.tlz=01;31:*.txz=01;31:*.tzo=01;31:*.t7z=01;31:*.zip=01;31:*.z=01;31:*.dz=01;31:*.gz=01;31:*.lrz=01;31:*.lz=01;31:*.lzo=01;31:*.xz=01;31:*.zst=01;31:*.tzst=01;31:*.bz2=01;31:*.bz=01;31:*.tbz=01;31:*.tbz2=01;31:*.tz=01;31:*.deb=01;31:*.rpm=01;31:*.jar=01;31:*.war=01;31:*.ear=01;31:*.sar=01;31:*.rar=01;31:*.alz=01;31:*.ace=01;31:*.zoo=01;31:*.cpio=01;31:*.7z=01;31:*.rz=01;31:*.cab=01;31:*.wim=01;31:*.swm=01;31:*.dwm=01;31:*.esd=01;31:*.avif=01;35:*.jpg=01;35:*.jpeg=01;35:*.mjpg=01;35:*.mjpeg=01;35:*.gif=01;35:*.bmp=01;35:*.pbm=01;35:*.pgm=01;35:*.ppm=01;35:*.tga=01;35:*.xbm=01;35:*.xpm=01;35:*.tif=01;35:*.tiff=01;35:*.png=01;35:*.svg=01;35:*.svgz=01;35:*.mng=01;35:*.pcx=01;35:*.mov=01;35:*.mpg=01;35:*.mpeg=01;35:*.m2v=01;35:*.mkv=01;35:*.webm=01;35:*.webp=01;35:*.ogm=01;35:*.mp4=01;35:*.m4v=01;35:*.mp4v=01;35:*.vob=01;35:*.qt=01;35:*.nuv=01;35:*.wmv=01;35:*.asf=01;35:*.rm=01;35:*.rmvb=01;35:*.flc=01;35:*.avi=01;35:*.fli=01;35:*.flv=01;35:*.gl=01;35:*.dl=01;35:*.xcf=01;35:*.xwd=01;35:*.yuv=01;35:*.cgm=01;35:*.emf=01;35:*.ogv=01;35:*.ogx=01;35:*.aac=00;36:*.au=00;36:*.flac=00;36:*.m4a=00;36:*.mid=00;36:*.midi=00;36:*.mka=00;36:*.mp3=00;36:*.mpc=00;36:*.ogg=00;36:*.ra=00;36:*.wav=00;36:*.oga=00;36:*.opus=00;36:*.spx=00;36:*.xspf=00;36:*~=00;90:*#=00;90:*.bak=00;90:*.crdownload=00;90:*.dpkg-dist=00;90:*.dpkg-new=00;90:*.dpkg-old=00;90:*.dpkg-tmp=00;90:*.old=00;90:*.orig=00;90:*.part=00;90:*.rej=00;90:*.rpmnew=00;90:*.rpmorig=00;90:*.rpmsave=00;90:*.swp=00;90:*.tmp=00;90:*.ucf-dist=00;90:*.ucf-new=00;90:*.ucf-old=00;90:', 'VSCODE_GIT_IPC_HANDLE': '/tmp/vscode-git-097b13c4b4.sock', 'TERM_PROGRAM': 'vscode', 'SSH_AUTH_SOCK': '/tmp/vscode-ssh-auth-4e417db4-7c1a-4b01-af48-e54fed4a36cc.sock', 'ROS_DOMAIN_ID': '42', 'AMENT_PREFIX_PATH': '/home/ws/install/opennav_coverage_bt:/home/ws/install/opennav_coverage:/home/ws/install/opennav_coverage_msgs:/home/ws/install/temizlik_navigation:/opt/ros/jazzy', 'SHELL': '/bin/bash', 'GK_GL_ADDR': 'http://127.0.0.1:40011', 'ROS_AUTOMATIC_DISCOVERY_RANGE': 'SUBNET', 'VSCODE_GIT_ASKPASS_EXTRA_ARGS': '', 'PWD': '/home/ws/build/opennav_coverage_msgs', 'TURTLEBOT3_MODEL': 'burger', 'LC_ALL': 'C.UTF-8', 'PYTHONPATH': '/home/ws/install/opennav_coverage_msgs/lib/python3.12/site-packages:/opt/ros/jazzy/lib/python3.12/site-packages', 'COLCON': '1', 'CMAKE_PREFIX_PATH': '/home/ws/install/opennav_coverage_bt:/home/ws/install/opennav_coverage:/home/ws/install/opennav_coverage_msgs:/home/ws/install/fields2cover:/home/ws/install/temizlik_navigation:/opt/ros/jazzy/opt/gz_sim_vendor:/opt/ros/jazzy/opt/gz_sensors_vendor:/opt/ros/jazzy/opt/gz_physics_vendor:/opt/ros/jazzy/opt/sdformat_vendor:/opt/ros/jazzy/opt/gz_gui_vendor:/opt/ros/jazzy/opt/gz_transport_vendor:/opt/ros/jazzy/opt/gz_rendering_vendor:/opt/ros/jazzy/opt/gz_plugin_vendor:/opt/ros/jazzy/opt/gz_fuel_tools_vendor:/opt/ros/jazzy/opt/gz_msgs_vendor:/opt/ros/jazzy/opt/gz_common_vendor:/opt/ros/jazzy/opt/gz_math_vendor:/opt/ros/jazzy/opt/gz_utils_vendor:/opt/ros/jazzy/opt/gz_tools_vendor:/opt/ros/jazzy/opt/gz_ogre_next_vendor:/opt/ros/jazzy/opt/gz_dartsim_vendor:/opt/ros/jazzy/opt/gz_cmake_vendor:/opt/ros/jazzy'}), 'shell': False}
[0.010760] (fields2cover) JobProgress: {'identifier': 'fields2cover', 'progress': 'cmake'}
[0.011022] (fields2cover) Command: {'cmd': ['/usr/bin/cmake', '/home/ws/src/Fields2Cover', '-DCMAKE_INSTALL_PREFIX=/home/ws/install/fields2cover'], 'cwd': '/home/ws/build/fields2cover', 'env': OrderedDict({'PYTHON_BASIC_REPL': '1', 'GZ_SIM_RESOURCE_PATH': '/opt/ros/jazzy/share', 'GZ_CONFIG_PATH': '/opt/ros/jazzy/opt/gz_sim_vendor/share/gz:/opt/ros/jazzy/opt/sdformat_vendor/share/gz:/opt/ros/jazzy/opt/gz_gui_vendor/share/gz:/opt/ros/jazzy/opt/gz_transport_vendor/share/gz:/opt/ros/jazzy/opt/gz_rendering_vendor/share/gz:/opt/ros/jazzy/opt/gz_plugin_vendor/share/gz:/opt/ros/jazzy/opt/gz_fuel_tools_vendor/share/gz:/opt/ros/jazzy/opt/gz_msgs_vendor/share/gz:/opt/ros/jazzy/opt/gz_common_vendor/share/gz', 'HOSTNAME': 'robotik-MS-7E27', 'GIT_ASKPASS': '/vscode/vscode-server/bin/linux-x64/0f0d87fa9e96c856c5212fc86db137ac0d783365/extensions/git/dist/askpass.sh', 'SHLVL': '2', 'LD_LIBRARY_PATH': '/home/ws/install/opennav_coverage_bt/lib:/home/ws/install/opennav_coverage/lib:/home/ws/install/opennav_coverage_msgs/lib:/home/ws/install/fields2cover/lib:/opt/ros/jazzy/opt/gz_sim_vendor/lib:/opt/ros/jazzy/opt/gz_sensors_vendor/lib:/opt/ros/jazzy/opt/gz_physics_vendor/lib:/opt/ros/jazzy/opt/sdformat_vendor/lib:/opt/ros/jazzy/opt/rviz_ogre_vendor/lib:/opt/ros/jazzy/lib/x86_64-linux-gnu:/opt/ros/jazzy/opt/gz_gui_vendor/lib:/opt/ros/jazzy/opt/gz_transport_vendor/lib:/opt/ros/jazzy/opt/gz_rendering_vendor/lib:/opt/ros/jazzy/opt/gz_plugin_vendor/lib:/opt/ros/jazzy/opt/gz_fuel_tools_vendor/lib:/opt/ros/jazzy/opt/gz_msgs_vendor/lib:/opt/ros/jazzy/opt/gz_common_vendor/lib:/opt/ros/jazzy/opt/gz_math_vendor/lib:/opt/ros/jazzy/opt/gz_utils_vendor/lib:/opt/ros/jazzy/opt/gz_tools_vendor/lib:/opt/ros/jazzy/opt/gz_ogre_next_vendor/lib:/opt/ros/jazzy/opt/gz_dartsim_vendor/lib:/opt/ros/jazzy/opt/gz_cmake_vendor/lib:/opt/ros/jazzy/lib', 'BROWSER': '/vscode/vscode-server/bin/linux-x64/0f0d87fa9e96c856c5212fc86db137ac0d783365/bin/helpers/browser.sh', 'HOME': '/home/robotik', 'OLDPWD': '/home/ws', 'TERM_PROGRAM_VERSION': '1.104.1', 'VSCODE_IPC_HOOK_CLI': '/tmp/vscode-ipc-34229b74-0b4a-4ada-80c6-49487c911e82.sock', 'ROS_PYTHON_VERSION': '3', 'GK_GL_PATH': '/tmp/gitkraken/gitlens/gitlens-ipc-server-51464-40011.json', 'VSCODE_GIT_ASKPASS_MAIN': '/vscode/vscode-server/bin/linux-x64/0f0d87fa9e96c856c5212fc86db137ac0d783365/extensions/git/dist/askpass-main.js', 'VSCODE_GIT_ASKPASS_NODE': '/vscode/vscode-server/bin/linux-x64/0f0d87fa9e96c856c5212fc86db137ac0d783365/node', 'VSCODE_PYTHON_AUTOACTIVATE_GUARD': '1', 'COLORTERM': 'truecolor', 'REMOTE_CONTAINERS': 'true', 'COLCON_PREFIX_PATH': '/home/ws/install', 'ROS_DISTRO': 'jazzy', 'REMOTE_CONTAINERS_IPC': '/tmp/vscode-remote-containers-ipc-4e417db4-7c1a-4b01-af48-e54fed4a36cc.sock', '_': '/usr/bin/colcon', 'ROS_VERSION': '2', 'PKG_CONFIG_PATH': '/home/ws/install/fields2cover/lib/x86_64-linux-gnu/pkgconfig:/home/ws/install/fields2cover/lib/pkgconfig', 'TERM': 'xterm-256color', 'ROS_LOCALHOST_ONLY': '1', 'QT_X11_NO_MITSHM': '1', 'PATH': '/vscode/vscode-server/bin/linux-x64/0f0d87fa9e96c856c5212fc86db137ac0d783365/bin/remote-cli:/opt/ros/jazzy/opt/gz_msgs_vendor/bin:/opt/ros/jazzy/opt/gz_tools_vendor/bin:/opt/ros/jazzy/opt/gz_ogre_next_vendor/bin:/opt/ros/jazzy/bin:/usr/local/sbin:/usr/local/bin:/usr/sbin:/usr/bin:/sbin:/bin', 'REMOTE_CONTAINERS_SOCKETS': '["/tmp/vscode-ssh-auth-4e417db4-7c1a-4b01-af48-e54fed4a36cc.sock","/home/robotik/.gnupg/S.gpg-agent"]', 'DISPLAY': ':1', 'LANG': 'C.UTF-8', 'PYTHONSTARTUP': '/home/robotik/.vscode-server/data/User/workspaceStorage/c9fa6eec5cd49662c868376ad1ad25b6/ms-python.python/pythonrc.py', 'LS_COLORS': 'rs=0:di=01;34:ln=01;36:mh=00:pi=40;33:so=01;35:do=01;35:bd=40;33;01:cd=40;33;01:or=40;31;01:mi=00:su=37;41:sg=30;43:ca=00:tw=30;42:ow=34;42:st=37;44:ex=01;32:*.tar=01;31:*.tgz=01;31:*.arc=01;31:*.arj=01;31:*.taz=01;31:*.lha=01;31:*.lz4=01;31:*.lzh=01;31:*.lzma=01;31:*.tlz=01;31:*.txz=01;31:*.tzo=01;31:*.t7z=01;31:*.zip=01;31:*.z=01;31:*.dz=01;31:*.gz=01;31:*.lrz=01;31:*.lz=01;31:*.lzo=01;31:*.xz=01;31:*.zst=01;31:*.tzst=01;31:*.bz2=01;31:*.bz=01;31:*.tbz=01;31:*.tbz2=01;31:*.tz=01;31:*.deb=01;31:*.rpm=01;31:*.jar=01;31:*.war=01;31:*.ear=01;31:*.sar=01;31:*.rar=01;31:*.alz=01;31:*.ace=01;31:*.zoo=01;31:*.cpio=01;31:*.7z=01;31:*.rz=01;31:*.cab=01;31:*.wim=01;31:*.swm=01;31:*.dwm=01;31:*.esd=01;31:*.avif=01;35:*.jpg=01;35:*.jpeg=01;35:*.mjpg=01;35:*.mjpeg=01;35:*.gif=01;35:*.bmp=01;35:*.pbm=01;35:*.pgm=01;35:*.ppm=01;35:*.tga=01;35:*.xbm=01;35:*.xpm=01;35:*.tif=01;35:*.tiff=01;35:*.png=01;35:*.svg=01;35:*.svgz=01;35:*.mng=01;35:*.pcx=01;35:*.mov=01;35:*.mpg=01;35:*.mpeg=01;35:*.m2v=01;35:*.mkv=01;35:*.webm=01;35:*.webp=01;35:*.ogm=01;35:*.mp4=01;35:*.m4v=01;35:*.mp4v=01;35:*.vob=01;35:*.qt=01;35:*.nuv=01;35:*.wmv=01;35:*.asf=01;35:*.rm=01;35:*.rmvb=01;35:*.flc=01;35:*.avi=01;35:*.fli=01;35:*.flv=01;35:*.gl=01;35:*.dl=01;35:*.xcf=01;35:*.xwd=01;35:*.yuv=01;35:*.cgm=01;35:*.emf=01;35:*.ogv=01;35:*.ogx=01;35:*.aac=00;36:*.au=00;36:*.flac=00;36:*.m4a=00;36:*.mid=00;36:*.midi=00;36:*.mka=00;36:*.mp3=00;36:*.mpc=00;36:*.ogg=00;36:*.ra=00;36:*.wav=00;36:*.oga=00;36:*.opus=00;36:*.spx=00;36:*.xspf=00;36:*~=00;90:*#=00;90:*.bak=00;90:*.crdownload=00;90:*.dpkg-dist=00;90:*.dpkg-new=00;90:*.dpkg-old=00;90:*.dpkg-tmp=00;90:*.old=00;90:*.orig=00;90:*.part=00;90:*.rej=00;90:*.rpmnew=00;90:*.rpmorig=00;90:*.rpmsave=00;90:*.swp=00;90:*.tmp=00;90:*.ucf-dist=00;90:*.ucf-new=00;90:*.ucf-old=00;90:', 'VSCODE_GIT_IPC_HANDLE': '/tmp/vscode-git-097b13c4b4.sock', 'TERM_PROGRAM': 'vscode', 'SSH_AUTH_SOCK': '/tmp/vscode-ssh-auth-4e417db4-7c1a-4b01-af48-e54fed4a36cc.sock', 'ROS_DOMAIN_ID': '42', 'AMENT_PREFIX_PATH': '/home/ws/install/opennav_coverage_bt:/home/ws/install/opennav_coverage:/home/ws/install/opennav_coverage_msgs:/home/ws/install/temizlik_navigation:/opt/ros/jazzy', 'SHELL': '/bin/bash', 'GK_GL_ADDR': 'http://127.0.0.1:40011', 'ROS_AUTOMATIC_DISCOVERY_RANGE': 'SUBNET', 'VSCODE_GIT_ASKPASS_EXTRA_ARGS': '', 'PWD': '/home/ws/build/fields2cover', 'TURTLEBOT3_MODEL': 'burger', 'LC_ALL': 'C.UTF-8', 'PYTHONPATH': '/home/ws/install/opennav_coverage_msgs/lib/python3.12/site-packages:/opt/ros/jazzy/lib/python3.12/site-packages', 'COLCON': '1', 'CMAKE_PREFIX_PATH': '/home/ws/install/opennav_coverage_bt:/home/ws/install/opennav_coverage:/home/ws/install/opennav_coverage_msgs:/home/ws/install/fields2cover:/home/ws/install/temizlik_navigation:/opt/ros/jazzy/opt/gz_sim_vendor:/opt/ros/jazzy/opt/gz_sensors_vendor:/opt/ros/jazzy/opt/gz_physics_vendor:/opt/ros/jazzy/opt/sdformat_vendor:/opt/ros/jazzy/opt/gz_gui_vendor:/opt/ros/jazzy/opt/gz_transport_vendor:/opt/ros/jazzy/opt/gz_rendering_vendor:/opt/ros/jazzy/opt/gz_plugin_vendor:/opt/ros/jazzy/opt/gz_fuel_tools_vendor:/opt/ros/jazzy/opt/gz_msgs_vendor:/opt/ros/jazzy/opt/gz_common_vendor:/opt/ros/jazzy/opt/gz_math_vendor:/opt/ros/jazzy/opt/gz_utils_vendor:/opt/ros/jazzy/opt/gz_tools_vendor:/opt/ros/jazzy/opt/gz_ogre_next_vendor:/opt/ros/jazzy/opt/gz_dartsim_vendor:/opt/ros/jazzy/opt/gz_cmake_vendor:/opt/ros/jazzy'}), 'shell': False}
[0.052448] (opennav_coverage_msgs) StdoutLine: {'line': b'-- The C compiler identification is GNU 13.3.0\n'}
[0.059006] (fields2cover) StdoutLine: {'line': b'-- The CXX compiler identification is GNU 13.3.0\n'}
[0.071441] (fields2cover) StdoutLine: {'line': b'-- Detecting CXX compiler ABI info\n'}
[0.090183] (opennav_coverage_msgs) StdoutLine: {'line': b'-- The CXX compiler identification is GNU 13.3.0\n'}
[0.099888] (-) TimerEvent: {}
[0.102580] (opennav_coverage_msgs) StdoutLine: {'line': b'-- Detecting C compiler ABI info\n'}
[0.148860] (fields2cover) StdoutLine: {'line': b'-- Detecting CXX compiler ABI info - done\n'}
[0.154272] (fields2cover) StdoutLine: {'line': b'-- Check for working CXX compiler: /usr/bin/c++ - skipped\n'}
[0.154468] (fields2cover) StdoutLine: {'line': b'-- Detecting CXX compile features\n'}
[0.154725] (fields2cover) StdoutLine: {'line': b'-- Detecting CXX compile features - done\n'}
[0.172841] (opennav_coverage_msgs) StdoutLine: {'line': b'-- Detecting C compiler ABI info - done\n'}
[0.178809] (opennav_coverage_msgs) StdoutLine: {'line': b'-- Check for working C compiler: /usr/bin/cc - skipped\n'}
[0.178954] (opennav_coverage_msgs) StdoutLine: {'line': b'-- Detecting C compile features\n'}
[0.179180] (opennav_coverage_msgs) StdoutLine: {'line': b'-- Detecting C compile features - done\n'}
[0.187434] (opennav_coverage_msgs) StdoutLine: {'line': b'-- Detecting CXX compiler ABI info\n'}
[0.199975] (-) TimerEvent: {}
[0.261288] (opennav_coverage_msgs) StdoutLine: {'line': b'-- Detecting CXX compiler ABI info - done\n'}
[0.266988] (opennav_coverage_msgs) StdoutLine: {'line': b'-- Check for working CXX compiler: /usr/bin/c++ - skipped\n'}
[0.267156] (opennav_coverage_msgs) StdoutLine: {'line': b'-- Detecting CXX compile features\n'}
[0.267432] (opennav_coverage_msgs) StdoutLine: {'line': b'-- Detecting CXX compile features - done\n'}
[0.272285] (opennav_coverage_msgs) StdoutLine: {'line': b'-- Found ament_cmake: 2.5.5 (/opt/ros/jazzy/share/ament_cmake/cmake)\n'}
[0.300054] (-) TimerEvent: {}
[0.387794] (opennav_coverage_msgs) StdoutLine: {'line': b'-- Found Python3: /usr/bin/python3 (found version "3.12.3") found components: Interpreter \n'}
[0.400135] (-) TimerEvent: {}
[0.495588] (opennav_coverage_msgs) StdoutLine: {'line': b'-- Found builtin_interfaces: 2.0.3 (/opt/ros/jazzy/share/builtin_interfaces/cmake)\n'}
[0.500199] (-) TimerEvent: {}
[0.542135] (opennav_coverage_msgs) StdoutLine: {'line': b'-- Found rosidl_generator_c: 4.6.7 (/opt/ros/jazzy/share/rosidl_generator_c/cmake)\n'}
[0.559233] (opennav_coverage_msgs) StdoutLine: {'line': b'-- Found rosidl_generator_cpp: 4.6.7 (/opt/ros/jazzy/share/rosidl_generator_cpp/cmake)\n'}
[0.578271] (opennav_coverage_msgs) StdoutLine: {'line': b'-- Using all available rosidl_typesupport_c: rosidl_typesupport_fastrtps_c;rosidl_typesupport_introspection_c\n'}
[0.597760] (opennav_coverage_msgs) StdoutLine: {'line': b'-- Using all available rosidl_typesupport_cpp: rosidl_typesupport_fastrtps_cpp;rosidl_typesupport_introspection_cpp\n'}
[0.600277] (-) TimerEvent: {}
[0.617308] (opennav_coverage_msgs) StdoutLine: {'line': b'-- Found nav_msgs: 5.3.6 (/opt/ros/jazzy/share/nav_msgs/cmake)\n'}
[0.680301] (opennav_coverage_msgs) StdoutLine: {'line': b'-- Found rosidl_default_generators: 1.6.0 (/opt/ros/jazzy/share/rosidl_default_generators/cmake)\n'}
[0.700340] (-) TimerEvent: {}
[0.702750] (opennav_coverage_msgs) StdoutLine: {'line': b'-- Found rosidl_adapter: 4.6.7 (/opt/ros/jazzy/share/rosidl_adapter/cmake)\n'}
[0.708016] (opennav_coverage_msgs) StdoutLine: {'line': b'-- Found action_msgs: 2.0.3 (/opt/ros/jazzy/share/action_msgs/cmake)\n'}
[0.800421] (-) TimerEvent: {}
[0.900649] (-) TimerEvent: {}
[1.000870] (-) TimerEvent: {}
[1.062821] (fields2cover) StderrLine: {'line': b'\x1b[0mCMake Deprecation Warning at /home/ws/build/fields2cover/_deps/json-src/CMakeLists.txt:1 (cmake_minimum_required):\n'}
[1.062978] (fields2cover) StderrLine: {'line': b'  Compatibility with CMake < 3.5 will be removed from a future version of\n'}
[1.063031] (fields2cover) StderrLine: {'line': b'  CMake.\n'}
[1.063069] (fields2cover) StderrLine: {'line': b'\n'}
[1.063103] (fields2cover) StderrLine: {'line': b'  Update the VERSION argument <min> value or use a ...<max> suffix to tell\n'}
[1.063139] (fields2cover) StderrLine: {'line': b'  CMake that the project does not need compatibility with older versions.\n'}
[1.063173] (fields2cover) StderrLine: {'line': b'\n'}
[1.063205] (fields2cover) StderrLine: {'line': b'\x1b[0m\n'}
[1.066254] (fields2cover) StdoutLine: {'line': b'-- Using the single-header code from /home/ws/build/fields2cover/_deps/json-src/single_include/\n'}
[1.100953] (-) TimerEvent: {}
[1.170068] (opennav_coverage_msgs) StdoutLine: {'line': b'-- Found ament_cmake_ros: 0.12.0 (/opt/ros/jazzy/share/ament_cmake_ros/cmake)\n'}
[1.201055] (-) TimerEvent: {}
[1.301297] (-) TimerEvent: {}
[1.401552] (-) TimerEvent: {}
[1.501759] (-) TimerEvent: {}
[1.601972] (-) TimerEvent: {}
[1.702194] (-) TimerEvent: {}
[1.740429] (opennav_coverage_msgs) StdoutLine: {'line': b'-- Using all available rosidl_typesupport_c: rosidl_typesupport_fastrtps_c;rosidl_typesupport_introspection_c\n'}
[1.802272] (-) TimerEvent: {}
[1.902467] (-) TimerEvent: {}
[1.968905] (opennav_coverage_msgs) StdoutLine: {'line': b'-- Using all available rosidl_typesupport_cpp: rosidl_typesupport_fastrtps_cpp;rosidl_typesupport_introspection_cpp\n'}
[1.973873] (opennav_coverage_msgs) StdoutLine: {'line': b'-- Found python_cmake_module: 0.11.1 (/opt/ros/jazzy/share/python_cmake_module/cmake)\n'}
[2.002548] (-) TimerEvent: {}
[2.065699] (opennav_coverage_msgs) StdoutLine: {'line': b'-- Found PythonExtra: /usr/bin/python3  \n'}
[2.102629] (-) TimerEvent: {}
[2.202815] (-) TimerEvent: {}
[2.303002] (-) TimerEvent: {}
[2.354672] (opennav_coverage_msgs) StdoutLine: {'line': b'-- Found Python3: /usr/bin/python3 (found version "3.12.3") found components: Interpreter Development NumPy Development.Module Development.Embed \n'}
[2.400405] (opennav_coverage_msgs) StdoutLine: {'line': b'-- Configuring done (2.4s)\n'}
[2.403069] (-) TimerEvent: {}
[2.445690] (opennav_coverage_msgs) StdoutLine: {'line': b'-- Generating done (0.0s)\n'}
[2.454239] (opennav_coverage_msgs) StdoutLine: {'line': b'-- Build files have been written to: /home/ws/build/opennav_coverage_msgs\n'}
[2.461186] (opennav_coverage_msgs) CommandEnded: {'returncode': 0}
[2.461518] (opennav_coverage_msgs) JobProgress: {'identifier': 'opennav_coverage_msgs', 'progress': 'build'}
[2.462154] (opennav_coverage_msgs) Command: {'cmd': ['/usr/bin/cmake', '--build', '/home/ws/build/opennav_coverage_msgs', '--', '-j12', '-l12'], 'cwd': '/home/ws/build/opennav_coverage_msgs', 'env': OrderedDict({'PYTHON_BASIC_REPL': '1', 'GZ_SIM_RESOURCE_PATH': '/opt/ros/jazzy/share', 'GZ_CONFIG_PATH': '/opt/ros/jazzy/opt/gz_sim_vendor/share/gz:/opt/ros/jazzy/opt/sdformat_vendor/share/gz:/opt/ros/jazzy/opt/gz_gui_vendor/share/gz:/opt/ros/jazzy/opt/gz_transport_vendor/share/gz:/opt/ros/jazzy/opt/gz_rendering_vendor/share/gz:/opt/ros/jazzy/opt/gz_plugin_vendor/share/gz:/opt/ros/jazzy/opt/gz_fuel_tools_vendor/share/gz:/opt/ros/jazzy/opt/gz_msgs_vendor/share/gz:/opt/ros/jazzy/opt/gz_common_vendor/share/gz', 'HOSTNAME': 'robotik-MS-7E27', 'GIT_ASKPASS': '/vscode/vscode-server/bin/linux-x64/0f0d87fa9e96c856c5212fc86db137ac0d783365/extensions/git/dist/askpass.sh', 'SHLVL': '2', 'LD_LIBRARY_PATH': '/home/ws/install/opennav_coverage_bt/lib:/home/ws/install/opennav_coverage/lib:/home/ws/install/opennav_coverage_msgs/lib:/home/ws/install/fields2cover/lib:/opt/ros/jazzy/opt/gz_sim_vendor/lib:/opt/ros/jazzy/opt/gz_sensors_vendor/lib:/opt/ros/jazzy/opt/gz_physics_vendor/lib:/opt/ros/jazzy/opt/sdformat_vendor/lib:/opt/ros/jazzy/opt/rviz_ogre_vendor/lib:/opt/ros/jazzy/lib/x86_64-linux-gnu:/opt/ros/jazzy/opt/gz_gui_vendor/lib:/opt/ros/jazzy/opt/gz_transport_vendor/lib:/opt/ros/jazzy/opt/gz_rendering_vendor/lib:/opt/ros/jazzy/opt/gz_plugin_vendor/lib:/opt/ros/jazzy/opt/gz_fuel_tools_vendor/lib:/opt/ros/jazzy/opt/gz_msgs_vendor/lib:/opt/ros/jazzy/opt/gz_common_vendor/lib:/opt/ros/jazzy/opt/gz_math_vendor/lib:/opt/ros/jazzy/opt/gz_utils_vendor/lib:/opt/ros/jazzy/opt/gz_tools_vendor/lib:/opt/ros/jazzy/opt/gz_ogre_next_vendor/lib:/opt/ros/jazzy/opt/gz_dartsim_vendor/lib:/opt/ros/jazzy/opt/gz_cmake_vendor/lib:/opt/ros/jazzy/lib', 'BROWSER': '/vscode/vscode-server/bin/linux-x64/0f0d87fa9e96c856c5212fc86db137ac0d783365/bin/helpers/browser.sh', 'HOME': '/home/robotik', 'OLDPWD': '/home/ws', 'TERM_PROGRAM_VERSION': '1.104.1', 'VSCODE_IPC_HOOK_CLI': '/tmp/vscode-ipc-34229b74-0b4a-4ada-80c6-49487c911e82.sock', 'ROS_PYTHON_VERSION': '3', 'GK_GL_PATH': '/tmp/gitkraken/gitlens/gitlens-ipc-server-51464-40011.json', 'VSCODE_GIT_ASKPASS_MAIN': '/vscode/vscode-server/bin/linux-x64/0f0d87fa9e96c856c5212fc86db137ac0d783365/extensions/git/dist/askpass-main.js', 'VSCODE_GIT_ASKPASS_NODE': '/vscode/vscode-server/bin/linux-x64/0f0d87fa9e96c856c5212fc86db137ac0d783365/node', 'VSCODE_PYTHON_AUTOACTIVATE_GUARD': '1', 'COLORTERM': 'truecolor', 'REMOTE_CONTAINERS': 'true', 'COLCON_PREFIX_PATH': '/home/ws/install', 'ROS_DISTRO': 'jazzy', 'REMOTE_CONTAINERS_IPC': '/tmp/vscode-remote-containers-ipc-4e417db4-7c1a-4b01-af48-e54fed4a36cc.sock', '_': '/usr/bin/colcon', 'ROS_VERSION': '2', 'PKG_CONFIG_PATH': '/home/ws/install/fields2cover/lib/x86_64-linux-gnu/pkgconfig:/home/ws/install/fields2cover/lib/pkgconfig', 'TERM': 'xterm-256color', 'ROS_LOCALHOST_ONLY': '1', 'QT_X11_NO_MITSHM': '1', 'PATH': '/vscode/vscode-server/bin/linux-x64/0f0d87fa9e96c856c5212fc86db137ac0d783365/bin/remote-cli:/opt/ros/jazzy/opt/gz_msgs_vendor/bin:/opt/ros/jazzy/opt/gz_tools_vendor/bin:/opt/ros/jazzy/opt/gz_ogre_next_vendor/bin:/opt/ros/jazzy/bin:/usr/local/sbin:/usr/local/bin:/usr/sbin:/usr/bin:/sbin:/bin', 'REMOTE_CONTAINERS_SOCKETS': '["/tmp/vscode-ssh-auth-4e417db4-7c1a-4b01-af48-e54fed4a36cc.sock","/home/robotik/.gnupg/S.gpg-agent"]', 'DISPLAY': ':1', 'LANG': 'C.UTF-8', 'PYTHONSTARTUP': '/home/robotik/.vscode-server/data/User/workspaceStorage/c9fa6eec5cd49662c868376ad1ad25b6/ms-python.python/pythonrc.py', 'LS_COLORS': 'rs=0:di=01;34:ln=01;36:mh=00:pi=40;33:so=01;35:do=01;35:bd=40;33;01:cd=40;33;01:or=40;31;01:mi=00:su=37;41:sg=30;43:ca=00:tw=30;42:ow=34;42:st=37;44:ex=01;32:*.tar=01;31:*.tgz=01;31:*.arc=01;31:*.arj=01;31:*.taz=01;31:*.lha=01;31:*.lz4=01;31:*.lzh=01;31:*.lzma=01;31:*.tlz=01;31:*.txz=01;31:*.tzo=01;31:*.t7z=01;31:*.zip=01;31:*.z=01;31:*.dz=01;31:*.gz=01;31:*.lrz=01;31:*.lz=01;31:*.lzo=01;31:*.xz=01;31:*.zst=01;31:*.tzst=01;31:*.bz2=01;31:*.bz=01;31:*.tbz=01;31:*.tbz2=01;31:*.tz=01;31:*.deb=01;31:*.rpm=01;31:*.jar=01;31:*.war=01;31:*.ear=01;31:*.sar=01;31:*.rar=01;31:*.alz=01;31:*.ace=01;31:*.zoo=01;31:*.cpio=01;31:*.7z=01;31:*.rz=01;31:*.cab=01;31:*.wim=01;31:*.swm=01;31:*.dwm=01;31:*.esd=01;31:*.avif=01;35:*.jpg=01;35:*.jpeg=01;35:*.mjpg=01;35:*.mjpeg=01;35:*.gif=01;35:*.bmp=01;35:*.pbm=01;35:*.pgm=01;35:*.ppm=01;35:*.tga=01;35:*.xbm=01;35:*.xpm=01;35:*.tif=01;35:*.tiff=01;35:*.png=01;35:*.svg=01;35:*.svgz=01;35:*.mng=01;35:*.pcx=01;35:*.mov=01;35:*.mpg=01;35:*.mpeg=01;35:*.m2v=01;35:*.mkv=01;35:*.webm=01;35:*.webp=01;35:*.ogm=01;35:*.mp4=01;35:*.m4v=01;35:*.mp4v=01;35:*.vob=01;35:*.qt=01;35:*.nuv=01;35:*.wmv=01;35:*.asf=01;35:*.rm=01;35:*.rmvb=01;35:*.flc=01;35:*.avi=01;35:*.fli=01;35:*.flv=01;35:*.gl=01;35:*.dl=01;35:*.xcf=01;35:*.xwd=01;35:*.yuv=01;35:*.cgm=01;35:*.emf=01;35:*.ogv=01;35:*.ogx=01;35:*.aac=00;36:*.au=00;36:*.flac=00;36:*.m4a=00;36:*.mid=00;36:*.midi=00;36:*.mka=00;36:*.mp3=00;36:*.mpc=00;36:*.ogg=00;36:*.ra=00;36:*.wav=00;36:*.oga=00;36:*.opus=00;36:*.spx=00;36:*.xspf=00;36:*~=00;90:*#=00;90:*.bak=00;90:*.crdownload=00;90:*.dpkg-dist=00;90:*.dpkg-new=00;90:*.dpkg-old=00;90:*.dpkg-tmp=00;90:*.old=00;90:*.orig=00;90:*.part=00;90:*.rej=00;90:*.rpmnew=00;90:*.rpmorig=00;90:*.rpmsave=00;90:*.swp=00;90:*.tmp=00;90:*.ucf-dist=00;90:*.ucf-new=00;90:*.ucf-old=00;90:', 'VSCODE_GIT_IPC_HANDLE': '/tmp/vscode-git-097b13c4b4.sock', 'TERM_PROGRAM': 'vscode', 'SSH_AUTH_SOCK': '/tmp/vscode-ssh-auth-4e417db4-7c1a-4b01-af48-e54fed4a36cc.sock', 'ROS_DOMAIN_ID': '42', 'AMENT_PREFIX_PATH': '/home/ws/install/opennav_coverage_bt:/home/ws/install/opennav_coverage:/home/ws/install/opennav_coverage_msgs:/home/ws/install/temizlik_navigation:/opt/ros/jazzy', 'SHELL': '/bin/bash', 'GK_GL_ADDR': 'http://127.0.0.1:40011', 'ROS_AUTOMATIC_DISCOVERY_RANGE': 'SUBNET', 'VSCODE_GIT_ASKPASS_EXTRA_ARGS': '', 'PWD': '/home/ws/build/opennav_coverage_msgs', 'TURTLEBOT3_MODEL': 'burger', 'LC_ALL': 'C.UTF-8', 'PYTHONPATH': '/home/ws/install/opennav_coverage_msgs/lib/python3.12/site-packages:/opt/ros/jazzy/lib/python3.12/site-packages', 'COLCON': '1', 'CMAKE_PREFIX_PATH': '/home/ws/install/opennav_coverage_bt:/home/ws/install/opennav_coverage:/home/ws/install/opennav_coverage_msgs:/home/ws/install/fields2cover:/home/ws/install/temizlik_navigation:/opt/ros/jazzy/opt/gz_sim_vendor:/opt/ros/jazzy/opt/gz_sensors_vendor:/opt/ros/jazzy/opt/gz_physics_vendor:/opt/ros/jazzy/opt/sdformat_vendor:/opt/ros/jazzy/opt/gz_gui_vendor:/opt/ros/jazzy/opt/gz_transport_vendor:/opt/ros/jazzy/opt/gz_rendering_vendor:/opt/ros/jazzy/opt/gz_plugin_vendor:/opt/ros/jazzy/opt/gz_fuel_tools_vendor:/opt/ros/jazzy/opt/gz_msgs_vendor:/opt/ros/jazzy/opt/gz_common_vendor:/opt/ros/jazzy/opt/gz_math_vendor:/opt/ros/jazzy/opt/gz_utils_vendor:/opt/ros/jazzy/opt/gz_tools_vendor:/opt/ros/jazzy/opt/gz_ogre_next_vendor:/opt/ros/jazzy/opt/gz_dartsim_vendor:/opt/ros/jazzy/opt/gz_cmake_vendor:/opt/ros/jazzy'}), 'shell': False}
[2.503178] (-) TimerEvent: {}
[2.516042] (opennav_coverage_msgs) StdoutLine: {'line': b'[  1%] \x1b[34m\x1b[1mGenerating type hashes for ROS interfaces\x1b[0m\n'}
[2.524188] (opennav_coverage_msgs) StdoutLine: {'line': b'[  1%] Built target ament_cmake_python_copy_opennav_coverage_msgs\n'}
[2.603257] (-) TimerEvent: {}
[2.650373] (opennav_coverage_msgs) StdoutLine: {'line': b'running egg_info\n'}
[2.650515] (opennav_coverage_msgs) StdoutLine: {'line': b'creating opennav_coverage_msgs.egg-info\n'}
[2.659878] (opennav_coverage_msgs) StdoutLine: {'line': b'writing opennav_coverage_msgs.egg-info/PKG-INFO\n'}
[2.660033] (opennav_coverage_msgs) StdoutLine: {'line': b'writing dependency_links to opennav_coverage_msgs.egg-info/dependency_links.txt\n'}
[2.660105] (opennav_coverage_msgs) StdoutLine: {'line': b'writing top-level names to opennav_coverage_msgs.egg-info/top_level.txt\n'}
[2.660168] (opennav_coverage_msgs) StdoutLine: {'line': b"writing manifest file 'opennav_coverage_msgs.egg-info/SOURCES.txt'\n"}
[2.688872] (opennav_coverage_msgs) StdoutLine: {'line': b"reading manifest file 'opennav_coverage_msgs.egg-info/SOURCES.txt'\n"}
[2.689155] (opennav_coverage_msgs) StdoutLine: {'line': b"writing manifest file 'opennav_coverage_msgs.egg-info/SOURCES.txt'\n"}
[2.703315] (-) TimerEvent: {}
[2.712254] (opennav_coverage_msgs) StdoutLine: {'line': b'[  1%] Built target ament_cmake_python_build_opennav_coverage_msgs_egg\n'}
[2.803401] (-) TimerEvent: {}
[2.903614] (-) TimerEvent: {}
[2.904873] (opennav_coverage_msgs) StdoutLine: {'line': b'[  1%] Built target opennav_coverage_msgs__rosidl_generator_type_description\n'}
[2.915091] (opennav_coverage_msgs) StdoutLine: {'line': b'[  2%] \x1b[34m\x1b[1mGenerating C code for ROS interfaces\x1b[0m\n'}
[2.926283] (opennav_coverage_msgs) StdoutLine: {'line': b'[  2%] \x1b[34m\x1b[1mGenerating C++ code for ROS interfaces\x1b[0m\n'}
[3.003701] (-) TimerEvent: {}
[3.103914] (-) TimerEvent: {}
[3.115539] (fields2cover) StdoutLine: {'line': b'-- The C compiler identification is GNU 13.3.0\n'}
[3.126386] (fields2cover) StdoutLine: {'line': b'-- Detecting C compiler ABI info\n'}
[3.204003] (-) TimerEvent: {}
[3.212579] (fields2cover) StdoutLine: {'line': b'-- Detecting C compiler ABI info - done\n'}
[3.218735] (fields2cover) StdoutLine: {'line': b'-- Check for working C compiler: /usr/bin/cc - skipped\n'}
[3.218888] (fields2cover) StdoutLine: {'line': b'-- Detecting C compile features\n'}
[3.218947] (fields2cover) StdoutLine: {'line': b'-- Detecting C compile features - done\n'}
[3.304090] (-) TimerEvent: {}
[3.404401] (-) TimerEvent: {}
[3.504614] (-) TimerEvent: {}
[3.604816] (-) TimerEvent: {}
[3.705026] (-) TimerEvent: {}
[3.769104] (opennav_coverage_msgs) StdoutLine: {'line': b'[  2%] Built target opennav_coverage_msgs__cpp\n'}
[3.805100] (-) TimerEvent: {}
[3.904748] (opennav_coverage_msgs) StdoutLine: {'line': b'[  2%] \x1b[32mBuilding C object CMakeFiles/opennav_coverage_msgs__rosidl_generator_c.dir/rosidl_generator_c/opennav_coverage_msgs/msg/detail/coordinate__description.c.o\x1b[0m\n'}
[3.905646] (-) TimerEvent: {}
[3.905739] (opennav_coverage_msgs) StdoutLine: {'line': b'[  3%] \x1b[32mBuilding C object CMakeFiles/opennav_coverage_msgs__rosidl_generator_c.dir/rosidl_generator_c/opennav_coverage_msgs/msg/detail/coordinate__type_support.c.o\x1b[0m\n'}
[3.905802] (opennav_coverage_msgs) StdoutLine: {'line': b'[  4%] \x1b[32mBuilding C object CMakeFiles/opennav_coverage_msgs__rosidl_generator_c.dir/rosidl_generator_c/opennav_coverage_msgs/msg/detail/headland_mode__description.c.o\x1b[0m\n'}
[3.905851] (opennav_coverage_msgs) StdoutLine: {'line': b'[  5%] \x1b[32mBuilding C object CMakeFiles/opennav_coverage_msgs__rosidl_generator_c.dir/rosidl_generator_c/opennav_coverage_msgs/msg/detail/coordinates__type_support.c.o\x1b[0m\n'}
[3.905894] (opennav_coverage_msgs) StdoutLine: {'line': b'[  6%] \x1b[32mBuilding C object CMakeFiles/opennav_coverage_msgs__rosidl_generator_c.dir/rosidl_generator_c/opennav_coverage_msgs/msg/detail/coordinate__functions.c.o\x1b[0m\n'}
[3.905936] (opennav_coverage_msgs) StdoutLine: {'line': b'[  7%] \x1b[32mBuilding C object CMakeFiles/opennav_coverage_msgs__rosidl_generator_c.dir/rosidl_generator_c/opennav_coverage_msgs/msg/detail/swath_mode__description.c.o\x1b[0m\n'}
[3.905979] (opennav_coverage_msgs) StdoutLine: {'line': b'[  7%] \x1b[32mBuilding C object CMakeFiles/opennav_coverage_msgs__rosidl_generator_c.dir/rosidl_generator_c/opennav_coverage_msgs/msg/detail/headland_mode__type_support.c.o\x1b[0m\n'}
[3.906028] (opennav_coverage_msgs) StdoutLine: {'line': b'[  8%] \x1b[32mBuilding C object CMakeFiles/opennav_coverage_msgs__rosidl_generator_c.dir/rosidl_generator_c/opennav_coverage_msgs/msg/detail/coordinates__functions.c.o\x1b[0m\n'}
[3.906069] (opennav_coverage_msgs) StdoutLine: {'line': b'[  8%] \x1b[32mBuilding C object CMakeFiles/opennav_coverage_msgs__rosidl_generator_c.dir/rosidl_generator_c/opennav_coverage_msgs/msg/detail/headland_mode__functions.c.o\x1b[0m\n'}
[3.906151] (opennav_coverage_msgs) StdoutLine: {'line': b'[ 10%] \x1b[32mBuilding C object CMakeFiles/opennav_coverage_msgs__rosidl_generator_c.dir/rosidl_generator_c/opennav_coverage_msgs/msg/detail/coordinates__description.c.o\x1b[0m\n'}
[3.906222] (opennav_coverage_msgs) StdoutLine: {'line': b'[ 10%] \x1b[32mBuilding C object CMakeFiles/opennav_coverage_msgs__rosidl_generator_c.dir/rosidl_generator_c/opennav_coverage_msgs/msg/detail/swath_mode__functions.c.o\x1b[0m\n'}
[3.913155] (opennav_coverage_msgs) StdoutLine: {'line': b'[ 11%] \x1b[32mBuilding C object CMakeFiles/opennav_coverage_msgs__rosidl_generator_c.dir/rosidl_generator_c/opennav_coverage_msgs/msg/detail/swath_mode__type_support.c.o\x1b[0m\n'}
[3.941189] (opennav_coverage_msgs) StdoutLine: {'line': b'[ 12%] \x1b[32mBuilding C object CMakeFiles/opennav_coverage_msgs__rosidl_generator_c.dir/rosidl_generator_c/opennav_coverage_msgs/msg/detail/row_swath_mode__functions.c.o\x1b[0m\n'}
[3.942989] (opennav_coverage_msgs) StdoutLine: {'line': b'[ 12%] \x1b[32mBuilding C object CMakeFiles/opennav_coverage_msgs__rosidl_generator_c.dir/rosidl_generator_c/opennav_coverage_msgs/msg/detail/row_swath_mode__description.c.o\x1b[0m\n'}
[3.944036] (opennav_coverage_msgs) StdoutLine: {'line': b'[ 13%] \x1b[32mBuilding C object CMakeFiles/opennav_coverage_msgs__rosidl_generator_c.dir/rosidl_generator_c/opennav_coverage_msgs/msg/detail/row_swath_mode__type_support.c.o\x1b[0m\n'}
[3.945237] (opennav_coverage_msgs) StdoutLine: {'line': b'[ 14%] \x1b[32mBuilding C object CMakeFiles/opennav_coverage_msgs__rosidl_generator_c.dir/rosidl_generator_c/opennav_coverage_msgs/msg/detail/route_mode__description.c.o\x1b[0m\n'}
[3.947762] (opennav_coverage_msgs) StdoutLine: {'line': b'[ 14%] \x1b[32mBuilding C object CMakeFiles/opennav_coverage_msgs__rosidl_generator_c.dir/rosidl_generator_c/opennav_coverage_msgs/msg/detail/route_mode__functions.c.o\x1b[0m\n'}
[3.948621] (opennav_coverage_msgs) StdoutLine: {'line': b'[ 15%] \x1b[32mBuilding C object CMakeFiles/opennav_coverage_msgs__rosidl_generator_c.dir/rosidl_generator_c/opennav_coverage_msgs/msg/detail/route_mode__type_support.c.o\x1b[0m\n'}
[3.950724] (opennav_coverage_msgs) StdoutLine: {'line': b'[ 16%] \x1b[32mBuilding C object CMakeFiles/opennav_coverage_msgs__rosidl_generator_c.dir/rosidl_generator_c/opennav_coverage_msgs/msg/detail/path_mode__description.c.o\x1b[0m\n'}
[3.956330] (opennav_coverage_msgs) StdoutLine: {'line': b'[ 17%] \x1b[32mBuilding C object CMakeFiles/opennav_coverage_msgs__rosidl_generator_c.dir/rosidl_generator_c/opennav_coverage_msgs/msg/detail/path_mode__functions.c.o\x1b[0m\n'}
[3.956931] (opennav_coverage_msgs) StdoutLine: {'line': b'[ 17%] \x1b[32mBuilding C object CMakeFiles/opennav_coverage_msgs__rosidl_generator_c.dir/rosidl_generator_c/opennav_coverage_msgs/msg/detail/path_mode__type_support.c.o\x1b[0m\n'}
[3.957608] (opennav_coverage_msgs) StdoutLine: {'line': b'[ 18%] \x1b[32mBuilding C object CMakeFiles/opennav_coverage_msgs__rosidl_generator_c.dir/rosidl_generator_c/opennav_coverage_msgs/msg/detail/swath__description.c.o\x1b[0m\n'}
[3.958509] (opennav_coverage_msgs) StdoutLine: {'line': b'[ 19%] \x1b[32mBuilding C object CMakeFiles/opennav_coverage_msgs__rosidl_generator_c.dir/rosidl_generator_c/opennav_coverage_msgs/msg/detail/swath__functions.c.o\x1b[0m\n'}
[3.961332] (opennav_coverage_msgs) StdoutLine: {'line': b'[ 20%] \x1b[32mBuilding C object CMakeFiles/opennav_coverage_msgs__rosidl_generator_c.dir/rosidl_generator_c/opennav_coverage_msgs/msg/detail/swath__type_support.c.o\x1b[0m\n'}
[3.986239] (opennav_coverage_msgs) StdoutLine: {'line': b'[ 20%] \x1b[32mBuilding C object CMakeFiles/opennav_coverage_msgs__rosidl_generator_c.dir/rosidl_generator_c/opennav_coverage_msgs/msg/detail/path_components__description.c.o\x1b[0m\n'}
[3.987009] (opennav_coverage_msgs) StdoutLine: {'line': b'[ 21%] \x1b[32mBuilding C object CMakeFiles/opennav_coverage_msgs__rosidl_generator_c.dir/rosidl_generator_c/opennav_coverage_msgs/msg/detail/path_components__type_support.c.o\x1b[0m\n'}
[3.987121] (opennav_coverage_msgs) StdoutLine: {'line': b'[ 22%] \x1b[32mBuilding C object CMakeFiles/opennav_coverage_msgs__rosidl_generator_c.dir/rosidl_generator_c/opennav_coverage_msgs/msg/detail/path_components__functions.c.o\x1b[0m\n'}
[3.993866] (opennav_coverage_msgs) StdoutLine: {'line': b'[ 23%] \x1b[32mBuilding C object CMakeFiles/opennav_coverage_msgs__rosidl_generator_c.dir/rosidl_generator_c/opennav_coverage_msgs/action/detail/compute_coverage_path__description.c.o\x1b[0m\n'}
[3.996397] (opennav_coverage_msgs) StdoutLine: {'line': b'[ 23%] \x1b[32mBuilding C object CMakeFiles/opennav_coverage_msgs__rosidl_generator_c.dir/rosidl_generator_c/opennav_coverage_msgs/action/detail/compute_coverage_path__functions.c.o\x1b[0m\n'}
[4.003361] (opennav_coverage_msgs) StdoutLine: {'line': b'[ 26%] \x1b[32mBuilding C object CMakeFiles/opennav_coverage_msgs__rosidl_generator_c.dir/rosidl_generator_c/opennav_coverage_msgs/action/detail/navigate_complete_coverage__functions.c.o\x1b[0m\n'}
[4.003514] (opennav_coverage_msgs) StdoutLine: {'line': b'[ 26%] \x1b[32mBuilding C object CMakeFiles/opennav_coverage_msgs__rosidl_generator_c.dir/rosidl_generator_c/opennav_coverage_msgs/action/detail/navigate_complete_coverage__type_support.c.o\x1b[0m\n'}
[4.004145] (opennav_coverage_msgs) StdoutLine: {'line': b'[ 26%] \x1b[32mBuilding C object CMakeFiles/opennav_coverage_msgs__rosidl_generator_c.dir/rosidl_generator_c/opennav_coverage_msgs/action/detail/navigate_complete_coverage__description.c.o\x1b[0m\n'}
[4.004223] (opennav_coverage_msgs) StdoutLine: {'line': b'[ 26%] \x1b[32mBuilding C object CMakeFiles/opennav_coverage_msgs__rosidl_generator_c.dir/rosidl_generator_c/opennav_coverage_msgs/action/detail/compute_coverage_path__type_support.c.o\x1b[0m\n'}
[4.006411] (-) TimerEvent: {}
[4.106598] (-) TimerEvent: {}
[4.110036] (opennav_coverage_msgs) StdoutLine: {'line': b'[ 27%] \x1b[32m\x1b[1mLinking C shared library libopennav_coverage_msgs__rosidl_generator_c.so\x1b[0m\n'}
[4.147425] (opennav_coverage_msgs) StdoutLine: {'line': b'[ 27%] Built target opennav_coverage_msgs__rosidl_generator_c\n'}
[4.156928] (opennav_coverage_msgs) StdoutLine: {'line': b'[ 30%] \x1b[34m\x1b[1mGenerating C type support dispatch for ROS interfaces\x1b[0m\n'}
[4.157082] (opennav_coverage_msgs) StdoutLine: {'line': b'[ 30%] \x1b[34m\x1b[1mGenerating C introspection for ROS interfaces\x1b[0m\n'}
[4.157135] (opennav_coverage_msgs) StdoutLine: {'line': b'[ 30%] \x1b[34m\x1b[1mGenerating C++ type support for eProsima Fast-RTPS\x1b[0m\n'}
[4.157180] (opennav_coverage_msgs) StdoutLine: {'line': b'[ 30%] \x1b[34m\x1b[1mGenerating C++ type support dispatch for ROS interfaces\x1b[0m\n'}
[4.157222] (opennav_coverage_msgs) StdoutLine: {'line': b'[ 30%] \x1b[34m\x1b[1mGenerating C type support for eProsima Fast-RTPS\x1b[0m\n'}
[4.157326] (opennav_coverage_msgs) StdoutLine: {'line': b'[ 31%] \x1b[34m\x1b[1mGenerating C++ introspection for ROS interfaces\x1b[0m\n'}
[4.206676] (-) TimerEvent: {}
[4.306878] (-) TimerEvent: {}
[4.407077] (-) TimerEvent: {}
[4.507284] (-) TimerEvent: {}
[4.607497] (-) TimerEvent: {}
[4.700369] (opennav_coverage_msgs) StdoutLine: {'line': b'[ 32%] \x1b[32mBuilding CXX object CMakeFiles/opennav_coverage_msgs__rosidl_typesupport_c.dir/rosidl_typesupport_c/opennav_coverage_msgs/msg/coordinate__type_support.cpp.o\x1b[0m\n'}
[4.700536] (opennav_coverage_msgs) StdoutLine: {'line': b'[ 32%] \x1b[32mBuilding CXX object CMakeFiles/opennav_coverage_msgs__rosidl_typesupport_c.dir/rosidl_typesupport_c/opennav_coverage_msgs/msg/headland_mode__type_support.cpp.o\x1b[0m\n'}
[4.700610] (opennav_coverage_msgs) StdoutLine: {'line': b'[ 33%] \x1b[32mBuilding CXX object CMakeFiles/opennav_coverage_msgs__rosidl_typesupport_c.dir/rosidl_typesupport_c/opennav_coverage_msgs/msg/coordinates__type_support.cpp.o\x1b[0m\n'}
[4.701033] (opennav_coverage_msgs) StdoutLine: {'line': b'[ 33%] \x1b[32mBuilding CXX object CMakeFiles/opennav_coverage_msgs__rosidl_typesupport_c.dir/rosidl_typesupport_c/opennav_coverage_msgs/msg/row_swath_mode__type_support.cpp.o\x1b[0m\n'}
[4.702950] (opennav_coverage_msgs) StdoutLine: {'line': b'[ 34%] \x1b[32mBuilding CXX object CMakeFiles/opennav_coverage_msgs__rosidl_typesupport_c.dir/rosidl_typesupport_c/opennav_coverage_msgs/msg/route_mode__type_support.cpp.o\x1b[0m\n'}
[4.703273] (opennav_coverage_msgs) StdoutLine: {'line': b'[ 35%] \x1b[32mBuilding CXX object CMakeFiles/opennav_coverage_msgs__rosidl_typesupport_c.dir/rosidl_typesupport_c/opennav_coverage_msgs/msg/path_mode__type_support.cpp.o\x1b[0m\n'}
[4.703831] (opennav_coverage_msgs) StdoutLine: {'line': b'[ 36%] \x1b[32mBuilding CXX object CMakeFiles/opennav_coverage_msgs__rosidl_typesupport_c.dir/rosidl_typesupport_c/opennav_coverage_msgs/msg/swath_mode__type_support.cpp.o\x1b[0m\n'}
[4.707567] (-) TimerEvent: {}
[4.712368] (opennav_coverage_msgs) StdoutLine: {'line': b'[ 37%] \x1b[32mBuilding CXX object CMakeFiles/opennav_coverage_msgs__rosidl_typesupport_cpp.dir/rosidl_typesupport_cpp/opennav_coverage_msgs/msg/coordinate__type_support.cpp.o\x1b[0m\n'}
[4.760312] (opennav_coverage_msgs) StdoutLine: {'line': b'[ 39%] \x1b[32mBuilding CXX object CMakeFiles/opennav_coverage_msgs__rosidl_typesupport_c.dir/rosidl_typesupport_c/opennav_coverage_msgs/msg/swath__type_support.cpp.o\x1b[0m\n'}
[4.760469] (opennav_coverage_msgs) StdoutLine: {'line': b'[ 39%] \x1b[32mBuilding CXX object CMakeFiles/opennav_coverage_msgs__rosidl_typesupport_cpp.dir/rosidl_typesupport_cpp/opennav_coverage_msgs/msg/coordinates__type_support.cpp.o\x1b[0m\n'}
[4.765348] (opennav_coverage_msgs) StdoutLine: {'line': b'[ 40%] \x1b[32mBuilding CXX object CMakeFiles/opennav_coverage_msgs__rosidl_typesupport_cpp.dir/rosidl_typesupport_cpp/opennav_coverage_msgs/msg/headland_mode__type_support.cpp.o\x1b[0m\n'}
[4.766128] (opennav_coverage_msgs) StdoutLine: {'line': b'[ 41%] \x1b[32mBuilding CXX object CMakeFiles/opennav_coverage_msgs__rosidl_typesupport_c.dir/rosidl_typesupport_c/opennav_coverage_msgs/action/compute_coverage_path__type_support.cpp.o\x1b[0m\n'}
[4.766247] (opennav_coverage_msgs) StdoutLine: {'line': b'[ 41%] \x1b[32mBuilding CXX object CMakeFiles/opennav_coverage_msgs__rosidl_typesupport_c.dir/rosidl_typesupport_c/opennav_coverage_msgs/msg/path_components__type_support.cpp.o\x1b[0m\n'}
[4.767136] (opennav_coverage_msgs) StdoutLine: {'line': b'[ 42%] \x1b[32mBuilding CXX object CMakeFiles/opennav_coverage_msgs__rosidl_typesupport_c.dir/rosidl_typesupport_c/opennav_coverage_msgs/action/navigate_complete_coverage__type_support.cpp.o\x1b[0m\n'}
[4.769954] (opennav_coverage_msgs) StdoutLine: {'line': b'[ 42%] \x1b[32mBuilding CXX object CMakeFiles/opennav_coverage_msgs__rosidl_typesupport_cpp.dir/rosidl_typesupport_cpp/opennav_coverage_msgs/msg/swath_mode__type_support.cpp.o\x1b[0m\n'}
[4.807659] (-) TimerEvent: {}
[4.834330] (opennav_coverage_msgs) StdoutLine: {'line': b'[ 43%] \x1b[32mBuilding CXX object CMakeFiles/opennav_coverage_msgs__rosidl_typesupport_cpp.dir/rosidl_typesupport_cpp/opennav_coverage_msgs/msg/row_swath_mode__type_support.cpp.o\x1b[0m\n'}
[4.855615] (opennav_coverage_msgs) StdoutLine: {'line': b'[ 44%] \x1b[32mBuilding CXX object CMakeFiles/opennav_coverage_msgs__rosidl_typesupport_cpp.dir/rosidl_typesupport_cpp/opennav_coverage_msgs/msg/route_mode__type_support.cpp.o\x1b[0m\n'}
[4.865629] (opennav_coverage_msgs) StdoutLine: {'line': b'[ 45%] \x1b[32m\x1b[1mLinking CXX shared library libopennav_coverage_msgs__rosidl_typesupport_c.so\x1b[0m\n'}
[4.907749] (-) TimerEvent: {}
[4.912132] (opennav_coverage_msgs) StdoutLine: {'line': b'[ 45%] \x1b[32mBuilding CXX object CMakeFiles/opennav_coverage_msgs__rosidl_typesupport_cpp.dir/rosidl_typesupport_cpp/opennav_coverage_msgs/msg/path_mode__type_support.cpp.o\x1b[0m\n'}
[4.946978] (opennav_coverage_msgs) StdoutLine: {'line': b'[ 45%] Built target opennav_coverage_msgs__rosidl_typesupport_c\n'}
[4.958797] (opennav_coverage_msgs) StdoutLine: {'line': b'[ 46%] \x1b[32mBuilding CXX object CMakeFiles/opennav_coverage_msgs__rosidl_typesupport_cpp.dir/rosidl_typesupport_cpp/opennav_coverage_msgs/msg/swath__type_support.cpp.o\x1b[0m\n'}
[5.007837] (-) TimerEvent: {}
[5.059661] (opennav_coverage_msgs) StdoutLine: {'line': b'[ 47%] \x1b[32mBuilding CXX object CMakeFiles/opennav_coverage_msgs__rosidl_typesupport_cpp.dir/rosidl_typesupport_cpp/opennav_coverage_msgs/msg/path_components__type_support.cpp.o\x1b[0m\n'}
[5.092320] (opennav_coverage_msgs) StdoutLine: {'line': b'[ 48%] \x1b[32mBuilding CXX object CMakeFiles/opennav_coverage_msgs__rosidl_typesupport_cpp.dir/rosidl_typesupport_cpp/opennav_coverage_msgs/action/compute_coverage_path__type_support.cpp.o\x1b[0m\n'}
[5.107928] (-) TimerEvent: {}
[5.114747] (opennav_coverage_msgs) StdoutLine: {'line': b'[ 49%] \x1b[32mBuilding CXX object CMakeFiles/opennav_coverage_msgs__rosidl_typesupport_introspection_cpp.dir/rosidl_typesupport_introspection_cpp/opennav_coverage_msgs/msg/detail/coordinate__type_support.cpp.o\x1b[0m\n'}
[5.147387] (opennav_coverage_msgs) StdoutLine: {'line': b'[ 50%] \x1b[32mBuilding CXX object CMakeFiles/opennav_coverage_msgs__rosidl_typesupport_cpp.dir/rosidl_typesupport_cpp/opennav_coverage_msgs/action/navigate_complete_coverage__type_support.cpp.o\x1b[0m\n'}
[5.148030] (opennav_coverage_msgs) StdoutLine: {'line': b'[ 50%] \x1b[32mBuilding CXX object CMakeFiles/opennav_coverage_msgs__rosidl_typesupport_introspection_cpp.dir/rosidl_typesupport_introspection_cpp/opennav_coverage_msgs/msg/detail/coordinates__type_support.cpp.o\x1b[0m\n'}
[5.154206] (opennav_coverage_msgs) StdoutLine: {'line': b'[ 51%] \x1b[32mBuilding CXX object CMakeFiles/opennav_coverage_msgs__rosidl_typesupport_introspection_cpp.dir/rosidl_typesupport_introspection_cpp/opennav_coverage_msgs/msg/detail/swath_mode__type_support.cpp.o\x1b[0m\n'}
[5.156135] (opennav_coverage_msgs) StdoutLine: {'line': b'[ 51%] \x1b[32mBuilding CXX object CMakeFiles/opennav_coverage_msgs__rosidl_typesupport_introspection_cpp.dir/rosidl_typesupport_introspection_cpp/opennav_coverage_msgs/msg/detail/headland_mode__type_support.cpp.o\x1b[0m\n'}
[5.171390] (opennav_coverage_msgs) StdoutLine: {'line': b'[ 52%] \x1b[32mBuilding C object CMakeFiles/opennav_coverage_msgs__rosidl_typesupport_introspection_c.dir/rosidl_typesupport_introspection_c/opennav_coverage_msgs/msg/detail/coordinate__type_support.c.o\x1b[0m\n'}
[5.208016] (-) TimerEvent: {}
[5.219476] (opennav_coverage_msgs) StdoutLine: {'line': b'[ 53%] \x1b[32mBuilding C object CMakeFiles/opennav_coverage_msgs__rosidl_typesupport_introspection_c.dir/rosidl_typesupport_introspection_c/opennav_coverage_msgs/msg/detail/coordinates__type_support.c.o\x1b[0m\n'}
[5.221484] (opennav_coverage_msgs) StdoutLine: {'line': b'[ 54%] \x1b[32mBuilding CXX object CMakeFiles/opennav_coverage_msgs__rosidl_typesupport_introspection_cpp.dir/rosidl_typesupport_introspection_cpp/opennav_coverage_msgs/msg/detail/row_swath_mode__type_support.cpp.o\x1b[0m\n'}
[5.282800] (opennav_coverage_msgs) StdoutLine: {'line': b'[ 55%] \x1b[32mBuilding C object CMakeFiles/opennav_coverage_msgs__rosidl_typesupport_introspection_c.dir/rosidl_typesupport_introspection_c/opennav_coverage_msgs/msg/detail/headland_mode__type_support.c.o\x1b[0m\n'}
[5.308107] (-) TimerEvent: {}
[5.309508] (opennav_coverage_msgs) StdoutLine: {'line': b'[ 55%] \x1b[32mBuilding C object CMakeFiles/opennav_coverage_msgs__rosidl_typesupport_introspection_c.dir/rosidl_typesupport_introspection_c/opennav_coverage_msgs/msg/detail/swath_mode__type_support.c.o\x1b[0m\n'}
[5.368856] (opennav_coverage_msgs) StdoutLine: {'line': b'[ 56%] \x1b[32mBuilding CXX object CMakeFiles/opennav_coverage_msgs__rosidl_typesupport_introspection_cpp.dir/rosidl_typesupport_introspection_cpp/opennav_coverage_msgs/msg/detail/route_mode__type_support.cpp.o\x1b[0m\n'}
[5.375871] (opennav_coverage_msgs) StdoutLine: {'line': b'[ 57%] \x1b[32mBuilding C object CMakeFiles/opennav_coverage_msgs__rosidl_typesupport_introspection_c.dir/rosidl_typesupport_introspection_c/opennav_coverage_msgs/msg/detail/row_swath_mode__type_support.c.o\x1b[0m\n'}
[5.408212] (-) TimerEvent: {}
[5.447128] (opennav_coverage_msgs) StdoutLine: {'line': b'[ 58%] \x1b[32mBuilding C object CMakeFiles/opennav_coverage_msgs__rosidl_typesupport_introspection_c.dir/rosidl_typesupport_introspection_c/opennav_coverage_msgs/msg/detail/path_mode__type_support.c.o\x1b[0m\n'}
[5.448714] (opennav_coverage_msgs) StdoutLine: {'line': b'[ 59%] \x1b[32mBuilding C object CMakeFiles/opennav_coverage_msgs__rosidl_typesupport_introspection_c.dir/rosidl_typesupport_introspection_c/opennav_coverage_msgs/msg/detail/route_mode__type_support.c.o\x1b[0m\n'}
[5.460784] (opennav_coverage_msgs) StdoutLine: {'line': b'[ 59%] \x1b[32mBuilding C object CMakeFiles/opennav_coverage_msgs__rosidl_typesupport_introspection_c.dir/rosidl_typesupport_introspection_c/opennav_coverage_msgs/msg/detail/swath__type_support.c.o\x1b[0m\n'}
[5.486822] (opennav_coverage_msgs) StdoutLine: {'line': b'[ 59%] \x1b[32mBuilding CXX object CMakeFiles/opennav_coverage_msgs__rosidl_typesupport_introspection_cpp.dir/rosidl_typesupport_introspection_cpp/opennav_coverage_msgs/msg/detail/path_mode__type_support.cpp.o\x1b[0m\n'}
[5.488776] (opennav_coverage_msgs) StdoutLine: {'line': b'[ 60%] \x1b[32mBuilding CXX object CMakeFiles/opennav_coverage_msgs__rosidl_typesupport_introspection_cpp.dir/rosidl_typesupport_introspection_cpp/opennav_coverage_msgs/msg/detail/swath__type_support.cpp.o\x1b[0m\n'}
[5.508318] (-) TimerEvent: {}
[5.517905] (opennav_coverage_msgs) StdoutLine: {'line': b'[ 62%] \x1b[32mBuilding C object CMakeFiles/opennav_coverage_msgs__rosidl_typesupport_introspection_c.dir/rosidl_typesupport_introspection_c/opennav_coverage_msgs/msg/detail/path_components__type_support.c.o\x1b[0m\n'}
[5.518117] (opennav_coverage_msgs) StdoutLine: {'line': b'[ 62%] \x1b[32mBuilding CXX object CMakeFiles/opennav_coverage_msgs__rosidl_typesupport_introspection_cpp.dir/rosidl_typesupport_introspection_cpp/opennav_coverage_msgs/msg/detail/path_components__type_support.cpp.o\x1b[0m\n'}
[5.539943] (opennav_coverage_msgs) StdoutLine: {'line': b'[ 63%] \x1b[32mBuilding CXX object CMakeFiles/opennav_coverage_msgs__rosidl_typesupport_introspection_cpp.dir/rosidl_typesupport_introspection_cpp/opennav_coverage_msgs/action/detail/compute_coverage_path__type_support.cpp.o\x1b[0m\n'}
[5.568182] (opennav_coverage_msgs) StdoutLine: {'line': b'[ 64%] \x1b[32mBuilding C object CMakeFiles/opennav_coverage_msgs__rosidl_typesupport_introspection_c.dir/rosidl_typesupport_introspection_c/opennav_coverage_msgs/action/detail/compute_coverage_path__type_support.c.o\x1b[0m\n'}
[5.574860] (opennav_coverage_msgs) StdoutLine: {'line': b'[ 65%] \x1b[32mBuilding C object CMakeFiles/opennav_coverage_msgs__rosidl_typesupport_introspection_c.dir/rosidl_typesupport_introspection_c/opennav_coverage_msgs/action/detail/navigate_complete_coverage__type_support.c.o\x1b[0m\n'}
[5.576101] (opennav_coverage_msgs) StdoutLine: {'line': b'[ 65%] \x1b[32mBuilding CXX object CMakeFiles/opennav_coverage_msgs__rosidl_typesupport_introspection_cpp.dir/rosidl_typesupport_introspection_cpp/opennav_coverage_msgs/action/detail/navigate_complete_coverage__type_support.cpp.o\x1b[0m\n'}
[5.596153] (opennav_coverage_msgs) StdoutLine: {'line': b'[ 65%] \x1b[32mBuilding CXX object CMakeFiles/opennav_coverage_msgs__rosidl_typesupport_fastrtps_cpp.dir/rosidl_typesupport_fastrtps_cpp/opennav_coverage_msgs/msg/detail/dds_fastrtps/coordinate__type_support.cpp.o\x1b[0m\n'}
[5.609901] (-) TimerEvent: {}
[5.657779] (opennav_coverage_msgs) StdoutLine: {'line': b'[ 66%] \x1b[32mBuilding CXX object CMakeFiles/opennav_coverage_msgs__rosidl_typesupport_fastrtps_cpp.dir/rosidl_typesupport_fastrtps_cpp/opennav_coverage_msgs/msg/detail/dds_fastrtps/coordinates__type_support.cpp.o\x1b[0m\n'}
[5.661337] (opennav_coverage_msgs) StdoutLine: {'line': b'[ 66%] \x1b[32m\x1b[1mLinking C shared library libopennav_coverage_msgs__rosidl_typesupport_introspection_c.so\x1b[0m\n'}
[5.710002] (-) TimerEvent: {}
[5.735155] (opennav_coverage_msgs) StdoutLine: {'line': b'[ 66%] Built target opennav_coverage_msgs__rosidl_typesupport_introspection_c\n'}
[5.751896] (opennav_coverage_msgs) StdoutLine: {'line': b'[ 67%] \x1b[32mBuilding CXX object CMakeFiles/opennav_coverage_msgs__rosidl_typesupport_fastrtps_cpp.dir/rosidl_typesupport_fastrtps_cpp/opennav_coverage_msgs/msg/detail/dds_fastrtps/headland_mode__type_support.cpp.o\x1b[0m\n'}
[5.760520] (opennav_coverage_msgs) StdoutLine: {'line': b'[ 68%] \x1b[32mBuilding CXX object CMakeFiles/opennav_coverage_msgs__rosidl_typesupport_fastrtps_c.dir/rosidl_typesupport_fastrtps_c/opennav_coverage_msgs/msg/detail/coordinate__type_support_c.cpp.o\x1b[0m\n'}
[5.763796] (opennav_coverage_msgs) StdoutLine: {'line': b'[ 69%] \x1b[32mBuilding CXX object CMakeFiles/opennav_coverage_msgs__rosidl_typesupport_fastrtps_cpp.dir/rosidl_typesupport_fastrtps_cpp/opennav_coverage_msgs/msg/detail/dds_fastrtps/swath_mode__type_support.cpp.o\x1b[0m\n'}
[5.770104] (opennav_coverage_msgs) StdoutLine: {'line': b'[ 69%] \x1b[32mBuilding CXX object CMakeFiles/opennav_coverage_msgs__rosidl_typesupport_fastrtps_cpp.dir/rosidl_typesupport_fastrtps_cpp/opennav_coverage_msgs/msg/detail/dds_fastrtps/row_swath_mode__type_support.cpp.o\x1b[0m\n'}
[5.810103] (-) TimerEvent: {}
[5.860743] (opennav_coverage_msgs) StdoutLine: {'line': b'[ 70%] \x1b[32mBuilding CXX object CMakeFiles/opennav_coverage_msgs__rosidl_typesupport_fastrtps_cpp.dir/rosidl_typesupport_fastrtps_cpp/opennav_coverage_msgs/msg/detail/dds_fastrtps/route_mode__type_support.cpp.o\x1b[0m\n'}
[5.910205] (-) TimerEvent: {}
[5.986388] (opennav_coverage_msgs) StdoutLine: {'line': b'[ 71%] \x1b[32mBuilding CXX object CMakeFiles/opennav_coverage_msgs__rosidl_typesupport_fastrtps_cpp.dir/rosidl_typesupport_fastrtps_cpp/opennav_coverage_msgs/msg/detail/dds_fastrtps/path_mode__type_support.cpp.o\x1b[0m\n'}
[6.010314] (-) TimerEvent: {}
[6.053065] (opennav_coverage_msgs) StdoutLine: {'line': b'[ 72%] \x1b[32m\x1b[1mLinking CXX shared library libopennav_coverage_msgs__rosidl_typesupport_cpp.so\x1b[0m\n'}
[6.093570] (opennav_coverage_msgs) StdoutLine: {'line': b'[ 73%] \x1b[32mBuilding CXX object CMakeFiles/opennav_coverage_msgs__rosidl_typesupport_fastrtps_cpp.dir/rosidl_typesupport_fastrtps_cpp/opennav_coverage_msgs/msg/detail/dds_fastrtps/swath__type_support.cpp.o\x1b[0m\n'}
[6.112026] (-) TimerEvent: {}
[6.151230] (opennav_coverage_msgs) StdoutLine: {'line': b'[ 73%] \x1b[32mBuilding CXX object CMakeFiles/opennav_coverage_msgs__rosidl_typesupport_fastrtps_c.dir/rosidl_typesupport_fastrtps_c/opennav_coverage_msgs/msg/detail/coordinates__type_support_c.cpp.o\x1b[0m\n'}
[6.197512] (opennav_coverage_msgs) StdoutLine: {'line': b'[ 73%] \x1b[32mBuilding CXX object CMakeFiles/opennav_coverage_msgs__rosidl_typesupport_fastrtps_cpp.dir/rosidl_typesupport_fastrtps_cpp/opennav_coverage_msgs/msg/detail/dds_fastrtps/path_components__type_support.cpp.o\x1b[0m\n'}
[6.201100] (opennav_coverage_msgs) StdoutLine: {'line': b'[ 73%] Built target opennav_coverage_msgs__rosidl_typesupport_cpp\n'}
[6.212123] (-) TimerEvent: {}
[6.230584] (opennav_coverage_msgs) StdoutLine: {'line': b'[ 74%] \x1b[32mBuilding CXX object CMakeFiles/opennav_coverage_msgs__rosidl_typesupport_fastrtps_cpp.dir/rosidl_typesupport_fastrtps_cpp/opennav_coverage_msgs/action/detail/dds_fastrtps/compute_coverage_path__type_support.cpp.o\x1b[0m\n'}
[6.243365] (opennav_coverage_msgs) StdoutLine: {'line': b'[ 75%] \x1b[32mBuilding CXX object CMakeFiles/opennav_coverage_msgs__rosidl_typesupport_fastrtps_cpp.dir/rosidl_typesupport_fastrtps_cpp/opennav_coverage_msgs/action/detail/dds_fastrtps/navigate_complete_coverage__type_support.cpp.o\x1b[0m\n'}
[6.244505] (opennav_coverage_msgs) StdoutLine: {'line': b'[ 76%] \x1b[32mBuilding CXX object CMakeFiles/opennav_coverage_msgs__rosidl_typesupport_fastrtps_c.dir/rosidl_typesupport_fastrtps_c/opennav_coverage_msgs/msg/detail/headland_mode__type_support_c.cpp.o\x1b[0m\n'}
[6.304377] (opennav_coverage_msgs) StdoutLine: {'line': b'[ 77%] \x1b[32mBuilding CXX object CMakeFiles/opennav_coverage_msgs__rosidl_typesupport_fastrtps_c.dir/rosidl_typesupport_fastrtps_c/opennav_coverage_msgs/msg/detail/swath_mode__type_support_c.cpp.o\x1b[0m\n'}
[6.312219] (-) TimerEvent: {}
[6.322559] (opennav_coverage_msgs) StdoutLine: {'line': b'[ 78%] \x1b[32mBuilding CXX object CMakeFiles/opennav_coverage_msgs__rosidl_typesupport_fastrtps_c.dir/rosidl_typesupport_fastrtps_c/opennav_coverage_msgs/msg/detail/row_swath_mode__type_support_c.cpp.o\x1b[0m\n'}
[6.391852] (opennav_coverage_msgs) StdoutLine: {'line': b'[ 78%] \x1b[32mBuilding CXX object CMakeFiles/opennav_coverage_msgs__rosidl_typesupport_fastrtps_c.dir/rosidl_typesupport_fastrtps_c/opennav_coverage_msgs/msg/detail/route_mode__type_support_c.cpp.o\x1b[0m\n'}
[6.394913] (opennav_coverage_msgs) StdoutLine: {'line': b'[ 79%] \x1b[32mBuilding CXX object CMakeFiles/opennav_coverage_msgs__rosidl_typesupport_fastrtps_c.dir/rosidl_typesupport_fastrtps_c/opennav_coverage_msgs/msg/detail/path_mode__type_support_c.cpp.o\x1b[0m\n'}
[6.412324] (-) TimerEvent: {}
[6.490876] (opennav_coverage_msgs) StdoutLine: {'line': b'[ 80%] \x1b[32mBuilding CXX object CMakeFiles/opennav_coverage_msgs__rosidl_typesupport_fastrtps_c.dir/rosidl_typesupport_fastrtps_c/opennav_coverage_msgs/msg/detail/swath__type_support_c.cpp.o\x1b[0m\n'}
[6.504113] (opennav_coverage_msgs) StdoutLine: {'line': b'[ 81%] \x1b[32mBuilding CXX object CMakeFiles/opennav_coverage_msgs__rosidl_typesupport_fastrtps_c.dir/rosidl_typesupport_fastrtps_c/opennav_coverage_msgs/msg/detail/path_components__type_support_c.cpp.o\x1b[0m\n'}
[6.512482] (-) TimerEvent: {}
[6.606375] (opennav_coverage_msgs) StdoutLine: {'line': b'[ 81%] \x1b[32mBuilding CXX object CMakeFiles/opennav_coverage_msgs__rosidl_typesupport_fastrtps_c.dir/rosidl_typesupport_fastrtps_c/opennav_coverage_msgs/action/detail/compute_coverage_path__type_support_c.cpp.o\x1b[0m\n'}
[6.615334] (-) TimerEvent: {}
[6.702826] (opennav_coverage_msgs) StdoutLine: {'line': b'[ 82%] \x1b[32m\x1b[1mLinking CXX shared library libopennav_coverage_msgs__rosidl_typesupport_introspection_cpp.so\x1b[0m\n'}
[6.715432] (-) TimerEvent: {}
[6.724549] (opennav_coverage_msgs) StdoutLine: {'line': b'[ 83%] \x1b[32mBuilding CXX object CMakeFiles/opennav_coverage_msgs__rosidl_typesupport_fastrtps_c.dir/rosidl_typesupport_fastrtps_c/opennav_coverage_msgs/action/detail/navigate_complete_coverage__type_support_c.cpp.o\x1b[0m\n'}
[6.815533] (-) TimerEvent: {}
[6.824229] (opennav_coverage_msgs) StdoutLine: {'line': b'[ 83%] Built target opennav_coverage_msgs__rosidl_typesupport_introspection_cpp\n'}
[6.915634] (-) TimerEvent: {}
[7.015886] (-) TimerEvent: {}
[7.116139] (-) TimerEvent: {}
[7.118717] (opennav_coverage_msgs) StdoutLine: {'line': b'[ 84%] \x1b[32m\x1b[1mLinking CXX shared library libopennav_coverage_msgs__rosidl_typesupport_fastrtps_c.so\x1b[0m\n'}
[7.172383] (opennav_coverage_msgs) StdoutLine: {'line': b'[ 85%] \x1b[32m\x1b[1mLinking CXX shared library libopennav_coverage_msgs__rosidl_typesupport_fastrtps_cpp.so\x1b[0m\n'}
[7.177765] (opennav_coverage_msgs) StdoutLine: {'line': b'[ 85%] Built target opennav_coverage_msgs__rosidl_typesupport_fastrtps_c\n'}
[7.216229] (-) TimerEvent: {}
[7.241135] (opennav_coverage_msgs) StdoutLine: {'line': b'[ 85%] Built target opennav_coverage_msgs__rosidl_typesupport_fastrtps_cpp\n'}
[7.260952] (opennav_coverage_msgs) StdoutLine: {'line': b'[ 85%] Built target opennav_coverage_msgs\n'}
[7.280925] (opennav_coverage_msgs) StdoutLine: {'line': b'[ 86%] \x1b[34m\x1b[1mGenerating Python code for ROS interfaces\x1b[0m\n'}
[7.316313] (-) TimerEvent: {}
[7.416505] (-) TimerEvent: {}
[7.516706] (-) TimerEvent: {}
[7.616893] (-) TimerEvent: {}
[7.717085] (-) TimerEvent: {}
[7.817287] (-) TimerEvent: {}
[7.917485] (-) TimerEvent: {}
[8.017677] (-) TimerEvent: {}
[8.117876] (-) TimerEvent: {}
[8.218094] (-) TimerEvent: {}
[8.318313] (-) TimerEvent: {}
[8.418523] (-) TimerEvent: {}
[8.519331] (-) TimerEvent: {}
[8.541567] (opennav_coverage_msgs) StdoutLine: {'line': b'[ 86%] Built target opennav_coverage_msgs__py\n'}
[8.564284] (opennav_coverage_msgs) StdoutLine: {'line': b'[ 88%] \x1b[32mBuilding C object CMakeFiles/opennav_coverage_msgs__rosidl_generator_py.dir/rosidl_generator_py/opennav_coverage_msgs/msg/_coordinate_s.c.o\x1b[0m\n'}
[8.564450] (opennav_coverage_msgs) StdoutLine: {'line': b'[ 88%] \x1b[32mBuilding C object CMakeFiles/opennav_coverage_msgs__rosidl_generator_py.dir/rosidl_generator_py/opennav_coverage_msgs/msg/_headland_mode_s.c.o\x1b[0m\n'}
[8.564883] (opennav_coverage_msgs) StdoutLine: {'line': b'[ 90%] \x1b[32mBuilding C object CMakeFiles/opennav_coverage_msgs__rosidl_generator_py.dir/rosidl_generator_py/opennav_coverage_msgs/msg/_row_swath_mode_s.c.o\x1b[0m\n'}
[8.564960] (opennav_coverage_msgs) StdoutLine: {'line': b'[ 91%] \x1b[32mBuilding C object CMakeFiles/opennav_coverage_msgs__rosidl_generator_py.dir/rosidl_generator_py/opennav_coverage_msgs/msg/_path_components_s.c.o\x1b[0m\n'}
[8.565009] (opennav_coverage_msgs) StdoutLine: {'line': b'[ 91%] \x1b[32mBuilding C object CMakeFiles/opennav_coverage_msgs__rosidl_generator_py.dir/rosidl_generator_py/opennav_coverage_msgs/action/_navigate_complete_coverage_s.c.o\x1b[0m\n'}
[8.565116] (opennav_coverage_msgs) StdoutLine: {'line': b'[ 92%] \x1b[32mBuilding C object CMakeFiles/opennav_coverage_msgs__rosidl_generator_py.dir/rosidl_generator_py/opennav_coverage_msgs/msg/_swath_s.c.o\x1b[0m\n'}
[8.565225] (opennav_coverage_msgs) StdoutLine: {'line': b'[ 93%] \x1b[32mBuilding C object CMakeFiles/opennav_coverage_msgs__rosidl_generator_py.dir/rosidl_generator_py/opennav_coverage_msgs/action/_compute_coverage_path_s.c.o\x1b[0m\n'}
[8.565320] (opennav_coverage_msgs) StdoutLine: {'line': b'[ 93%] \x1b[32mBuilding C object CMakeFiles/opennav_coverage_msgs__rosidl_generator_py.dir/rosidl_generator_py/opennav_coverage_msgs/msg/_swath_mode_s.c.o\x1b[0m\n'}
[8.565375] (opennav_coverage_msgs) StdoutLine: {'line': b'[ 88%] \x1b[32mBuilding C object CMakeFiles/opennav_coverage_msgs__rosidl_generator_py.dir/rosidl_generator_py/opennav_coverage_msgs/msg/_path_mode_s.c.o\x1b[0m\n'}
[8.565555] (opennav_coverage_msgs) StdoutLine: {'line': b'[ 93%] \x1b[32mBuilding C object CMakeFiles/opennav_coverage_msgs__rosidl_generator_py.dir/rosidl_generator_py/opennav_coverage_msgs/msg/_route_mode_s.c.o\x1b[0m\n'}
[8.568685] (opennav_coverage_msgs) StdoutLine: {'line': b'[ 94%] \x1b[32mBuilding C object CMakeFiles/opennav_coverage_msgs__rosidl_generator_py.dir/rosidl_generator_py/opennav_coverage_msgs/msg/_coordinates_s.c.o\x1b[0m\n'}
[8.622438] (-) TimerEvent: {}
[8.722691] (-) TimerEvent: {}
[8.793924] (opennav_coverage_msgs) StdoutLine: {'line': b'[ 95%] \x1b[32m\x1b[1mLinking C shared library libopennav_coverage_msgs__rosidl_generator_py.so\x1b[0m\n'}
[8.822786] (-) TimerEvent: {}
[8.837986] (opennav_coverage_msgs) StdoutLine: {'line': b'[ 95%] Built target opennav_coverage_msgs__rosidl_generator_py\n'}
[8.855852] (opennav_coverage_msgs) StdoutLine: {'line': b'[ 97%] \x1b[32mBuilding C object CMakeFiles/opennav_coverage_msgs_s__rosidl_typesupport_introspection_c.dir/rosidl_generator_py/opennav_coverage_msgs/_opennav_coverage_msgs_s.ep.rosidl_typesupport_introspection_c.c.o\x1b[0m\n'}
[8.856009] (opennav_coverage_msgs) StdoutLine: {'line': b'[ 97%] \x1b[32mBuilding C object CMakeFiles/opennav_coverage_msgs_s__rosidl_typesupport_fastrtps_c.dir/rosidl_generator_py/opennav_coverage_msgs/_opennav_coverage_msgs_s.ep.rosidl_typesupport_fastrtps_c.c.o\x1b[0m\n'}
[8.856058] (opennav_coverage_msgs) StdoutLine: {'line': b'[ 97%] \x1b[32mBuilding C object CMakeFiles/opennav_coverage_msgs_s__rosidl_typesupport_c.dir/rosidl_generator_py/opennav_coverage_msgs/_opennav_coverage_msgs_s.ep.rosidl_typesupport_c.c.o\x1b[0m\n'}
[8.922889] (-) TimerEvent: {}
[8.973619] (opennav_coverage_msgs) StdoutLine: {'line': b'[ 99%] \x1b[32m\x1b[1mLinking C shared module rosidl_generator_py/opennav_coverage_msgs/opennav_coverage_msgs_s__rosidl_typesupport_introspection_c.so\x1b[0m\n'}
[8.973785] (opennav_coverage_msgs) StdoutLine: {'line': b'[ 99%] \x1b[32m\x1b[1mLinking C shared module rosidl_generator_py/opennav_coverage_msgs/opennav_coverage_msgs_s__rosidl_typesupport_c.so\x1b[0m\n'}
[8.975248] (opennav_coverage_msgs) StdoutLine: {'line': b'[100%] \x1b[32m\x1b[1mLinking C shared module rosidl_generator_py/opennav_coverage_msgs/opennav_coverage_msgs_s__rosidl_typesupport_fastrtps_c.so\x1b[0m\n'}
[9.004664] (opennav_coverage_msgs) StdoutLine: {'line': b'[100%] Built target opennav_coverage_msgs_s__rosidl_typesupport_c\n'}
[9.004865] (opennav_coverage_msgs) StdoutLine: {'line': b'[100%] Built target opennav_coverage_msgs_s__rosidl_typesupport_fastrtps_c\n'}
[9.007521] (opennav_coverage_msgs) StdoutLine: {'line': b'[100%] Built target opennav_coverage_msgs_s__rosidl_typesupport_introspection_c\n'}
[9.018467] (opennav_coverage_msgs) CommandEnded: {'returncode': 0}
[9.018824] (opennav_coverage_msgs) JobProgress: {'identifier': 'opennav_coverage_msgs', 'progress': 'install'}
[9.022948] (-) TimerEvent: {}
[9.026395] (opennav_coverage_msgs) Command: {'cmd': ['/usr/bin/cmake', '--install', '/home/ws/build/opennav_coverage_msgs'], 'cwd': '/home/ws/build/opennav_coverage_msgs', 'env': OrderedDict({'PYTHON_BASIC_REPL': '1', 'GZ_SIM_RESOURCE_PATH': '/opt/ros/jazzy/share', 'GZ_CONFIG_PATH': '/opt/ros/jazzy/opt/gz_sim_vendor/share/gz:/opt/ros/jazzy/opt/sdformat_vendor/share/gz:/opt/ros/jazzy/opt/gz_gui_vendor/share/gz:/opt/ros/jazzy/opt/gz_transport_vendor/share/gz:/opt/ros/jazzy/opt/gz_rendering_vendor/share/gz:/opt/ros/jazzy/opt/gz_plugin_vendor/share/gz:/opt/ros/jazzy/opt/gz_fuel_tools_vendor/share/gz:/opt/ros/jazzy/opt/gz_msgs_vendor/share/gz:/opt/ros/jazzy/opt/gz_common_vendor/share/gz', 'HOSTNAME': 'robotik-MS-7E27', 'GIT_ASKPASS': '/vscode/vscode-server/bin/linux-x64/0f0d87fa9e96c856c5212fc86db137ac0d783365/extensions/git/dist/askpass.sh', 'SHLVL': '2', 'LD_LIBRARY_PATH': '/home/ws/install/opennav_coverage_bt/lib:/home/ws/install/opennav_coverage/lib:/home/ws/install/opennav_coverage_msgs/lib:/home/ws/install/fields2cover/lib:/opt/ros/jazzy/opt/gz_sim_vendor/lib:/opt/ros/jazzy/opt/gz_sensors_vendor/lib:/opt/ros/jazzy/opt/gz_physics_vendor/lib:/opt/ros/jazzy/opt/sdformat_vendor/lib:/opt/ros/jazzy/opt/rviz_ogre_vendor/lib:/opt/ros/jazzy/lib/x86_64-linux-gnu:/opt/ros/jazzy/opt/gz_gui_vendor/lib:/opt/ros/jazzy/opt/gz_transport_vendor/lib:/opt/ros/jazzy/opt/gz_rendering_vendor/lib:/opt/ros/jazzy/opt/gz_plugin_vendor/lib:/opt/ros/jazzy/opt/gz_fuel_tools_vendor/lib:/opt/ros/jazzy/opt/gz_msgs_vendor/lib:/opt/ros/jazzy/opt/gz_common_vendor/lib:/opt/ros/jazzy/opt/gz_math_vendor/lib:/opt/ros/jazzy/opt/gz_utils_vendor/lib:/opt/ros/jazzy/opt/gz_tools_vendor/lib:/opt/ros/jazzy/opt/gz_ogre_next_vendor/lib:/opt/ros/jazzy/opt/gz_dartsim_vendor/lib:/opt/ros/jazzy/opt/gz_cmake_vendor/lib:/opt/ros/jazzy/lib', 'BROWSER': '/vscode/vscode-server/bin/linux-x64/0f0d87fa9e96c856c5212fc86db137ac0d783365/bin/helpers/browser.sh', 'HOME': '/home/robotik', 'OLDPWD': '/home/ws', 'TERM_PROGRAM_VERSION': '1.104.1', 'VSCODE_IPC_HOOK_CLI': '/tmp/vscode-ipc-34229b74-0b4a-4ada-80c6-49487c911e82.sock', 'ROS_PYTHON_VERSION': '3', 'GK_GL_PATH': '/tmp/gitkraken/gitlens/gitlens-ipc-server-51464-40011.json', 'VSCODE_GIT_ASKPASS_MAIN': '/vscode/vscode-server/bin/linux-x64/0f0d87fa9e96c856c5212fc86db137ac0d783365/extensions/git/dist/askpass-main.js', 'VSCODE_GIT_ASKPASS_NODE': '/vscode/vscode-server/bin/linux-x64/0f0d87fa9e96c856c5212fc86db137ac0d783365/node', 'VSCODE_PYTHON_AUTOACTIVATE_GUARD': '1', 'COLORTERM': 'truecolor', 'REMOTE_CONTAINERS': 'true', 'COLCON_PREFIX_PATH': '/home/ws/install', 'ROS_DISTRO': 'jazzy', 'REMOTE_CONTAINERS_IPC': '/tmp/vscode-remote-containers-ipc-4e417db4-7c1a-4b01-af48-e54fed4a36cc.sock', '_': '/usr/bin/colcon', 'ROS_VERSION': '2', 'PKG_CONFIG_PATH': '/home/ws/install/fields2cover/lib/x86_64-linux-gnu/pkgconfig:/home/ws/install/fields2cover/lib/pkgconfig', 'TERM': 'xterm-256color', 'ROS_LOCALHOST_ONLY': '1', 'QT_X11_NO_MITSHM': '1', 'PATH': '/vscode/vscode-server/bin/linux-x64/0f0d87fa9e96c856c5212fc86db137ac0d783365/bin/remote-cli:/opt/ros/jazzy/opt/gz_msgs_vendor/bin:/opt/ros/jazzy/opt/gz_tools_vendor/bin:/opt/ros/jazzy/opt/gz_ogre_next_vendor/bin:/opt/ros/jazzy/bin:/usr/local/sbin:/usr/local/bin:/usr/sbin:/usr/bin:/sbin:/bin', 'REMOTE_CONTAINERS_SOCKETS': '["/tmp/vscode-ssh-auth-4e417db4-7c1a-4b01-af48-e54fed4a36cc.sock","/home/robotik/.gnupg/S.gpg-agent"]', 'DISPLAY': ':1', 'LANG': 'C.UTF-8', 'PYTHONSTARTUP': '/home/robotik/.vscode-server/data/User/workspaceStorage/c9fa6eec5cd49662c868376ad1ad25b6/ms-python.python/pythonrc.py', 'LS_COLORS': 'rs=0:di=01;34:ln=01;36:mh=00:pi=40;33:so=01;35:do=01;35:bd=40;33;01:cd=40;33;01:or=40;31;01:mi=00:su=37;41:sg=30;43:ca=00:tw=30;42:ow=34;42:st=37;44:ex=01;32:*.tar=01;31:*.tgz=01;31:*.arc=01;31:*.arj=01;31:*.taz=01;31:*.lha=01;31:*.lz4=01;31:*.lzh=01;31:*.lzma=01;31:*.tlz=01;31:*.txz=01;31:*.tzo=01;31:*.t7z=01;31:*.zip=01;31:*.z=01;31:*.dz=01;31:*.gz=01;31:*.lrz=01;31:*.lz=01;31:*.lzo=01;31:*.xz=01;31:*.zst=01;31:*.tzst=01;31:*.bz2=01;31:*.bz=01;31:*.tbz=01;31:*.tbz2=01;31:*.tz=01;31:*.deb=01;31:*.rpm=01;31:*.jar=01;31:*.war=01;31:*.ear=01;31:*.sar=01;31:*.rar=01;31:*.alz=01;31:*.ace=01;31:*.zoo=01;31:*.cpio=01;31:*.7z=01;31:*.rz=01;31:*.cab=01;31:*.wim=01;31:*.swm=01;31:*.dwm=01;31:*.esd=01;31:*.avif=01;35:*.jpg=01;35:*.jpeg=01;35:*.mjpg=01;35:*.mjpeg=01;35:*.gif=01;35:*.bmp=01;35:*.pbm=01;35:*.pgm=01;35:*.ppm=01;35:*.tga=01;35:*.xbm=01;35:*.xpm=01;35:*.tif=01;35:*.tiff=01;35:*.png=01;35:*.svg=01;35:*.svgz=01;35:*.mng=01;35:*.pcx=01;35:*.mov=01;35:*.mpg=01;35:*.mpeg=01;35:*.m2v=01;35:*.mkv=01;35:*.webm=01;35:*.webp=01;35:*.ogm=01;35:*.mp4=01;35:*.m4v=01;35:*.mp4v=01;35:*.vob=01;35:*.qt=01;35:*.nuv=01;35:*.wmv=01;35:*.asf=01;35:*.rm=01;35:*.rmvb=01;35:*.flc=01;35:*.avi=01;35:*.fli=01;35:*.flv=01;35:*.gl=01;35:*.dl=01;35:*.xcf=01;35:*.xwd=01;35:*.yuv=01;35:*.cgm=01;35:*.emf=01;35:*.ogv=01;35:*.ogx=01;35:*.aac=00;36:*.au=00;36:*.flac=00;36:*.m4a=00;36:*.mid=00;36:*.midi=00;36:*.mka=00;36:*.mp3=00;36:*.mpc=00;36:*.ogg=00;36:*.ra=00;36:*.wav=00;36:*.oga=00;36:*.opus=00;36:*.spx=00;36:*.xspf=00;36:*~=00;90:*#=00;90:*.bak=00;90:*.crdownload=00;90:*.dpkg-dist=00;90:*.dpkg-new=00;90:*.dpkg-old=00;90:*.dpkg-tmp=00;90:*.old=00;90:*.orig=00;90:*.part=00;90:*.rej=00;90:*.rpmnew=00;90:*.rpmorig=00;90:*.rpmsave=00;90:*.swp=00;90:*.tmp=00;90:*.ucf-dist=00;90:*.ucf-new=00;90:*.ucf-old=00;90:', 'VSCODE_GIT_IPC_HANDLE': '/tmp/vscode-git-097b13c4b4.sock', 'TERM_PROGRAM': 'vscode', 'SSH_AUTH_SOCK': '/tmp/vscode-ssh-auth-4e417db4-7c1a-4b01-af48-e54fed4a36cc.sock', 'ROS_DOMAIN_ID': '42', 'AMENT_PREFIX_PATH': '/home/ws/install/opennav_coverage_bt:/home/ws/install/opennav_coverage:/home/ws/install/opennav_coverage_msgs:/home/ws/install/temizlik_navigation:/opt/ros/jazzy', 'SHELL': '/bin/bash', 'GK_GL_ADDR': 'http://127.0.0.1:40011', 'ROS_AUTOMATIC_DISCOVERY_RANGE': 'SUBNET', 'VSCODE_GIT_ASKPASS_EXTRA_ARGS': '', 'PWD': '/home/ws/build/opennav_coverage_msgs', 'TURTLEBOT3_MODEL': 'burger', 'LC_ALL': 'C.UTF-8', 'PYTHONPATH': '/home/ws/install/opennav_coverage_msgs/lib/python3.12/site-packages:/opt/ros/jazzy/lib/python3.12/site-packages', 'COLCON': '1', 'CMAKE_PREFIX_PATH': '/home/ws/install/opennav_coverage_bt:/home/ws/install/opennav_coverage:/home/ws/install/opennav_coverage_msgs:/home/ws/install/fields2cover:/home/ws/install/temizlik_navigation:/opt/ros/jazzy/opt/gz_sim_vendor:/opt/ros/jazzy/opt/gz_sensors_vendor:/opt/ros/jazzy/opt/gz_physics_vendor:/opt/ros/jazzy/opt/sdformat_vendor:/opt/ros/jazzy/opt/gz_gui_vendor:/opt/ros/jazzy/opt/gz_transport_vendor:/opt/ros/jazzy/opt/gz_rendering_vendor:/opt/ros/jazzy/opt/gz_plugin_vendor:/opt/ros/jazzy/opt/gz_fuel_tools_vendor:/opt/ros/jazzy/opt/gz_msgs_vendor:/opt/ros/jazzy/opt/gz_common_vendor:/opt/ros/jazzy/opt/gz_math_vendor:/opt/ros/jazzy/opt/gz_utils_vendor:/opt/ros/jazzy/opt/gz_tools_vendor:/opt/ros/jazzy/opt/gz_ogre_next_vendor:/opt/ros/jazzy/opt/gz_dartsim_vendor:/opt/ros/jazzy/opt/gz_cmake_vendor:/opt/ros/jazzy'}), 'shell': False}
[9.034399] (opennav_coverage_msgs) StdoutLine: {'line': b'-- Install configuration: ""\n'}
[9.034551] (opennav_coverage_msgs) StdoutLine: {'line': b'-- Installing: /home/ws/install/opennav_coverage_msgs/share/ament_index/resource_index/rosidl_interfaces/opennav_coverage_msgs\n'}
[9.034722] (opennav_coverage_msgs) StdoutLine: {'line': b'-- Installing: /home/ws/install/opennav_coverage_msgs/share/opennav_coverage_msgs/msg/Coordinate.json\n'}
[9.034812] (opennav_coverage_msgs) StdoutLine: {'line': b'-- Installing: /home/ws/install/opennav_coverage_msgs/share/opennav_coverage_msgs/msg/Coordinates.json\n'}
[9.034902] (opennav_coverage_msgs) StdoutLine: {'line': b'-- Installing: /home/ws/install/opennav_coverage_msgs/share/opennav_coverage_msgs/msg/HeadlandMode.json\n'}
[9.034989] (opennav_coverage_msgs) StdoutLine: {'line': b'-- Installing: /home/ws/install/opennav_coverage_msgs/share/opennav_coverage_msgs/msg/SwathMode.json\n'}
[9.035075] (opennav_coverage_msgs) StdoutLine: {'line': b'-- Installing: /home/ws/install/opennav_coverage_msgs/share/opennav_coverage_msgs/msg/RowSwathMode.json\n'}
[9.035173] (opennav_coverage_msgs) StdoutLine: {'line': b'-- Installing: /home/ws/install/opennav_coverage_msgs/share/opennav_coverage_msgs/msg/RouteMode.json\n'}
[9.035241] (opennav_coverage_msgs) StdoutLine: {'line': b'-- Installing: /home/ws/install/opennav_coverage_msgs/share/opennav_coverage_msgs/msg/PathMode.json\n'}
[9.035331] (opennav_coverage_msgs) StdoutLine: {'line': b'-- Installing: /home/ws/install/opennav_coverage_msgs/share/opennav_coverage_msgs/msg/Swath.json\n'}
[9.035414] (opennav_coverage_msgs) StdoutLine: {'line': b'-- Installing: /home/ws/install/opennav_coverage_msgs/share/opennav_coverage_msgs/msg/PathComponents.json\n'}
[9.035533] (opennav_coverage_msgs) StdoutLine: {'line': b'-- Installing: /home/ws/install/opennav_coverage_msgs/share/opennav_coverage_msgs/action/ComputeCoveragePath.json\n'}
[9.035644] (opennav_coverage_msgs) StdoutLine: {'line': b'-- Installing: /home/ws/install/opennav_coverage_msgs/share/opennav_coverage_msgs/action/NavigateCompleteCoverage.json\n'}
[9.035746] (opennav_coverage_msgs) StdoutLine: {'line': b'-- Installing: /home/ws/install/opennav_coverage_msgs/include/opennav_coverage_msgs/opennav_coverage_msgs\n'}
[9.035830] (opennav_coverage_msgs) StdoutLine: {'line': b'-- Installing: /home/ws/install/opennav_coverage_msgs/include/opennav_coverage_msgs/opennav_coverage_msgs/action\n'}
[9.035876] (opennav_coverage_msgs) StdoutLine: {'line': b'-- Installing: /home/ws/install/opennav_coverage_msgs/include/opennav_coverage_msgs/opennav_coverage_msgs/action/compute_coverage_path.h\n'}
[9.035953] (opennav_coverage_msgs) StdoutLine: {'line': b'-- Installing: /home/ws/install/opennav_coverage_msgs/include/opennav_coverage_msgs/opennav_coverage_msgs/action/navigate_complete_coverage.h\n'}
[9.036034] (opennav_coverage_msgs) StdoutLine: {'line': b'-- Installing: /home/ws/install/opennav_coverage_msgs/include/opennav_coverage_msgs/opennav_coverage_msgs/action/detail\n'}
[9.036090] (opennav_coverage_msgs) StdoutLine: {'line': b'-- Installing: /home/ws/install/opennav_coverage_msgs/include/opennav_coverage_msgs/opennav_coverage_msgs/action/detail/navigate_complete_coverage__struct.h\n'}
[9.036173] (opennav_coverage_msgs) StdoutLine: {'line': b'-- Installing: /home/ws/install/opennav_coverage_msgs/include/opennav_coverage_msgs/opennav_coverage_msgs/action/detail/navigate_complete_coverage__functions.h\n'}
[9.036319] (opennav_coverage_msgs) StdoutLine: {'line': b'-- Installing: /home/ws/install/opennav_coverage_msgs/include/opennav_coverage_msgs/opennav_coverage_msgs/action/detail/compute_coverage_path__functions.c\n'}
[9.036482] (opennav_coverage_msgs) StdoutLine: {'line': b'-- Installing: /home/ws/install/opennav_coverage_msgs/include/opennav_coverage_msgs/opennav_coverage_msgs/action/detail/navigate_complete_coverage__type_support.c\n'}
[9.036558] (opennav_coverage_msgs) StdoutLine: {'line': b'-- Installing: /home/ws/install/opennav_coverage_msgs/include/opennav_coverage_msgs/opennav_coverage_msgs/action/detail/compute_coverage_path__description.c\n'}
[9.036720] (opennav_coverage_msgs) StdoutLine: {'line': b'-- Installing: /home/ws/install/opennav_coverage_msgs/include/opennav_coverage_msgs/opennav_coverage_msgs/action/detail/compute_coverage_path__functions.h\n'}
[9.036856] (opennav_coverage_msgs) StdoutLine: {'line': b'-- Installing: /home/ws/install/opennav_coverage_msgs/include/opennav_coverage_msgs/opennav_coverage_msgs/action/detail/navigate_complete_coverage__description.c\n'}
[9.036993] (opennav_coverage_msgs) StdoutLine: {'line': b'-- Installing: /home/ws/install/opennav_coverage_msgs/include/opennav_coverage_msgs/opennav_coverage_msgs/action/detail/navigate_complete_coverage__type_support.h\n'}
[9.037073] (opennav_coverage_msgs) StdoutLine: {'line': b'-- Installing: /home/ws/install/opennav_coverage_msgs/include/opennav_coverage_msgs/opennav_coverage_msgs/action/detail/compute_coverage_path__type_support.h\n'}
[9.037150] (opennav_coverage_msgs) StdoutLine: {'line': b'-- Installing: /home/ws/install/opennav_coverage_msgs/include/opennav_coverage_msgs/opennav_coverage_msgs/action/detail/compute_coverage_path__type_support.c\n'}
[9.037227] (opennav_coverage_msgs) StdoutLine: {'line': b'-- Installing: /home/ws/install/opennav_coverage_msgs/include/opennav_coverage_msgs/opennav_coverage_msgs/action/detail/compute_coverage_path__struct.h\n'}
[9.037330] (opennav_coverage_msgs) StdoutLine: {'line': b'-- Installing: /home/ws/install/opennav_coverage_msgs/include/opennav_coverage_msgs/opennav_coverage_msgs/action/detail/navigate_complete_coverage__functions.c\n'}
[9.037459] (opennav_coverage_msgs) StdoutLine: {'line': b'-- Installing: /home/ws/install/opennav_coverage_msgs/include/opennav_coverage_msgs/opennav_coverage_msgs/msg\n'}
[9.037508] (opennav_coverage_msgs) StdoutLine: {'line': b'-- Installing: /home/ws/install/opennav_coverage_msgs/include/opennav_coverage_msgs/opennav_coverage_msgs/msg/path_mode.h\n'}
[9.037586] (opennav_coverage_msgs) StdoutLine: {'line': b'-- Installing: /home/ws/install/opennav_coverage_msgs/include/opennav_coverage_msgs/opennav_coverage_msgs/msg/headland_mode.h\n'}
[9.037659] (opennav_coverage_msgs) StdoutLine: {'line': b'-- Installing: /home/ws/install/opennav_coverage_msgs/include/opennav_coverage_msgs/opennav_coverage_msgs/msg/swath_mode.h\n'}
[9.037731] (opennav_coverage_msgs) StdoutLine: {'line': b'-- Installing: /home/ws/install/opennav_coverage_msgs/include/opennav_coverage_msgs/opennav_coverage_msgs/msg/coordinate.h\n'}
[9.037798] (opennav_coverage_msgs) StdoutLine: {'line': b'-- Installing: /home/ws/install/opennav_coverage_msgs/include/opennav_coverage_msgs/opennav_coverage_msgs/msg/path_components.h\n'}
[9.037868] (opennav_coverage_msgs) StdoutLine: {'line': b'-- Installing: /home/ws/install/opennav_coverage_msgs/include/opennav_coverage_msgs/opennav_coverage_msgs/msg/route_mode.h\n'}
[9.037938] (opennav_coverage_msgs) StdoutLine: {'line': b'-- Installing: /home/ws/install/opennav_coverage_msgs/include/opennav_coverage_msgs/opennav_coverage_msgs/msg/detail\n'}
[9.038015] (opennav_coverage_msgs) StdoutLine: {'line': b'-- Installing: /home/ws/install/opennav_coverage_msgs/include/opennav_coverage_msgs/opennav_coverage_msgs/msg/detail/path_components__description.c\n'}
[9.038101] (opennav_coverage_msgs) StdoutLine: {'line': b'-- Installing: /home/ws/install/opennav_coverage_msgs/include/opennav_coverage_msgs/opennav_coverage_msgs/msg/detail/path_mode__type_support.h\n'}
[9.038175] (opennav_coverage_msgs) StdoutLine: {'line': b'-- Installing: /home/ws/install/opennav_coverage_msgs/include/opennav_coverage_msgs/opennav_coverage_msgs/msg/detail/route_mode__type_support.h\n'}
[9.038248] (opennav_coverage_msgs) StdoutLine: {'line': b'-- Installing: /home/ws/install/opennav_coverage_msgs/include/opennav_coverage_msgs/opennav_coverage_msgs/msg/detail/swath_mode__functions.h\n'}
[9.038333] (opennav_coverage_msgs) StdoutLine: {'line': b'-- Installing: /home/ws/install/opennav_coverage_msgs/include/opennav_coverage_msgs/opennav_coverage_msgs/msg/detail/swath__description.c\n'}
[9.038413] (opennav_coverage_msgs) StdoutLine: {'line': b'-- Installing: /home/ws/install/opennav_coverage_msgs/include/opennav_coverage_msgs/opennav_coverage_msgs/msg/detail/path_mode__functions.h\n'}
[9.038492] (opennav_coverage_msgs) StdoutLine: {'line': b'-- Installing: /home/ws/install/opennav_coverage_msgs/include/opennav_coverage_msgs/opennav_coverage_msgs/msg/detail/path_components__functions.h\n'}
[9.038572] (opennav_coverage_msgs) StdoutLine: {'line': b'-- Installing: /home/ws/install/opennav_coverage_msgs/include/opennav_coverage_msgs/opennav_coverage_msgs/msg/detail/coordinates__description.c\n'}
[9.038650] (opennav_coverage_msgs) StdoutLine: {'line': b'-- Installing: /home/ws/install/opennav_coverage_msgs/include/opennav_coverage_msgs/opennav_coverage_msgs/msg/detail/swath__functions.c\n'}
[9.038727] (opennav_coverage_msgs) StdoutLine: {'line': b'-- Installing: /home/ws/install/opennav_coverage_msgs/include/opennav_coverage_msgs/opennav_coverage_msgs/msg/detail/route_mode__functions.c\n'}
[9.038805] (opennav_coverage_msgs) StdoutLine: {'line': b'-- Installing: /home/ws/install/opennav_coverage_msgs/include/opennav_coverage_msgs/opennav_coverage_msgs/msg/detail/swath_mode__type_support.h\n'}
[9.038879] (opennav_coverage_msgs) StdoutLine: {'line': b'-- Installing: /home/ws/install/opennav_coverage_msgs/include/opennav_coverage_msgs/opennav_coverage_msgs/msg/detail/row_swath_mode__type_support.c\n'}
[9.038953] (opennav_coverage_msgs) StdoutLine: {'line': b'-- Installing: /home/ws/install/opennav_coverage_msgs/include/opennav_coverage_msgs/opennav_coverage_msgs/msg/detail/path_mode__type_support.c\n'}
[9.039027] (opennav_coverage_msgs) StdoutLine: {'line': b'-- Installing: /home/ws/install/opennav_coverage_msgs/include/opennav_coverage_msgs/opennav_coverage_msgs/msg/detail/row_swath_mode__functions.c\n'}
[9.039107] (opennav_coverage_msgs) StdoutLine: {'line': b'-- Installing: /home/ws/install/opennav_coverage_msgs/include/opennav_coverage_msgs/opennav_coverage_msgs/msg/detail/route_mode__struct.h\n'}
[9.039179] (opennav_coverage_msgs) StdoutLine: {'line': b'-- Installing: /home/ws/install/opennav_coverage_msgs/include/opennav_coverage_msgs/opennav_coverage_msgs/msg/detail/coordinates__functions.h\n'}
[9.039257] (opennav_coverage_msgs) StdoutLine: {'line': b'-- Installing: /home/ws/install/opennav_coverage_msgs/include/opennav_coverage_msgs/opennav_coverage_msgs/msg/detail/swath_mode__struct.h\n'}
[9.039338] (opennav_coverage_msgs) StdoutLine: {'line': b'-- Installing: /home/ws/install/opennav_coverage_msgs/include/opennav_coverage_msgs/opennav_coverage_msgs/msg/detail/coordinate__description.c\n'}
[9.039413] (opennav_coverage_msgs) StdoutLine: {'line': b'-- Installing: /home/ws/install/opennav_coverage_msgs/include/opennav_coverage_msgs/opennav_coverage_msgs/msg/detail/headland_mode__functions.h\n'}
[9.039491] (opennav_coverage_msgs) StdoutLine: {'line': b'-- Installing: /home/ws/install/opennav_coverage_msgs/include/opennav_coverage_msgs/opennav_coverage_msgs/msg/detail/path_mode__functions.c\n'}
[9.039572] (opennav_coverage_msgs) StdoutLine: {'line': b'-- Installing: /home/ws/install/opennav_coverage_msgs/include/opennav_coverage_msgs/opennav_coverage_msgs/msg/detail/coordinates__functions.c\n'}
[9.039654] (opennav_coverage_msgs) StdoutLine: {'line': b'-- Installing: /home/ws/install/opennav_coverage_msgs/include/opennav_coverage_msgs/opennav_coverage_msgs/msg/detail/path_components__type_support.c\n'}
[9.039729] (opennav_coverage_msgs) StdoutLine: {'line': b'-- Installing: /home/ws/install/opennav_coverage_msgs/include/opennav_coverage_msgs/opennav_coverage_msgs/msg/detail/route_mode__functions.h\n'}
[9.039809] (opennav_coverage_msgs) StdoutLine: {'line': b'-- Installing: /home/ws/install/opennav_coverage_msgs/include/opennav_coverage_msgs/opennav_coverage_msgs/msg/detail/swath_mode__functions.c\n'}
[9.039890] (opennav_coverage_msgs) StdoutLine: {'line': b'-- Installing: /home/ws/install/opennav_coverage_msgs/include/opennav_coverage_msgs/opennav_coverage_msgs/msg/detail/coordinate__struct.h\n'}
[9.039964] (opennav_coverage_msgs) StdoutLine: {'line': b'-- Installing: /home/ws/install/opennav_coverage_msgs/include/opennav_coverage_msgs/opennav_coverage_msgs/msg/detail/path_mode__struct.h\n'}
[9.040038] (opennav_coverage_msgs) StdoutLine: {'line': b'-- Installing: /home/ws/install/opennav_coverage_msgs/include/opennav_coverage_msgs/opennav_coverage_msgs/msg/detail/headland_mode__description.c\n'}
[9.040112] (opennav_coverage_msgs) StdoutLine: {'line': b'-- Installing: /home/ws/install/opennav_coverage_msgs/include/opennav_coverage_msgs/opennav_coverage_msgs/msg/detail/row_swath_mode__type_support.h\n'}
[9.040197] (opennav_coverage_msgs) StdoutLine: {'line': b'-- Installing: /home/ws/install/opennav_coverage_msgs/include/opennav_coverage_msgs/opennav_coverage_msgs/msg/detail/headland_mode__type_support.h\n'}
[9.040269] (opennav_coverage_msgs) StdoutLine: {'line': b'-- Installing: /home/ws/install/opennav_coverage_msgs/include/opennav_coverage_msgs/opennav_coverage_msgs/msg/detail/path_components__struct.h\n'}
[9.040345] (opennav_coverage_msgs) StdoutLine: {'line': b'-- Installing: /home/ws/install/opennav_coverage_msgs/include/opennav_coverage_msgs/opennav_coverage_msgs/msg/detail/swath_mode__type_support.c\n'}
[9.040419] (opennav_coverage_msgs) StdoutLine: {'line': b'-- Installing: /home/ws/install/opennav_coverage_msgs/include/opennav_coverage_msgs/opennav_coverage_msgs/msg/detail/path_components__type_support.h\n'}
[9.040496] (opennav_coverage_msgs) StdoutLine: {'line': b'-- Installing: /home/ws/install/opennav_coverage_msgs/include/opennav_coverage_msgs/opennav_coverage_msgs/msg/detail/swath__struct.h\n'}
[9.040571] (opennav_coverage_msgs) StdoutLine: {'line': b'-- Installing: /home/ws/install/opennav_coverage_msgs/include/opennav_coverage_msgs/opennav_coverage_msgs/msg/detail/coordinates__type_support.h\n'}
[9.040645] (opennav_coverage_msgs) StdoutLine: {'line': b'-- Installing: /home/ws/install/opennav_coverage_msgs/include/opennav_coverage_msgs/opennav_coverage_msgs/msg/detail/swath__type_support.c\n'}
[9.040722] (opennav_coverage_msgs) StdoutLine: {'line': b'-- Installing: /home/ws/install/opennav_coverage_msgs/include/opennav_coverage_msgs/opennav_coverage_msgs/msg/detail/swath_mode__description.c\n'}
[9.040800] (opennav_coverage_msgs) StdoutLine: {'line': b'-- Installing: /home/ws/install/opennav_coverage_msgs/include/opennav_coverage_msgs/opennav_coverage_msgs/msg/detail/route_mode__type_support.c\n'}
[9.040876] (opennav_coverage_msgs) StdoutLine: {'line': b'-- Installing: /home/ws/install/opennav_coverage_msgs/include/opennav_coverage_msgs/opennav_coverage_msgs/msg/detail/route_mode__description.c\n'}
[9.040953] (opennav_coverage_msgs) StdoutLine: {'line': b'-- Installing: /home/ws/install/opennav_coverage_msgs/include/opennav_coverage_msgs/opennav_coverage_msgs/msg/detail/coordinate__type_support.c\n'}
[9.041030] (opennav_coverage_msgs) StdoutLine: {'line': b'-- Installing: /home/ws/install/opennav_coverage_msgs/include/opennav_coverage_msgs/opennav_coverage_msgs/msg/detail/headland_mode__struct.h\n'}
[9.041110] (opennav_coverage_msgs) StdoutLine: {'line': b'-- Installing: /home/ws/install/opennav_coverage_msgs/include/opennav_coverage_msgs/opennav_coverage_msgs/msg/detail/headland_mode__functions.c\n'}
[9.041190] (opennav_coverage_msgs) StdoutLine: {'line': b'-- Installing: /home/ws/install/opennav_coverage_msgs/include/opennav_coverage_msgs/opennav_coverage_msgs/msg/detail/path_components__functions.c\n'}
[9.041271] (opennav_coverage_msgs) StdoutLine: {'line': b'-- Installing: /home/ws/install/opennav_coverage_msgs/include/opennav_coverage_msgs/opennav_coverage_msgs/msg/detail/row_swath_mode__description.c\n'}
[9.041438] (opennav_coverage_msgs) StdoutLine: {'line': b'-- Installing: /home/ws/install/opennav_coverage_msgs/include/opennav_coverage_msgs/opennav_coverage_msgs/msg/detail/coordinates__type_support.c\n'}
[9.041514] (opennav_coverage_msgs) StdoutLine: {'line': b'-- Installing: /home/ws/install/opennav_coverage_msgs/include/opennav_coverage_msgs/opennav_coverage_msgs/msg/detail/row_swath_mode__struct.h\n'}
[9.041590] (opennav_coverage_msgs) StdoutLine: {'line': b'-- Installing: /home/ws/install/opennav_coverage_msgs/include/opennav_coverage_msgs/opennav_coverage_msgs/msg/detail/row_swath_mode__functions.h\n'}
[9.041675] (opennav_coverage_msgs) StdoutLine: {'line': b'-- Installing: /home/ws/install/opennav_coverage_msgs/include/opennav_coverage_msgs/opennav_coverage_msgs/msg/detail/coordinate__type_support.h\n'}
[9.041756] (opennav_coverage_msgs) StdoutLine: {'line': b'-- Installing: /home/ws/install/opennav_coverage_msgs/include/opennav_coverage_msgs/opennav_coverage_msgs/msg/detail/coordinates__struct.h\n'}
[9.041837] (opennav_coverage_msgs) StdoutLine: {'line': b'-- Installing: /home/ws/install/opennav_coverage_msgs/include/opennav_coverage_msgs/opennav_coverage_msgs/msg/detail/swath__functions.h\n'}
[9.041940] (opennav_coverage_msgs) StdoutLine: {'line': b'-- Installing: /home/ws/install/opennav_coverage_msgs/include/opennav_coverage_msgs/opennav_coverage_msgs/msg/detail/path_mode__description.c\n'}
[9.042045] (opennav_coverage_msgs) StdoutLine: {'line': b'-- Installing: /home/ws/install/opennav_coverage_msgs/include/opennav_coverage_msgs/opennav_coverage_msgs/msg/detail/swath__type_support.h\n'}
[9.042125] (opennav_coverage_msgs) StdoutLine: {'line': b'-- Installing: /home/ws/install/opennav_coverage_msgs/include/opennav_coverage_msgs/opennav_coverage_msgs/msg/detail/headland_mode__type_support.c\n'}
[9.042203] (opennav_coverage_msgs) StdoutLine: {'line': b'-- Installing: /home/ws/install/opennav_coverage_msgs/include/opennav_coverage_msgs/opennav_coverage_msgs/msg/detail/coordinate__functions.c\n'}
[9.042286] (opennav_coverage_msgs) StdoutLine: {'line': b'-- Installing: /home/ws/install/opennav_coverage_msgs/include/opennav_coverage_msgs/opennav_coverage_msgs/msg/detail/coordinate__functions.h\n'}
[9.042380] (opennav_coverage_msgs) StdoutLine: {'line': b'-- Installing: /home/ws/install/opennav_coverage_msgs/include/opennav_coverage_msgs/opennav_coverage_msgs/msg/coordinates.h\n'}
[9.042462] (opennav_coverage_msgs) StdoutLine: {'line': b'-- Installing: /home/ws/install/opennav_coverage_msgs/include/opennav_coverage_msgs/opennav_coverage_msgs/msg/swath.h\n'}
[9.042536] (opennav_coverage_msgs) StdoutLine: {'line': b'-- Installing: /home/ws/install/opennav_coverage_msgs/include/opennav_coverage_msgs/opennav_coverage_msgs/msg/rosidl_generator_c__visibility_control.h\n'}
[9.042616] (opennav_coverage_msgs) StdoutLine: {'line': b'-- Installing: /home/ws/install/opennav_coverage_msgs/include/opennav_coverage_msgs/opennav_coverage_msgs/msg/row_swath_mode.h\n'}
[9.042750] (opennav_coverage_msgs) StdoutLine: {'line': b'-- Installing: /home/ws/install/opennav_coverage_msgs/share/opennav_coverage_msgs/environment/library_path.sh\n'}
[9.042854] (opennav_coverage_msgs) StdoutLine: {'line': b'-- Installing: /home/ws/install/opennav_coverage_msgs/share/opennav_coverage_msgs/environment/library_path.dsv\n'}
[9.042997] (opennav_coverage_msgs) StdoutLine: {'line': b'-- Installing: /home/ws/install/opennav_coverage_msgs/lib/libopennav_coverage_msgs__rosidl_generator_c.so\n'}
[9.043631] (opennav_coverage_msgs) StdoutLine: {'line': b'-- Set non-toolchain portion of runtime path of "/home/ws/install/opennav_coverage_msgs/lib/libopennav_coverage_msgs__rosidl_generator_c.so" to ""\n'}
[9.043717] (opennav_coverage_msgs) StdoutLine: {'line': b'-- Up-to-date: /home/ws/install/opennav_coverage_msgs/include/opennav_coverage_msgs/opennav_coverage_msgs\n'}
[9.043787] (opennav_coverage_msgs) StdoutLine: {'line': b'-- Up-to-date: /home/ws/install/opennav_coverage_msgs/include/opennav_coverage_msgs/opennav_coverage_msgs/action\n'}
[9.043826] (opennav_coverage_msgs) StdoutLine: {'line': b'-- Up-to-date: /home/ws/install/opennav_coverage_msgs/include/opennav_coverage_msgs/opennav_coverage_msgs/action/detail\n'}
[9.043864] (opennav_coverage_msgs) StdoutLine: {'line': b'-- Installing: /home/ws/install/opennav_coverage_msgs/include/opennav_coverage_msgs/opennav_coverage_msgs/action/detail/navigate_complete_coverage__rosidl_typesupport_fastrtps_c.h\n'}
[9.043916] (opennav_coverage_msgs) StdoutLine: {'line': b'-- Installing: /home/ws/install/opennav_coverage_msgs/include/opennav_coverage_msgs/opennav_coverage_msgs/action/detail/compute_coverage_path__rosidl_typesupport_fastrtps_c.h\n'}
[9.043969] (opennav_coverage_msgs) StdoutLine: {'line': b'-- Up-to-date: /home/ws/install/opennav_coverage_msgs/include/opennav_coverage_msgs/opennav_coverage_msgs/msg\n'}
[9.044015] (opennav_coverage_msgs) StdoutLine: {'line': b'-- Installing: /home/ws/install/opennav_coverage_msgs/include/opennav_coverage_msgs/opennav_coverage_msgs/msg/rosidl_typesupport_fastrtps_c__visibility_control.h\n'}
[9.044108] (opennav_coverage_msgs) StdoutLine: {'line': b'-- Up-to-date: /home/ws/install/opennav_coverage_msgs/include/opennav_coverage_msgs/opennav_coverage_msgs/msg/detail\n'}
[9.044159] (opennav_coverage_msgs) StdoutLine: {'line': b'-- Installing: /home/ws/install/opennav_coverage_msgs/include/opennav_coverage_msgs/opennav_coverage_msgs/msg/detail/coordinates__rosidl_typesupport_fastrtps_c.h\n'}
[9.044249] (opennav_coverage_msgs) StdoutLine: {'line': b'-- Installing: /home/ws/install/opennav_coverage_msgs/include/opennav_coverage_msgs/opennav_coverage_msgs/msg/detail/path_components__rosidl_typesupport_fastrtps_c.h\n'}
[9.044339] (opennav_coverage_msgs) StdoutLine: {'line': b'-- Installing: /home/ws/install/opennav_coverage_msgs/include/opennav_coverage_msgs/opennav_coverage_msgs/msg/detail/coordinate__rosidl_typesupport_fastrtps_c.h\n'}
[9.044426] (opennav_coverage_msgs) StdoutLine: {'line': b'-- Installing: /home/ws/install/opennav_coverage_msgs/include/opennav_coverage_msgs/opennav_coverage_msgs/msg/detail/row_swath_mode__rosidl_typesupport_fastrtps_c.h\n'}
[9.044513] (opennav_coverage_msgs) StdoutLine: {'line': b'-- Installing: /home/ws/install/opennav_coverage_msgs/include/opennav_coverage_msgs/opennav_coverage_msgs/msg/detail/route_mode__rosidl_typesupport_fastrtps_c.h\n'}
[9.044599] (opennav_coverage_msgs) StdoutLine: {'line': b'-- Installing: /home/ws/install/opennav_coverage_msgs/include/opennav_coverage_msgs/opennav_coverage_msgs/msg/detail/swath__rosidl_typesupport_fastrtps_c.h\n'}
[9.044685] (opennav_coverage_msgs) StdoutLine: {'line': b'-- Installing: /home/ws/install/opennav_coverage_msgs/include/opennav_coverage_msgs/opennav_coverage_msgs/msg/detail/path_mode__rosidl_typesupport_fastrtps_c.h\n'}
[9.044768] (opennav_coverage_msgs) StdoutLine: {'line': b'-- Installing: /home/ws/install/opennav_coverage_msgs/include/opennav_coverage_msgs/opennav_coverage_msgs/msg/detail/swath_mode__rosidl_typesupport_fastrtps_c.h\n'}
[9.044854] (opennav_coverage_msgs) StdoutLine: {'line': b'-- Installing: /home/ws/install/opennav_coverage_msgs/include/opennav_coverage_msgs/opennav_coverage_msgs/msg/detail/headland_mode__rosidl_typesupport_fastrtps_c.h\n'}
[9.044978] (opennav_coverage_msgs) StdoutLine: {'line': b'-- Installing: /home/ws/install/opennav_coverage_msgs/lib/libopennav_coverage_msgs__rosidl_typesupport_fastrtps_c.so\n'}
[9.045497] (opennav_coverage_msgs) StdoutLine: {'line': b'-- Set non-toolchain portion of runtime path of "/home/ws/install/opennav_coverage_msgs/lib/libopennav_coverage_msgs__rosidl_typesupport_fastrtps_c.so" to ""\n'}
[9.045597] (opennav_coverage_msgs) StdoutLine: {'line': b'-- Up-to-date: /home/ws/install/opennav_coverage_msgs/include/opennav_coverage_msgs/opennav_coverage_msgs\n'}
[9.045657] (opennav_coverage_msgs) StdoutLine: {'line': b'-- Up-to-date: /home/ws/install/opennav_coverage_msgs/include/opennav_coverage_msgs/opennav_coverage_msgs/action\n'}
[9.045731] (opennav_coverage_msgs) StdoutLine: {'line': b'-- Installing: /home/ws/install/opennav_coverage_msgs/include/opennav_coverage_msgs/opennav_coverage_msgs/action/navigate_complete_coverage.hpp\n'}
[9.045787] (opennav_coverage_msgs) StdoutLine: {'line': b'-- Installing: /home/ws/install/opennav_coverage_msgs/include/opennav_coverage_msgs/opennav_coverage_msgs/action/compute_coverage_path.hpp\n'}
[9.045860] (opennav_coverage_msgs) StdoutLine: {'line': b'-- Up-to-date: /home/ws/install/opennav_coverage_msgs/include/opennav_coverage_msgs/opennav_coverage_msgs/action/detail\n'}
[9.045920] (opennav_coverage_msgs) StdoutLine: {'line': b'-- Installing: /home/ws/install/opennav_coverage_msgs/include/opennav_coverage_msgs/opennav_coverage_msgs/action/detail/navigate_complete_coverage__traits.hpp\n'}
[9.045965] (opennav_coverage_msgs) StdoutLine: {'line': b'-- Installing: /home/ws/install/opennav_coverage_msgs/include/opennav_coverage_msgs/opennav_coverage_msgs/action/detail/navigate_complete_coverage__struct.hpp\n'}
[9.046037] (opennav_coverage_msgs) StdoutLine: {'line': b'-- Installing: /home/ws/install/opennav_coverage_msgs/include/opennav_coverage_msgs/opennav_coverage_msgs/action/detail/navigate_complete_coverage__type_support.hpp\n'}
[9.046122] (opennav_coverage_msgs) StdoutLine: {'line': b'-- Installing: /home/ws/install/opennav_coverage_msgs/include/opennav_coverage_msgs/opennav_coverage_msgs/action/detail/compute_coverage_path__struct.hpp\n'}
[9.046243] (opennav_coverage_msgs) StdoutLine: {'line': b'-- Installing: /home/ws/install/opennav_coverage_msgs/include/opennav_coverage_msgs/opennav_coverage_msgs/action/detail/compute_coverage_path__traits.hpp\n'}
[9.046385] (opennav_coverage_msgs) StdoutLine: {'line': b'-- Installing: /home/ws/install/opennav_coverage_msgs/include/opennav_coverage_msgs/opennav_coverage_msgs/action/detail/compute_coverage_path__builder.hpp\n'}
[9.046480] (opennav_coverage_msgs) StdoutLine: {'line': b'-- Installing: /home/ws/install/opennav_coverage_msgs/include/opennav_coverage_msgs/opennav_coverage_msgs/action/detail/compute_coverage_path__type_support.hpp\n'}
[9.046567] (opennav_coverage_msgs) StdoutLine: {'line': b'-- Installing: /home/ws/install/opennav_coverage_msgs/include/opennav_coverage_msgs/opennav_coverage_msgs/action/detail/navigate_complete_coverage__builder.hpp\n'}
[9.046660] (opennav_coverage_msgs) StdoutLine: {'line': b'-- Up-to-date: /home/ws/install/opennav_coverage_msgs/include/opennav_coverage_msgs/opennav_coverage_msgs/msg\n'}
[9.046729] (opennav_coverage_msgs) StdoutLine: {'line': b'-- Installing: /home/ws/install/opennav_coverage_msgs/include/opennav_coverage_msgs/opennav_coverage_msgs/msg/path_mode.hpp\n'}
[9.046789] (opennav_coverage_msgs) StdoutLine: {'line': b'-- Installing: /home/ws/install/opennav_coverage_msgs/include/opennav_coverage_msgs/opennav_coverage_msgs/msg/coordinate.hpp\n'}
[9.046865] (opennav_coverage_msgs) StdoutLine: {'line': b'-- Installing: /home/ws/install/opennav_coverage_msgs/include/opennav_coverage_msgs/opennav_coverage_msgs/msg/swath_mode.hpp\n'}
[9.046948] (opennav_coverage_msgs) StdoutLine: {'line': b'-- Installing: /home/ws/install/opennav_coverage_msgs/include/opennav_coverage_msgs/opennav_coverage_msgs/msg/path_components.hpp\n'}
[9.047029] (opennav_coverage_msgs) StdoutLine: {'line': b'-- Installing: /home/ws/install/opennav_coverage_msgs/include/opennav_coverage_msgs/opennav_coverage_msgs/msg/row_swath_mode.hpp\n'}
[9.047111] (opennav_coverage_msgs) StdoutLine: {'line': b'-- Installing: /home/ws/install/opennav_coverage_msgs/include/opennav_coverage_msgs/opennav_coverage_msgs/msg/headland_mode.hpp\n'}
[9.047192] (opennav_coverage_msgs) StdoutLine: {'line': b'-- Installing: /home/ws/install/opennav_coverage_msgs/include/opennav_coverage_msgs/opennav_coverage_msgs/msg/swath.hpp\n'}
[9.047275] (opennav_coverage_msgs) StdoutLine: {'line': b'-- Installing: /home/ws/install/opennav_coverage_msgs/include/opennav_coverage_msgs/opennav_coverage_msgs/msg/coordinates.hpp\n'}
[9.047360] (opennav_coverage_msgs) StdoutLine: {'line': b'-- Installing: /home/ws/install/opennav_coverage_msgs/include/opennav_coverage_msgs/opennav_coverage_msgs/msg/route_mode.hpp\n'}
[9.047438] (opennav_coverage_msgs) StdoutLine: {'line': b'-- Up-to-date: /home/ws/install/opennav_coverage_msgs/include/opennav_coverage_msgs/opennav_coverage_msgs/msg/detail\n'}
[9.047497] (opennav_coverage_msgs) StdoutLine: {'line': b'-- Installing: /home/ws/install/opennav_coverage_msgs/include/opennav_coverage_msgs/opennav_coverage_msgs/msg/detail/headland_mode__builder.hpp\n'}
[9.047574] (opennav_coverage_msgs) StdoutLine: {'line': b'-- Installing: /home/ws/install/opennav_coverage_msgs/include/opennav_coverage_msgs/opennav_coverage_msgs/msg/detail/swath_mode__type_support.hpp\n'}
[9.047671] (opennav_coverage_msgs) StdoutLine: {'line': b'-- Installing: /home/ws/install/opennav_coverage_msgs/include/opennav_coverage_msgs/opennav_coverage_msgs/msg/detail/path_components__struct.hpp\n'}
[9.047756] (opennav_coverage_msgs) StdoutLine: {'line': b'-- Installing: /home/ws/install/opennav_coverage_msgs/include/opennav_coverage_msgs/opennav_coverage_msgs/msg/detail/headland_mode__type_support.hpp\n'}
[9.047840] (opennav_coverage_msgs) StdoutLine: {'line': b'-- Installing: /home/ws/install/opennav_coverage_msgs/include/opennav_coverage_msgs/opennav_coverage_msgs/msg/detail/coordinate__builder.hpp\n'}
[9.047927] (opennav_coverage_msgs) StdoutLine: {'line': b'-- Installing: /home/ws/install/opennav_coverage_msgs/include/opennav_coverage_msgs/opennav_coverage_msgs/msg/detail/route_mode__traits.hpp\n'}
[9.048015] (opennav_coverage_msgs) StdoutLine: {'line': b'-- Installing: /home/ws/install/opennav_coverage_msgs/include/opennav_coverage_msgs/opennav_coverage_msgs/msg/detail/path_mode__type_support.hpp\n'}
[9.048124] (opennav_coverage_msgs) StdoutLine: {'line': b'-- Installing: /home/ws/install/opennav_coverage_msgs/include/opennav_coverage_msgs/opennav_coverage_msgs/msg/detail/path_mode__builder.hpp\n'}
[9.048245] (opennav_coverage_msgs) StdoutLine: {'line': b'-- Installing: /home/ws/install/opennav_coverage_msgs/include/opennav_coverage_msgs/opennav_coverage_msgs/msg/detail/route_mode__builder.hpp\n'}
[9.048354] (opennav_coverage_msgs) StdoutLine: {'line': b'-- Installing: /home/ws/install/opennav_coverage_msgs/include/opennav_coverage_msgs/opennav_coverage_msgs/msg/detail/coordinate__type_support.hpp\n'}
[9.048472] (opennav_coverage_msgs) StdoutLine: {'line': b'-- Installing: /home/ws/install/opennav_coverage_msgs/include/opennav_coverage_msgs/opennav_coverage_msgs/msg/detail/row_swath_mode__builder.hpp\n'}
[9.048587] (opennav_coverage_msgs) StdoutLine: {'line': b'-- Installing: /home/ws/install/opennav_coverage_msgs/include/opennav_coverage_msgs/opennav_coverage_msgs/msg/detail/coordinates__type_support.hpp\n'}
[9.048699] (opennav_coverage_msgs) StdoutLine: {'line': b'-- Installing: /home/ws/install/opennav_coverage_msgs/include/opennav_coverage_msgs/opennav_coverage_msgs/msg/detail/swath_mode__traits.hpp\n'}
[9.048869] (opennav_coverage_msgs) StdoutLine: {'line': b'-- Installing: /home/ws/install/opennav_coverage_msgs/include/opennav_coverage_msgs/opennav_coverage_msgs/msg/detail/row_swath_mode__struct.hpp\n'}
[9.048956] (opennav_coverage_msgs) StdoutLine: {'line': b'-- Installing: /home/ws/install/opennav_coverage_msgs/include/opennav_coverage_msgs/opennav_coverage_msgs/msg/detail/coordinates__builder.hpp\n'}
[9.049016] (opennav_coverage_msgs) StdoutLine: {'line': b'-- Installing: /home/ws/install/opennav_coverage_msgs/include/opennav_coverage_msgs/opennav_coverage_msgs/msg/detail/path_mode__struct.hpp\n'}
[9.049137] (opennav_coverage_msgs) StdoutLine: {'line': b'-- Installing: /home/ws/install/opennav_coverage_msgs/include/opennav_coverage_msgs/opennav_coverage_msgs/msg/detail/headland_mode__struct.hpp\n'}
[9.049240] (opennav_coverage_msgs) StdoutLine: {'line': b'-- Installing: /home/ws/install/opennav_coverage_msgs/include/opennav_coverage_msgs/opennav_coverage_msgs/msg/detail/path_components__builder.hpp\n'}
[9.049371] (opennav_coverage_msgs) StdoutLine: {'line': b'-- Installing: /home/ws/install/opennav_coverage_msgs/include/opennav_coverage_msgs/opennav_coverage_msgs/msg/detail/path_components__traits.hpp\n'}
[9.049479] (opennav_coverage_msgs) StdoutLine: {'line': b'-- Installing: /home/ws/install/opennav_coverage_msgs/include/opennav_coverage_msgs/opennav_coverage_msgs/msg/detail/swath__builder.hpp\n'}
[9.049594] (opennav_coverage_msgs) StdoutLine: {'line': b'-- Installing: /home/ws/install/opennav_coverage_msgs/include/opennav_coverage_msgs/opennav_coverage_msgs/msg/detail/coordinates__traits.hpp\n'}
[9.049701] (opennav_coverage_msgs) StdoutLine: {'line': b'-- Installing: /home/ws/install/opennav_coverage_msgs/include/opennav_coverage_msgs/opennav_coverage_msgs/msg/detail/path_components__type_support.hpp\n'}
[9.049812] (opennav_coverage_msgs) StdoutLine: {'line': b'-- Installing: /home/ws/install/opennav_coverage_msgs/include/opennav_coverage_msgs/opennav_coverage_msgs/msg/detail/row_swath_mode__traits.hpp\n'}
[9.049903] (opennav_coverage_msgs) StdoutLine: {'line': b'-- Installing: /home/ws/install/opennav_coverage_msgs/include/opennav_coverage_msgs/opennav_coverage_msgs/msg/detail/path_mode__traits.hpp\n'}
[9.050006] (opennav_coverage_msgs) StdoutLine: {'line': b'-- Installing: /home/ws/install/opennav_coverage_msgs/include/opennav_coverage_msgs/opennav_coverage_msgs/msg/detail/route_mode__struct.hpp\n'}
[9.050124] (opennav_coverage_msgs) StdoutLine: {'line': b'-- Installing: /home/ws/install/opennav_coverage_msgs/include/opennav_coverage_msgs/opennav_coverage_msgs/msg/detail/coordinate__struct.hpp\n'}
[9.050224] (opennav_coverage_msgs) StdoutLine: {'line': b'-- Installing: /home/ws/install/opennav_coverage_msgs/include/opennav_coverage_msgs/opennav_coverage_msgs/msg/detail/coordinates__struct.hpp\n'}
[9.050350] (opennav_coverage_msgs) StdoutLine: {'line': b'-- Installing: /home/ws/install/opennav_coverage_msgs/include/opennav_coverage_msgs/opennav_coverage_msgs/msg/detail/swath__struct.hpp\n'}
[9.050454] (opennav_coverage_msgs) StdoutLine: {'line': b'-- Installing: /home/ws/install/opennav_coverage_msgs/include/opennav_coverage_msgs/opennav_coverage_msgs/msg/detail/coordinate__traits.hpp\n'}
[9.050559] (opennav_coverage_msgs) StdoutLine: {'line': b'-- Installing: /home/ws/install/opennav_coverage_msgs/include/opennav_coverage_msgs/opennav_coverage_msgs/msg/detail/headland_mode__traits.hpp\n'}
[9.050673] (opennav_coverage_msgs) StdoutLine: {'line': b'-- Installing: /home/ws/install/opennav_coverage_msgs/include/opennav_coverage_msgs/opennav_coverage_msgs/msg/detail/swath__traits.hpp\n'}
[9.050781] (opennav_coverage_msgs) StdoutLine: {'line': b'-- Installing: /home/ws/install/opennav_coverage_msgs/include/opennav_coverage_msgs/opennav_coverage_msgs/msg/detail/swath_mode__builder.hpp\n'}
[9.050888] (opennav_coverage_msgs) StdoutLine: {'line': b'-- Installing: /home/ws/install/opennav_coverage_msgs/include/opennav_coverage_msgs/opennav_coverage_msgs/msg/detail/swath_mode__struct.hpp\n'}
[9.051002] (opennav_coverage_msgs) StdoutLine: {'line': b'-- Installing: /home/ws/install/opennav_coverage_msgs/include/opennav_coverage_msgs/opennav_coverage_msgs/msg/detail/row_swath_mode__type_support.hpp\n'}
[9.051112] (opennav_coverage_msgs) StdoutLine: {'line': b'-- Installing: /home/ws/install/opennav_coverage_msgs/include/opennav_coverage_msgs/opennav_coverage_msgs/msg/detail/route_mode__type_support.hpp\n'}
[9.051224] (opennav_coverage_msgs) StdoutLine: {'line': b'-- Installing: /home/ws/install/opennav_coverage_msgs/include/opennav_coverage_msgs/opennav_coverage_msgs/msg/detail/swath__type_support.hpp\n'}
[9.051333] (opennav_coverage_msgs) StdoutLine: {'line': b'-- Installing: /home/ws/install/opennav_coverage_msgs/include/opennav_coverage_msgs/opennav_coverage_msgs/msg/rosidl_generator_cpp__visibility_control.hpp\n'}
[9.051498] (opennav_coverage_msgs) StdoutLine: {'line': b'-- Up-to-date: /home/ws/install/opennav_coverage_msgs/include/opennav_coverage_msgs/opennav_coverage_msgs\n'}
[9.051599] (opennav_coverage_msgs) StdoutLine: {'line': b'-- Up-to-date: /home/ws/install/opennav_coverage_msgs/include/opennav_coverage_msgs/opennav_coverage_msgs/action\n'}
[9.051661] (opennav_coverage_msgs) StdoutLine: {'line': b'-- Up-to-date: /home/ws/install/opennav_coverage_msgs/include/opennav_coverage_msgs/opennav_coverage_msgs/action/detail\n'}
[9.051711] (opennav_coverage_msgs) StdoutLine: {'line': b'-- Installing: /home/ws/install/opennav_coverage_msgs/include/opennav_coverage_msgs/opennav_coverage_msgs/action/detail/navigate_complete_coverage__rosidl_typesupport_fastrtps_cpp.hpp\n'}
[9.051779] (opennav_coverage_msgs) StdoutLine: {'line': b'-- Installing: /home/ws/install/opennav_coverage_msgs/include/opennav_coverage_msgs/opennav_coverage_msgs/action/detail/dds_fastrtps\n'}
[9.051835] (opennav_coverage_msgs) StdoutLine: {'line': b'-- Installing: /home/ws/install/opennav_coverage_msgs/include/opennav_coverage_msgs/opennav_coverage_msgs/action/detail/compute_coverage_path__rosidl_typesupport_fastrtps_cpp.hpp\n'}
[9.051931] (opennav_coverage_msgs) StdoutLine: {'line': b'-- Up-to-date: /home/ws/install/opennav_coverage_msgs/include/opennav_coverage_msgs/opennav_coverage_msgs/msg\n'}
[9.052020] (opennav_coverage_msgs) StdoutLine: {'line': b'-- Installing: /home/ws/install/opennav_coverage_msgs/include/opennav_coverage_msgs/opennav_coverage_msgs/msg/rosidl_typesupport_fastrtps_cpp__visibility_control.h\n'}
[9.052088] (opennav_coverage_msgs) StdoutLine: {'line': b'-- Up-to-date: /home/ws/install/opennav_coverage_msgs/include/opennav_coverage_msgs/opennav_coverage_msgs/msg/detail\n'}
[9.052138] (opennav_coverage_msgs) StdoutLine: {'line': b'-- Installing: /home/ws/install/opennav_coverage_msgs/include/opennav_coverage_msgs/opennav_coverage_msgs/msg/detail/headland_mode__rosidl_typesupport_fastrtps_cpp.hpp\n'}
[9.052197] (opennav_coverage_msgs) StdoutLine: {'line': b'-- Installing: /home/ws/install/opennav_coverage_msgs/include/opennav_coverage_msgs/opennav_coverage_msgs/msg/detail/row_swath_mode__rosidl_typesupport_fastrtps_cpp.hpp\n'}
[9.052254] (opennav_coverage_msgs) StdoutLine: {'line': b'-- Installing: /home/ws/install/opennav_coverage_msgs/include/opennav_coverage_msgs/opennav_coverage_msgs/msg/detail/dds_fastrtps\n'}
[9.052320] (opennav_coverage_msgs) StdoutLine: {'line': b'-- Installing: /home/ws/install/opennav_coverage_msgs/include/opennav_coverage_msgs/opennav_coverage_msgs/msg/detail/swath__rosidl_typesupport_fastrtps_cpp.hpp\n'}
[9.052427] (opennav_coverage_msgs) StdoutLine: {'line': b'-- Installing: /home/ws/install/opennav_coverage_msgs/include/opennav_coverage_msgs/opennav_coverage_msgs/msg/detail/path_mode__rosidl_typesupport_fastrtps_cpp.hpp\n'}
[9.052591] (opennav_coverage_msgs) StdoutLine: {'line': b'-- Installing: /home/ws/install/opennav_coverage_msgs/include/opennav_coverage_msgs/opennav_coverage_msgs/msg/detail/route_mode__rosidl_typesupport_fastrtps_cpp.hpp\n'}
[9.052666] (opennav_coverage_msgs) StdoutLine: {'line': b'-- Installing: /home/ws/install/opennav_coverage_msgs/include/opennav_coverage_msgs/opennav_coverage_msgs/msg/detail/coordinates__rosidl_typesupport_fastrtps_cpp.hpp\n'}
[9.052761] (opennav_coverage_msgs) StdoutLine: {'line': b'-- Installing: /home/ws/install/opennav_coverage_msgs/include/opennav_coverage_msgs/opennav_coverage_msgs/msg/detail/swath_mode__rosidl_typesupport_fastrtps_cpp.hpp\n'}
[9.052894] (opennav_coverage_msgs) StdoutLine: {'line': b'-- Installing: /home/ws/install/opennav_coverage_msgs/include/opennav_coverage_msgs/opennav_coverage_msgs/msg/detail/path_components__rosidl_typesupport_fastrtps_cpp.hpp\n'}
[9.053039] (opennav_coverage_msgs) StdoutLine: {'line': b'-- Installing: /home/ws/install/opennav_coverage_msgs/include/opennav_coverage_msgs/opennav_coverage_msgs/msg/detail/coordinate__rosidl_typesupport_fastrtps_cpp.hpp\n'}
[9.053202] (opennav_coverage_msgs) StdoutLine: {'line': b'-- Installing: /home/ws/install/opennav_coverage_msgs/lib/libopennav_coverage_msgs__rosidl_typesupport_fastrtps_cpp.so\n'}
[9.054282] (opennav_coverage_msgs) StdoutLine: {'line': b'-- Set non-toolchain portion of runtime path of "/home/ws/install/opennav_coverage_msgs/lib/libopennav_coverage_msgs__rosidl_typesupport_fastrtps_cpp.so" to ""\n'}
[9.054401] (opennav_coverage_msgs) StdoutLine: {'line': b'-- Up-to-date: /home/ws/install/opennav_coverage_msgs/include/opennav_coverage_msgs/opennav_coverage_msgs\n'}
[9.054458] (opennav_coverage_msgs) StdoutLine: {'line': b'-- Up-to-date: /home/ws/install/opennav_coverage_msgs/include/opennav_coverage_msgs/opennav_coverage_msgs/action\n'}
[9.054509] (opennav_coverage_msgs) StdoutLine: {'line': b'-- Up-to-date: /home/ws/install/opennav_coverage_msgs/include/opennav_coverage_msgs/opennav_coverage_msgs/action/detail\n'}
[9.054559] (opennav_coverage_msgs) StdoutLine: {'line': b'-- Installing: /home/ws/install/opennav_coverage_msgs/include/opennav_coverage_msgs/opennav_coverage_msgs/action/detail/compute_coverage_path__rosidl_typesupport_introspection_c.h\n'}
[9.054641] (opennav_coverage_msgs) StdoutLine: {'line': b'-- Installing: /home/ws/install/opennav_coverage_msgs/include/opennav_coverage_msgs/opennav_coverage_msgs/action/detail/navigate_complete_coverage__type_support.c\n'}
[9.054697] (opennav_coverage_msgs) StdoutLine: {'line': b'-- Installing: /home/ws/install/opennav_coverage_msgs/include/opennav_coverage_msgs/opennav_coverage_msgs/action/detail/compute_coverage_path__type_support.c\n'}
[9.054801] (opennav_coverage_msgs) StdoutLine: {'line': b'-- Installing: /home/ws/install/opennav_coverage_msgs/include/opennav_coverage_msgs/opennav_coverage_msgs/action/detail/navigate_complete_coverage__rosidl_typesupport_introspection_c.h\n'}
[9.054878] (opennav_coverage_msgs) StdoutLine: {'line': b'-- Up-to-date: /home/ws/install/opennav_coverage_msgs/include/opennav_coverage_msgs/opennav_coverage_msgs/msg\n'}
[9.054922] (opennav_coverage_msgs) StdoutLine: {'line': b'-- Installing: /home/ws/install/opennav_coverage_msgs/include/opennav_coverage_msgs/opennav_coverage_msgs/msg/rosidl_typesupport_introspection_c__visibility_control.h\n'}
[9.054997] (opennav_coverage_msgs) StdoutLine: {'line': b'-- Up-to-date: /home/ws/install/opennav_coverage_msgs/include/opennav_coverage_msgs/opennav_coverage_msgs/msg/detail\n'}
[9.055033] (opennav_coverage_msgs) StdoutLine: {'line': b'-- Installing: /home/ws/install/opennav_coverage_msgs/include/opennav_coverage_msgs/opennav_coverage_msgs/msg/detail/headland_mode__rosidl_typesupport_introspection_c.h\n'}
[9.055113] (opennav_coverage_msgs) StdoutLine: {'line': b'-- Installing: /home/ws/install/opennav_coverage_msgs/include/opennav_coverage_msgs/opennav_coverage_msgs/msg/detail/coordinates__rosidl_typesupport_introspection_c.h\n'}
[9.055193] (opennav_coverage_msgs) StdoutLine: {'line': b'-- Installing: /home/ws/install/opennav_coverage_msgs/include/opennav_coverage_msgs/opennav_coverage_msgs/msg/detail/swath__rosidl_typesupport_introspection_c.h\n'}
[9.055283] (opennav_coverage_msgs) StdoutLine: {'line': b'-- Installing: /home/ws/install/opennav_coverage_msgs/include/opennav_coverage_msgs/opennav_coverage_msgs/msg/detail/path_components__rosidl_typesupport_introspection_c.h\n'}
[9.055396] (opennav_coverage_msgs) StdoutLine: {'line': b'-- Installing: /home/ws/install/opennav_coverage_msgs/include/opennav_coverage_msgs/opennav_coverage_msgs/msg/detail/row_swath_mode__type_support.c\n'}
[9.055489] (opennav_coverage_msgs) StdoutLine: {'line': b'-- Installing: /home/ws/install/opennav_coverage_msgs/include/opennav_coverage_msgs/opennav_coverage_msgs/msg/detail/path_mode__type_support.c\n'}
[9.055580] (opennav_coverage_msgs) StdoutLine: {'line': b'-- Installing: /home/ws/install/opennav_coverage_msgs/include/opennav_coverage_msgs/opennav_coverage_msgs/msg/detail/row_swath_mode__rosidl_typesupport_introspection_c.h\n'}
[9.055663] (opennav_coverage_msgs) StdoutLine: {'line': b'-- Installing: /home/ws/install/opennav_coverage_msgs/include/opennav_coverage_msgs/opennav_coverage_msgs/msg/detail/route_mode__rosidl_typesupport_introspection_c.h\n'}
[9.055740] (opennav_coverage_msgs) StdoutLine: {'line': b'-- Installing: /home/ws/install/opennav_coverage_msgs/include/opennav_coverage_msgs/opennav_coverage_msgs/msg/detail/path_components__type_support.c\n'}
[9.055838] (opennav_coverage_msgs) StdoutLine: {'line': b'-- Installing: /home/ws/install/opennav_coverage_msgs/include/opennav_coverage_msgs/opennav_coverage_msgs/msg/detail/coordinate__rosidl_typesupport_introspection_c.h\n'}
[9.055914] (opennav_coverage_msgs) StdoutLine: {'line': b'-- Installing: /home/ws/install/opennav_coverage_msgs/include/opennav_coverage_msgs/opennav_coverage_msgs/msg/detail/swath_mode__type_support.c\n'}
[9.056004] (opennav_coverage_msgs) StdoutLine: {'line': b'-- Installing: /home/ws/install/opennav_coverage_msgs/include/opennav_coverage_msgs/opennav_coverage_msgs/msg/detail/path_mode__rosidl_typesupport_introspection_c.h\n'}
[9.056087] (opennav_coverage_msgs) StdoutLine: {'line': b'-- Installing: /home/ws/install/opennav_coverage_msgs/include/opennav_coverage_msgs/opennav_coverage_msgs/msg/detail/swath_mode__rosidl_typesupport_introspection_c.h\n'}
[9.056164] (opennav_coverage_msgs) StdoutLine: {'line': b'-- Installing: /home/ws/install/opennav_coverage_msgs/include/opennav_coverage_msgs/opennav_coverage_msgs/msg/detail/swath__type_support.c\n'}
[9.056252] (opennav_coverage_msgs) StdoutLine: {'line': b'-- Installing: /home/ws/install/opennav_coverage_msgs/include/opennav_coverage_msgs/opennav_coverage_msgs/msg/detail/route_mode__type_support.c\n'}
[9.056351] (opennav_coverage_msgs) StdoutLine: {'line': b'-- Installing: /home/ws/install/opennav_coverage_msgs/include/opennav_coverage_msgs/opennav_coverage_msgs/msg/detail/coordinate__type_support.c\n'}
[9.056441] (opennav_coverage_msgs) StdoutLine: {'line': b'-- Installing: /home/ws/install/opennav_coverage_msgs/include/opennav_coverage_msgs/opennav_coverage_msgs/msg/detail/coordinates__type_support.c\n'}
[9.056533] (opennav_coverage_msgs) StdoutLine: {'line': b'-- Installing: /home/ws/install/opennav_coverage_msgs/include/opennav_coverage_msgs/opennav_coverage_msgs/msg/detail/headland_mode__type_support.c\n'}
[9.056665] (opennav_coverage_msgs) StdoutLine: {'line': b'-- Installing: /home/ws/install/opennav_coverage_msgs/lib/libopennav_coverage_msgs__rosidl_typesupport_introspection_c.so\n'}
[9.057167] (opennav_coverage_msgs) StdoutLine: {'line': b'-- Set non-toolchain portion of runtime path of "/home/ws/install/opennav_coverage_msgs/lib/libopennav_coverage_msgs__rosidl_typesupport_introspection_c.so" to ""\n'}
[9.057219] (opennav_coverage_msgs) StdoutLine: {'line': b'-- Installing: /home/ws/install/opennav_coverage_msgs/lib/libopennav_coverage_msgs__rosidl_typesupport_c.so\n'}
[9.057617] (opennav_coverage_msgs) StdoutLine: {'line': b'-- Set non-toolchain portion of runtime path of "/home/ws/install/opennav_coverage_msgs/lib/libopennav_coverage_msgs__rosidl_typesupport_c.so" to ""\n'}
[9.057714] (opennav_coverage_msgs) StdoutLine: {'line': b'-- Up-to-date: /home/ws/install/opennav_coverage_msgs/include/opennav_coverage_msgs/opennav_coverage_msgs\n'}
[9.057769] (opennav_coverage_msgs) StdoutLine: {'line': b'-- Up-to-date: /home/ws/install/opennav_coverage_msgs/include/opennav_coverage_msgs/opennav_coverage_msgs/action\n'}
[9.057826] (opennav_coverage_msgs) StdoutLine: {'line': b'-- Up-to-date: /home/ws/install/opennav_coverage_msgs/include/opennav_coverage_msgs/opennav_coverage_msgs/action/detail\n'}
[9.057868] (opennav_coverage_msgs) StdoutLine: {'line': b'-- Installing: /home/ws/install/opennav_coverage_msgs/include/opennav_coverage_msgs/opennav_coverage_msgs/action/detail/compute_coverage_path__type_support.cpp\n'}
[9.057926] (opennav_coverage_msgs) StdoutLine: {'line': b'-- Installing: /home/ws/install/opennav_coverage_msgs/include/opennav_coverage_msgs/opennav_coverage_msgs/action/detail/navigate_complete_coverage__type_support.cpp\n'}
[9.058044] (opennav_coverage_msgs) StdoutLine: {'line': b'-- Installing: /home/ws/install/opennav_coverage_msgs/include/opennav_coverage_msgs/opennav_coverage_msgs/action/detail/compute_coverage_path__rosidl_typesupport_introspection_cpp.hpp\n'}
[9.058135] (opennav_coverage_msgs) StdoutLine: {'line': b'-- Installing: /home/ws/install/opennav_coverage_msgs/include/opennav_coverage_msgs/opennav_coverage_msgs/action/detail/navigate_complete_coverage__rosidl_typesupport_introspection_cpp.hpp\n'}
[9.058220] (opennav_coverage_msgs) StdoutLine: {'line': b'-- Up-to-date: /home/ws/install/opennav_coverage_msgs/include/opennav_coverage_msgs/opennav_coverage_msgs/msg\n'}
[9.058292] (opennav_coverage_msgs) StdoutLine: {'line': b'-- Up-to-date: /home/ws/install/opennav_coverage_msgs/include/opennav_coverage_msgs/opennav_coverage_msgs/msg/detail\n'}
[9.058349] (opennav_coverage_msgs) StdoutLine: {'line': b'-- Installing: /home/ws/install/opennav_coverage_msgs/include/opennav_coverage_msgs/opennav_coverage_msgs/msg/detail/path_mode__rosidl_typesupport_introspection_cpp.hpp\n'}
[9.058407] (opennav_coverage_msgs) StdoutLine: {'line': b'-- Installing: /home/ws/install/opennav_coverage_msgs/include/opennav_coverage_msgs/opennav_coverage_msgs/msg/detail/route_mode__rosidl_typesupport_introspection_cpp.hpp\n'}
[9.058475] (opennav_coverage_msgs) StdoutLine: {'line': b'-- Installing: /home/ws/install/opennav_coverage_msgs/include/opennav_coverage_msgs/opennav_coverage_msgs/msg/detail/coordinate__rosidl_typesupport_introspection_cpp.hpp\n'}
[9.058555] (opennav_coverage_msgs) StdoutLine: {'line': b'-- Installing: /home/ws/install/opennav_coverage_msgs/include/opennav_coverage_msgs/opennav_coverage_msgs/msg/detail/headland_mode__rosidl_typesupport_introspection_cpp.hpp\n'}
[9.058636] (opennav_coverage_msgs) StdoutLine: {'line': b'-- Installing: /home/ws/install/opennav_coverage_msgs/include/opennav_coverage_msgs/opennav_coverage_msgs/msg/detail/coordinates__rosidl_typesupport_introspection_cpp.hpp\n'}
[9.058721] (opennav_coverage_msgs) StdoutLine: {'line': b'-- Installing: /home/ws/install/opennav_coverage_msgs/include/opennav_coverage_msgs/opennav_coverage_msgs/msg/detail/coordinates__type_support.cpp\n'}
[9.058806] (opennav_coverage_msgs) StdoutLine: {'line': b'-- Installing: /home/ws/install/opennav_coverage_msgs/include/opennav_coverage_msgs/opennav_coverage_msgs/msg/detail/swath_mode__type_support.cpp\n'}
[9.058890] (opennav_coverage_msgs) StdoutLine: {'line': b'-- Installing: /home/ws/install/opennav_coverage_msgs/include/opennav_coverage_msgs/opennav_coverage_msgs/msg/detail/swath__rosidl_typesupport_introspection_cpp.hpp\n'}
[9.058971] (opennav_coverage_msgs) StdoutLine: {'line': b'-- Installing: /home/ws/install/opennav_coverage_msgs/include/opennav_coverage_msgs/opennav_coverage_msgs/msg/detail/path_mode__type_support.cpp\n'}
[9.059058] (opennav_coverage_msgs) StdoutLine: {'line': b'-- Installing: /home/ws/install/opennav_coverage_msgs/include/opennav_coverage_msgs/opennav_coverage_msgs/msg/detail/path_components__rosidl_typesupport_introspection_cpp.hpp\n'}
[9.059139] (opennav_coverage_msgs) StdoutLine: {'line': b'-- Installing: /home/ws/install/opennav_coverage_msgs/include/opennav_coverage_msgs/opennav_coverage_msgs/msg/detail/headland_mode__type_support.cpp\n'}
[9.059223] (opennav_coverage_msgs) StdoutLine: {'line': b'-- Installing: /home/ws/install/opennav_coverage_msgs/include/opennav_coverage_msgs/opennav_coverage_msgs/msg/detail/row_swath_mode__type_support.cpp\n'}
[9.059336] (opennav_coverage_msgs) StdoutLine: {'line': b'-- Installing: /home/ws/install/opennav_coverage_msgs/include/opennav_coverage_msgs/opennav_coverage_msgs/msg/detail/swath__type_support.cpp\n'}
[9.059418] (opennav_coverage_msgs) StdoutLine: {'line': b'-- Installing: /home/ws/install/opennav_coverage_msgs/include/opennav_coverage_msgs/opennav_coverage_msgs/msg/detail/route_mode__type_support.cpp\n'}
[9.059500] (opennav_coverage_msgs) StdoutLine: {'line': b'-- Installing: /home/ws/install/opennav_coverage_msgs/include/opennav_coverage_msgs/opennav_coverage_msgs/msg/detail/path_components__type_support.cpp\n'}
[9.059587] (opennav_coverage_msgs) StdoutLine: {'line': b'-- Installing: /home/ws/install/opennav_coverage_msgs/include/opennav_coverage_msgs/opennav_coverage_msgs/msg/detail/row_swath_mode__rosidl_typesupport_introspection_cpp.hpp\n'}
[9.059666] (opennav_coverage_msgs) StdoutLine: {'line': b'-- Installing: /home/ws/install/opennav_coverage_msgs/include/opennav_coverage_msgs/opennav_coverage_msgs/msg/detail/coordinate__type_support.cpp\n'}
[9.059752] (opennav_coverage_msgs) StdoutLine: {'line': b'-- Installing: /home/ws/install/opennav_coverage_msgs/include/opennav_coverage_msgs/opennav_coverage_msgs/msg/detail/swath_mode__rosidl_typesupport_introspection_cpp.hpp\n'}
[9.059864] (opennav_coverage_msgs) StdoutLine: {'line': b'-- Installing: /home/ws/install/opennav_coverage_msgs/lib/libopennav_coverage_msgs__rosidl_typesupport_introspection_cpp.so\n'}
[9.061116] (opennav_coverage_msgs) StdoutLine: {'line': b'-- Set non-toolchain portion of runtime path of "/home/ws/install/opennav_coverage_msgs/lib/libopennav_coverage_msgs__rosidl_typesupport_introspection_cpp.so" to ""\n'}
[9.061195] (opennav_coverage_msgs) StdoutLine: {'line': b'-- Installing: /home/ws/install/opennav_coverage_msgs/lib/libopennav_coverage_msgs__rosidl_typesupport_cpp.so\n'}
[9.062035] (opennav_coverage_msgs) StdoutLine: {'line': b'-- Set non-toolchain portion of runtime path of "/home/ws/install/opennav_coverage_msgs/lib/libopennav_coverage_msgs__rosidl_typesupport_cpp.so" to ""\n'}
[9.062121] (opennav_coverage_msgs) StdoutLine: {'line': b'-- Installing: /home/ws/install/opennav_coverage_msgs/share/opennav_coverage_msgs/environment/pythonpath.sh\n'}
[9.062192] (opennav_coverage_msgs) StdoutLine: {'line': b'-- Installing: /home/ws/install/opennav_coverage_msgs/share/opennav_coverage_msgs/environment/pythonpath.dsv\n'}
[9.062281] (opennav_coverage_msgs) StdoutLine: {'line': b'-- Installing: /home/ws/install/opennav_coverage_msgs/lib/python3.12/site-packages/opennav_coverage_msgs-0.0.1-py3.12.egg-info\n'}
[9.062389] (opennav_coverage_msgs) StdoutLine: {'line': b'-- Installing: /home/ws/install/opennav_coverage_msgs/lib/python3.12/site-packages/opennav_coverage_msgs-0.0.1-py3.12.egg-info/SOURCES.txt\n'}
[9.062474] (opennav_coverage_msgs) StdoutLine: {'line': b'-- Installing: /home/ws/install/opennav_coverage_msgs/lib/python3.12/site-packages/opennav_coverage_msgs-0.0.1-py3.12.egg-info/top_level.txt\n'}
[9.062582] (opennav_coverage_msgs) StdoutLine: {'line': b'-- Installing: /home/ws/install/opennav_coverage_msgs/lib/python3.12/site-packages/opennav_coverage_msgs-0.0.1-py3.12.egg-info/dependency_links.txt\n'}
[9.062678] (opennav_coverage_msgs) StdoutLine: {'line': b'-- Installing: /home/ws/install/opennav_coverage_msgs/lib/python3.12/site-packages/opennav_coverage_msgs-0.0.1-py3.12.egg-info/PKG-INFO\n'}
[9.062796] (opennav_coverage_msgs) StdoutLine: {'line': b'-- Installing: /home/ws/install/opennav_coverage_msgs/lib/python3.12/site-packages/opennav_coverage_msgs\n'}
[9.062891] (opennav_coverage_msgs) StdoutLine: {'line': b'-- Installing: /home/ws/install/opennav_coverage_msgs/lib/python3.12/site-packages/opennav_coverage_msgs/_opennav_coverage_msgs_s.ep.rosidl_typesupport_fastrtps_c.c\n'}
[9.063105] (opennav_coverage_msgs) StdoutLine: {'line': b'-- Installing: /home/ws/install/opennav_coverage_msgs/lib/python3.12/site-packages/opennav_coverage_msgs/_opennav_coverage_msgs_s.ep.rosidl_typesupport_introspection_c.c\n'}
[9.063368] (opennav_coverage_msgs) StdoutLine: {'line': b'-- Installing: /home/ws/install/opennav_coverage_msgs/lib/python3.12/site-packages/opennav_coverage_msgs/action\n'}
[9.063481] (opennav_coverage_msgs) StdoutLine: {'line': b'-- Installing: /home/ws/install/opennav_coverage_msgs/lib/python3.12/site-packages/opennav_coverage_msgs/action/_navigate_complete_coverage_s.c\n'}
[9.063581] (opennav_coverage_msgs) StdoutLine: {'line': b'-- Installing: /home/ws/install/opennav_coverage_msgs/lib/python3.12/site-packages/opennav_coverage_msgs/action/_compute_coverage_path.py\n'}
[9.063783] (opennav_coverage_msgs) StdoutLine: {'line': b'-- Installing: /home/ws/install/opennav_coverage_msgs/lib/python3.12/site-packages/opennav_coverage_msgs/action/_navigate_complete_coverage.py\n'}
[9.064131] (opennav_coverage_msgs) StdoutLine: {'line': b'-- Installing: /home/ws/install/opennav_coverage_msgs/lib/python3.12/site-packages/opennav_coverage_msgs/action/__init__.py\n'}
[9.064196] (opennav_coverage_msgs) StdoutLine: {'line': b'-- Installing: /home/ws/install/opennav_coverage_msgs/lib/python3.12/site-packages/opennav_coverage_msgs/action/_compute_coverage_path_s.c\n'}
[9.064260] (opennav_coverage_msgs) StdoutLine: {'line': b'-- Installing: /home/ws/install/opennav_coverage_msgs/lib/python3.12/site-packages/opennav_coverage_msgs/msg\n'}
[9.064350] (opennav_coverage_msgs) StdoutLine: {'line': b'-- Installing: /home/ws/install/opennav_coverage_msgs/lib/python3.12/site-packages/opennav_coverage_msgs/msg/_swath_s.c\n'}
[9.064411] (opennav_coverage_msgs) StdoutLine: {'line': b'-- Installing: /home/ws/install/opennav_coverage_msgs/lib/python3.12/site-packages/opennav_coverage_msgs/msg/_route_mode.py\n'}
[9.064498] (opennav_coverage_msgs) StdoutLine: {'line': b'-- Installing: /home/ws/install/opennav_coverage_msgs/lib/python3.12/site-packages/opennav_coverage_msgs/msg/_coordinates_s.c\n'}
[9.064582] (opennav_coverage_msgs) StdoutLine: {'line': b'-- Installing: /home/ws/install/opennav_coverage_msgs/lib/python3.12/site-packages/opennav_coverage_msgs/msg/_swath_mode_s.c\n'}
[9.064668] (opennav_coverage_msgs) StdoutLine: {'line': b'-- Installing: /home/ws/install/opennav_coverage_msgs/lib/python3.12/site-packages/opennav_coverage_msgs/msg/_swath.py\n'}
[9.064751] (opennav_coverage_msgs) StdoutLine: {'line': b'-- Installing: /home/ws/install/opennav_coverage_msgs/lib/python3.12/site-packages/opennav_coverage_msgs/msg/_swath_mode.py\n'}
[9.064844] (opennav_coverage_msgs) StdoutLine: {'line': b'-- Installing: /home/ws/install/opennav_coverage_msgs/lib/python3.12/site-packages/opennav_coverage_msgs/msg/_path_mode.py\n'}
[9.064947] (opennav_coverage_msgs) StdoutLine: {'line': b'-- Installing: /home/ws/install/opennav_coverage_msgs/lib/python3.12/site-packages/opennav_coverage_msgs/msg/_path_components_s.c\n'}
[9.065020] (opennav_coverage_msgs) StdoutLine: {'line': b'-- Installing: /home/ws/install/opennav_coverage_msgs/lib/python3.12/site-packages/opennav_coverage_msgs/msg/_coordinates.py\n'}
[9.065100] (opennav_coverage_msgs) StdoutLine: {'line': b'-- Installing: /home/ws/install/opennav_coverage_msgs/lib/python3.12/site-packages/opennav_coverage_msgs/msg/_row_swath_mode.py\n'}
[9.065182] (opennav_coverage_msgs) StdoutLine: {'line': b'-- Installing: /home/ws/install/opennav_coverage_msgs/lib/python3.12/site-packages/opennav_coverage_msgs/msg/_path_components.py\n'}
[9.065266] (opennav_coverage_msgs) StdoutLine: {'line': b'-- Installing: /home/ws/install/opennav_coverage_msgs/lib/python3.12/site-packages/opennav_coverage_msgs/msg/_coordinate_s.c\n'}
[9.065354] (opennav_coverage_msgs) StdoutLine: {'line': b'-- Installing: /home/ws/install/opennav_coverage_msgs/lib/python3.12/site-packages/opennav_coverage_msgs/msg/_headland_mode_s.c\n'}
[9.065435] (opennav_coverage_msgs) StdoutLine: {'line': b'-- Installing: /home/ws/install/opennav_coverage_msgs/lib/python3.12/site-packages/opennav_coverage_msgs/msg/__init__.py\n'}
[9.065518] (opennav_coverage_msgs) StdoutLine: {'line': b'-- Installing: /home/ws/install/opennav_coverage_msgs/lib/python3.12/site-packages/opennav_coverage_msgs/msg/_path_mode_s.c\n'}
[9.065601] (opennav_coverage_msgs) StdoutLine: {'line': b'-- Installing: /home/ws/install/opennav_coverage_msgs/lib/python3.12/site-packages/opennav_coverage_msgs/msg/_row_swath_mode_s.c\n'}
[9.065691] (opennav_coverage_msgs) StdoutLine: {'line': b'-- Installing: /home/ws/install/opennav_coverage_msgs/lib/python3.12/site-packages/opennav_coverage_msgs/msg/_route_mode_s.c\n'}
[9.065782] (opennav_coverage_msgs) StdoutLine: {'line': b'-- Installing: /home/ws/install/opennav_coverage_msgs/lib/python3.12/site-packages/opennav_coverage_msgs/msg/_coordinate.py\n'}
[9.065873] (opennav_coverage_msgs) StdoutLine: {'line': b'-- Installing: /home/ws/install/opennav_coverage_msgs/lib/python3.12/site-packages/opennav_coverage_msgs/msg/_headland_mode.py\n'}
[9.065954] (opennav_coverage_msgs) StdoutLine: {'line': b'-- Installing: /home/ws/install/opennav_coverage_msgs/lib/python3.12/site-packages/opennav_coverage_msgs/opennav_coverage_msgs_s__rosidl_typesupport_fastrtps_c.so\n'}
[9.066107] (opennav_coverage_msgs) StdoutLine: {'line': b'-- Installing: /home/ws/install/opennav_coverage_msgs/lib/python3.12/site-packages/opennav_coverage_msgs/opennav_coverage_msgs_s__rosidl_typesupport_introspection_c.so\n'}
[9.066260] (opennav_coverage_msgs) StdoutLine: {'line': b'-- Installing: /home/ws/install/opennav_coverage_msgs/lib/python3.12/site-packages/opennav_coverage_msgs/opennav_coverage_msgs_s__rosidl_typesupport_c.so\n'}
[9.066449] (opennav_coverage_msgs) StdoutLine: {'line': b'-- Installing: /home/ws/install/opennav_coverage_msgs/lib/python3.12/site-packages/opennav_coverage_msgs/__init__.py\n'}
[9.066526] (opennav_coverage_msgs) StdoutLine: {'line': b'-- Installing: /home/ws/install/opennav_coverage_msgs/lib/python3.12/site-packages/opennav_coverage_msgs/_opennav_coverage_msgs_s.ep.rosidl_typesupport_c.c\n'}
[9.108015] (opennav_coverage_msgs) StdoutLine: {'line': b"Listing '/home/ws/install/opennav_coverage_msgs/lib/python3.12/site-packages/opennav_coverage_msgs'...\n"}
[9.108158] (opennav_coverage_msgs) StdoutLine: {'line': b"Compiling '/home/ws/install/opennav_coverage_msgs/lib/python3.12/site-packages/opennav_coverage_msgs/__init__.py'...\n"}
[9.108211] (opennav_coverage_msgs) StdoutLine: {'line': b"Listing '/home/ws/install/opennav_coverage_msgs/lib/python3.12/site-packages/opennav_coverage_msgs/action'...\n"}
[9.108256] (opennav_coverage_msgs) StdoutLine: {'line': b"Compiling '/home/ws/install/opennav_coverage_msgs/lib/python3.12/site-packages/opennav_coverage_msgs/action/__init__.py'...\n"}
[9.108307] (opennav_coverage_msgs) StdoutLine: {'line': b"Compiling '/home/ws/install/opennav_coverage_msgs/lib/python3.12/site-packages/opennav_coverage_msgs/action/_compute_coverage_path.py'...\n"}
[9.108348] (opennav_coverage_msgs) StdoutLine: {'line': b"Compiling '/home/ws/install/opennav_coverage_msgs/lib/python3.12/site-packages/opennav_coverage_msgs/action/_navigate_complete_coverage.py'...\n"}
[9.108386] (opennav_coverage_msgs) StdoutLine: {'line': b"Listing '/home/ws/install/opennav_coverage_msgs/lib/python3.12/site-packages/opennav_coverage_msgs/msg'...\n"}
[9.108419] (opennav_coverage_msgs) StdoutLine: {'line': b"Compiling '/home/ws/install/opennav_coverage_msgs/lib/python3.12/site-packages/opennav_coverage_msgs/msg/__init__.py'...\n"}
[9.108450] (opennav_coverage_msgs) StdoutLine: {'line': b"Compiling '/home/ws/install/opennav_coverage_msgs/lib/python3.12/site-packages/opennav_coverage_msgs/msg/_coordinate.py'...\n"}
[9.108480] (opennav_coverage_msgs) StdoutLine: {'line': b"Compiling '/home/ws/install/opennav_coverage_msgs/lib/python3.12/site-packages/opennav_coverage_msgs/msg/_coordinates.py'...\n"}
[9.108510] (opennav_coverage_msgs) StdoutLine: {'line': b"Compiling '/home/ws/install/opennav_coverage_msgs/lib/python3.12/site-packages/opennav_coverage_msgs/msg/_headland_mode.py'...\n"}
[9.108540] (opennav_coverage_msgs) StdoutLine: {'line': b"Compiling '/home/ws/install/opennav_coverage_msgs/lib/python3.12/site-packages/opennav_coverage_msgs/msg/_path_components.py'...\n"}
[9.108578] (opennav_coverage_msgs) StdoutLine: {'line': b"Compiling '/home/ws/install/opennav_coverage_msgs/lib/python3.12/site-packages/opennav_coverage_msgs/msg/_path_mode.py'...\n"}
[9.108608] (opennav_coverage_msgs) StdoutLine: {'line': b"Compiling '/home/ws/install/opennav_coverage_msgs/lib/python3.12/site-packages/opennav_coverage_msgs/msg/_route_mode.py'...\n"}
[9.108639] (opennav_coverage_msgs) StdoutLine: {'line': b"Compiling '/home/ws/install/opennav_coverage_msgs/lib/python3.12/site-packages/opennav_coverage_msgs/msg/_row_swath_mode.py'...\n"}
[9.108669] (opennav_coverage_msgs) StdoutLine: {'line': b"Compiling '/home/ws/install/opennav_coverage_msgs/lib/python3.12/site-packages/opennav_coverage_msgs/msg/_swath.py'...\n"}
[9.108699] (opennav_coverage_msgs) StdoutLine: {'line': b"Compiling '/home/ws/install/opennav_coverage_msgs/lib/python3.12/site-packages/opennav_coverage_msgs/msg/_swath_mode.py'...\n"}
[9.111994] (opennav_coverage_msgs) StdoutLine: {'line': b'-- Installing: /home/ws/install/opennav_coverage_msgs/lib/python3.12/site-packages/opennav_coverage_msgs/opennav_coverage_msgs_s__rosidl_typesupport_fastrtps_c.so\n'}
[9.112361] (opennav_coverage_msgs) StdoutLine: {'line': b'-- Set non-toolchain portion of runtime path of "/home/ws/install/opennav_coverage_msgs/lib/python3.12/site-packages/opennav_coverage_msgs/opennav_coverage_msgs_s__rosidl_typesupport_fastrtps_c.so" to ""\n'}
[9.112551] (opennav_coverage_msgs) StdoutLine: {'line': b'-- Installing: /home/ws/install/opennav_coverage_msgs/lib/python3.12/site-packages/opennav_coverage_msgs/opennav_coverage_msgs_s__rosidl_typesupport_introspection_c.so\n'}
[9.112840] (opennav_coverage_msgs) StdoutLine: {'line': b'-- Set non-toolchain portion of runtime path of "/home/ws/install/opennav_coverage_msgs/lib/python3.12/site-packages/opennav_coverage_msgs/opennav_coverage_msgs_s__rosidl_typesupport_introspection_c.so" to ""\n'}
[9.112990] (opennav_coverage_msgs) StdoutLine: {'line': b'-- Installing: /home/ws/install/opennav_coverage_msgs/lib/python3.12/site-packages/opennav_coverage_msgs/opennav_coverage_msgs_s__rosidl_typesupport_c.so\n'}
[9.113270] (opennav_coverage_msgs) StdoutLine: {'line': b'-- Set non-toolchain portion of runtime path of "/home/ws/install/opennav_coverage_msgs/lib/python3.12/site-packages/opennav_coverage_msgs/opennav_coverage_msgs_s__rosidl_typesupport_c.so" to ""\n'}
[9.113356] (opennav_coverage_msgs) StdoutLine: {'line': b'-- Installing: /home/ws/install/opennav_coverage_msgs/lib/libopennav_coverage_msgs__rosidl_generator_py.so\n'}
[9.113869] (opennav_coverage_msgs) StdoutLine: {'line': b'-- Set non-toolchain portion of runtime path of "/home/ws/install/opennav_coverage_msgs/lib/libopennav_coverage_msgs__rosidl_generator_py.so" to ""\n'}
[9.113955] (opennav_coverage_msgs) StdoutLine: {'line': b'-- Installing: /home/ws/install/opennav_coverage_msgs/share/opennav_coverage_msgs/msg/Coordinate.idl\n'}
[9.114030] (opennav_coverage_msgs) StdoutLine: {'line': b'-- Installing: /home/ws/install/opennav_coverage_msgs/share/opennav_coverage_msgs/msg/Coordinates.idl\n'}
[9.114129] (opennav_coverage_msgs) StdoutLine: {'line': b'-- Installing: /home/ws/install/opennav_coverage_msgs/share/opennav_coverage_msgs/msg/HeadlandMode.idl\n'}
[9.114226] (opennav_coverage_msgs) StdoutLine: {'line': b'-- Installing: /home/ws/install/opennav_coverage_msgs/share/opennav_coverage_msgs/msg/SwathMode.idl\n'}
[9.114330] (opennav_coverage_msgs) StdoutLine: {'line': b'-- Installing: /home/ws/install/opennav_coverage_msgs/share/opennav_coverage_msgs/msg/RowSwathMode.idl\n'}
[9.114431] (opennav_coverage_msgs) StdoutLine: {'line': b'-- Installing: /home/ws/install/opennav_coverage_msgs/share/opennav_coverage_msgs/msg/RouteMode.idl\n'}
[9.114528] (opennav_coverage_msgs) StdoutLine: {'line': b'-- Installing: /home/ws/install/opennav_coverage_msgs/share/opennav_coverage_msgs/msg/PathMode.idl\n'}
[9.114626] (opennav_coverage_msgs) StdoutLine: {'line': b'-- Installing: /home/ws/install/opennav_coverage_msgs/share/opennav_coverage_msgs/msg/Swath.idl\n'}
[9.114722] (opennav_coverage_msgs) StdoutLine: {'line': b'-- Installing: /home/ws/install/opennav_coverage_msgs/share/opennav_coverage_msgs/msg/PathComponents.idl\n'}
[9.114824] (opennav_coverage_msgs) StdoutLine: {'line': b'-- Installing: /home/ws/install/opennav_coverage_msgs/share/opennav_coverage_msgs/action/ComputeCoveragePath.idl\n'}
[9.114920] (opennav_coverage_msgs) StdoutLine: {'line': b'-- Installing: /home/ws/install/opennav_coverage_msgs/share/opennav_coverage_msgs/action/NavigateCompleteCoverage.idl\n'}
[9.115018] (opennav_coverage_msgs) StdoutLine: {'line': b'-- Installing: /home/ws/install/opennav_coverage_msgs/share/opennav_coverage_msgs/msg/Coordinate.msg\n'}
[9.115116] (opennav_coverage_msgs) StdoutLine: {'line': b'-- Installing: /home/ws/install/opennav_coverage_msgs/share/opennav_coverage_msgs/msg/Coordinates.msg\n'}
[9.115217] (opennav_coverage_msgs) StdoutLine: {'line': b'-- Installing: /home/ws/install/opennav_coverage_msgs/share/opennav_coverage_msgs/msg/HeadlandMode.msg\n'}
[9.115325] (opennav_coverage_msgs) StdoutLine: {'line': b'-- Installing: /home/ws/install/opennav_coverage_msgs/share/opennav_coverage_msgs/msg/SwathMode.msg\n'}
[9.115425] (opennav_coverage_msgs) StdoutLine: {'line': b'-- Installing: /home/ws/install/opennav_coverage_msgs/share/opennav_coverage_msgs/msg/RowSwathMode.msg\n'}
[9.115520] (opennav_coverage_msgs) StdoutLine: {'line': b'-- Installing: /home/ws/install/opennav_coverage_msgs/share/opennav_coverage_msgs/msg/RouteMode.msg\n'}
[9.115623] (opennav_coverage_msgs) StdoutLine: {'line': b'-- Installing: /home/ws/install/opennav_coverage_msgs/share/opennav_coverage_msgs/msg/PathMode.msg\n'}
[9.115720] (opennav_coverage_msgs) StdoutLine: {'line': b'-- Installing: /home/ws/install/opennav_coverage_msgs/share/opennav_coverage_msgs/msg/Swath.msg\n'}
[9.115819] (opennav_coverage_msgs) StdoutLine: {'line': b'-- Installing: /home/ws/install/opennav_coverage_msgs/share/opennav_coverage_msgs/msg/PathComponents.msg\n'}
[9.115917] (opennav_coverage_msgs) StdoutLine: {'line': b'-- Installing: /home/ws/install/opennav_coverage_msgs/share/opennav_coverage_msgs/action/ComputeCoveragePath.action\n'}
[9.116018] (opennav_coverage_msgs) StdoutLine: {'line': b'-- Installing: /home/ws/install/opennav_coverage_msgs/share/opennav_coverage_msgs/action/NavigateCompleteCoverage.action\n'}
[9.116156] (opennav_coverage_msgs) StdoutLine: {'line': b'-- Installing: /home/ws/install/opennav_coverage_msgs/share/ament_index/resource_index/package_run_dependencies/opennav_coverage_msgs\n'}
[9.116292] (opennav_coverage_msgs) StdoutLine: {'line': b'-- Installing: /home/ws/install/opennav_coverage_msgs/share/ament_index/resource_index/parent_prefix_path/opennav_coverage_msgs\n'}
[9.116407] (opennav_coverage_msgs) StdoutLine: {'line': b'-- Installing: /home/ws/install/opennav_coverage_msgs/share/opennav_coverage_msgs/environment/ament_prefix_path.sh\n'}
[9.116529] (opennav_coverage_msgs) StdoutLine: {'line': b'-- Installing: /home/ws/install/opennav_coverage_msgs/share/opennav_coverage_msgs/environment/ament_prefix_path.dsv\n'}
[9.116637] (opennav_coverage_msgs) StdoutLine: {'line': b'-- Installing: /home/ws/install/opennav_coverage_msgs/share/opennav_coverage_msgs/environment/path.sh\n'}
[9.116747] (opennav_coverage_msgs) StdoutLine: {'line': b'-- Installing: /home/ws/install/opennav_coverage_msgs/share/opennav_coverage_msgs/environment/path.dsv\n'}
[9.116842] (opennav_coverage_msgs) StdoutLine: {'line': b'-- Installing: /home/ws/install/opennav_coverage_msgs/share/opennav_coverage_msgs/local_setup.bash\n'}
[9.116942] (opennav_coverage_msgs) StdoutLine: {'line': b'-- Installing: /home/ws/install/opennav_coverage_msgs/share/opennav_coverage_msgs/local_setup.sh\n'}
[9.117044] (opennav_coverage_msgs) StdoutLine: {'line': b'-- Installing: /home/ws/install/opennav_coverage_msgs/share/opennav_coverage_msgs/local_setup.zsh\n'}
[9.117142] (opennav_coverage_msgs) StdoutLine: {'line': b'-- Installing: /home/ws/install/opennav_coverage_msgs/share/opennav_coverage_msgs/local_setup.dsv\n'}
[9.117237] (opennav_coverage_msgs) StdoutLine: {'line': b'-- Installing: /home/ws/install/opennav_coverage_msgs/share/opennav_coverage_msgs/package.dsv\n'}
[9.117379] (opennav_coverage_msgs) StdoutLine: {'line': b'-- Installing: /home/ws/install/opennav_coverage_msgs/share/ament_index/resource_index/packages/opennav_coverage_msgs\n'}
[9.117518] (opennav_coverage_msgs) StdoutLine: {'line': b'-- Installing: /home/ws/install/opennav_coverage_msgs/share/opennav_coverage_msgs/cmake/export_opennav_coverage_msgs__rosidl_generator_cExport.cmake\n'}
[9.117631] (opennav_coverage_msgs) StdoutLine: {'line': b'-- Installing: /home/ws/install/opennav_coverage_msgs/share/opennav_coverage_msgs/cmake/export_opennav_coverage_msgs__rosidl_generator_cExport-noconfig.cmake\n'}
[9.117743] (opennav_coverage_msgs) StdoutLine: {'line': b'-- Installing: /home/ws/install/opennav_coverage_msgs/share/opennav_coverage_msgs/cmake/export_opennav_coverage_msgs__rosidl_typesupport_fastrtps_cExport.cmake\n'}
[9.117848] (opennav_coverage_msgs) StdoutLine: {'line': b'-- Installing: /home/ws/install/opennav_coverage_msgs/share/opennav_coverage_msgs/cmake/export_opennav_coverage_msgs__rosidl_typesupport_fastrtps_cExport-noconfig.cmake\n'}
[9.117957] (opennav_coverage_msgs) StdoutLine: {'line': b'-- Installing: /home/ws/install/opennav_coverage_msgs/share/opennav_coverage_msgs/cmake/export_opennav_coverage_msgs__rosidl_generator_cppExport.cmake\n'}
[9.118072] (opennav_coverage_msgs) StdoutLine: {'line': b'-- Installing: /home/ws/install/opennav_coverage_msgs/share/opennav_coverage_msgs/cmake/export_opennav_coverage_msgs__rosidl_typesupport_fastrtps_cppExport.cmake\n'}
[9.118172] (opennav_coverage_msgs) StdoutLine: {'line': b'-- Installing: /home/ws/install/opennav_coverage_msgs/share/opennav_coverage_msgs/cmake/export_opennav_coverage_msgs__rosidl_typesupport_fastrtps_cppExport-noconfig.cmake\n'}
[9.118287] (opennav_coverage_msgs) StdoutLine: {'line': b'-- Installing: /home/ws/install/opennav_coverage_msgs/share/opennav_coverage_msgs/cmake/opennav_coverage_msgs__rosidl_typesupport_introspection_cExport.cmake\n'}
[9.118396] (opennav_coverage_msgs) StdoutLine: {'line': b'-- Installing: /home/ws/install/opennav_coverage_msgs/share/opennav_coverage_msgs/cmake/opennav_coverage_msgs__rosidl_typesupport_introspection_cExport-noconfig.cmake\n'}
[9.118508] (opennav_coverage_msgs) StdoutLine: {'line': b'-- Installing: /home/ws/install/opennav_coverage_msgs/share/opennav_coverage_msgs/cmake/opennav_coverage_msgs__rosidl_typesupport_cExport.cmake\n'}
[9.118609] (opennav_coverage_msgs) StdoutLine: {'line': b'-- Installing: /home/ws/install/opennav_coverage_msgs/share/opennav_coverage_msgs/cmake/opennav_coverage_msgs__rosidl_typesupport_cExport-noconfig.cmake\n'}
[9.118719] (opennav_coverage_msgs) StdoutLine: {'line': b'-- Installing: /home/ws/install/opennav_coverage_msgs/share/opennav_coverage_msgs/cmake/opennav_coverage_msgs__rosidl_typesupport_introspection_cppExport.cmake\n'}
[9.118827] (opennav_coverage_msgs) StdoutLine: {'line': b'-- Installing: /home/ws/install/opennav_coverage_msgs/share/opennav_coverage_msgs/cmake/opennav_coverage_msgs__rosidl_typesupport_introspection_cppExport-noconfig.cmake\n'}
[9.118943] (opennav_coverage_msgs) StdoutLine: {'line': b'-- Installing: /home/ws/install/opennav_coverage_msgs/share/opennav_coverage_msgs/cmake/opennav_coverage_msgs__rosidl_typesupport_cppExport.cmake\n'}
[9.119062] (opennav_coverage_msgs) StdoutLine: {'line': b'-- Installing: /home/ws/install/opennav_coverage_msgs/share/opennav_coverage_msgs/cmake/opennav_coverage_msgs__rosidl_typesupport_cppExport-noconfig.cmake\n'}
[9.119162] (opennav_coverage_msgs) StdoutLine: {'line': b'-- Installing: /home/ws/install/opennav_coverage_msgs/share/opennav_coverage_msgs/cmake/export_opennav_coverage_msgs__rosidl_generator_pyExport.cmake\n'}
[9.119284] (opennav_coverage_msgs) StdoutLine: {'line': b'-- Installing: /home/ws/install/opennav_coverage_msgs/share/opennav_coverage_msgs/cmake/export_opennav_coverage_msgs__rosidl_generator_pyExport-noconfig.cmake\n'}
[9.119382] (opennav_coverage_msgs) StdoutLine: {'line': b'-- Installing: /home/ws/install/opennav_coverage_msgs/share/opennav_coverage_msgs/cmake/rosidl_cmake-extras.cmake\n'}
[9.119475] (opennav_coverage_msgs) StdoutLine: {'line': b'-- Installing: /home/ws/install/opennav_coverage_msgs/share/opennav_coverage_msgs/cmake/ament_cmake_export_dependencies-extras.cmake\n'}
[9.119583] (opennav_coverage_msgs) StdoutLine: {'line': b'-- Installing: /home/ws/install/opennav_coverage_msgs/share/opennav_coverage_msgs/cmake/ament_cmake_export_include_directories-extras.cmake\n'}
[9.119685] (opennav_coverage_msgs) StdoutLine: {'line': b'-- Installing: /home/ws/install/opennav_coverage_msgs/share/opennav_coverage_msgs/cmake/ament_cmake_export_libraries-extras.cmake\n'}
[9.119788] (opennav_coverage_msgs) StdoutLine: {'line': b'-- Installing: /home/ws/install/opennav_coverage_msgs/share/opennav_coverage_msgs/cmake/ament_cmake_export_targets-extras.cmake\n'}
[9.119884] (opennav_coverage_msgs) StdoutLine: {'line': b'-- Installing: /home/ws/install/opennav_coverage_msgs/share/opennav_coverage_msgs/cmake/rosidl_cmake_export_typesupport_targets-extras.cmake\n'}
[9.119985] (opennav_coverage_msgs) StdoutLine: {'line': b'-- Installing: /home/ws/install/opennav_coverage_msgs/share/opennav_coverage_msgs/cmake/rosidl_cmake_export_typesupport_libraries-extras.cmake\n'}
[9.120090] (opennav_coverage_msgs) StdoutLine: {'line': b'-- Installing: /home/ws/install/opennav_coverage_msgs/share/opennav_coverage_msgs/cmake/opennav_coverage_msgsConfig.cmake\n'}
[9.120168] (opennav_coverage_msgs) StdoutLine: {'line': b'-- Installing: /home/ws/install/opennav_coverage_msgs/share/opennav_coverage_msgs/cmake/opennav_coverage_msgsConfig-version.cmake\n'}
[9.120270] (opennav_coverage_msgs) StdoutLine: {'line': b'-- Installing: /home/ws/install/opennav_coverage_msgs/share/opennav_coverage_msgs/package.xml\n'}
[9.121842] (opennav_coverage_msgs) CommandEnded: {'returncode': 0}
[9.123089] (-) TimerEvent: {}
[9.165345] (opennav_coverage_msgs) JobEnded: {'identifier': 'opennav_coverage_msgs', 'rc': 0}
[9.165705] (opennav_coverage_bt) JobStarted: {'identifier': 'opennav_coverage_bt'}
[9.172532] (opennav_coverage_bt) JobProgress: {'identifier': 'opennav_coverage_bt', 'progress': 'cmake'}
[9.172983] (opennav_coverage_bt) Command: {'cmd': ['/usr/bin/cmake', '/home/ws/src/opennav_coverage/opennav_coverage_bt', '-DCMAKE_INSTALL_PREFIX=/home/ws/install/opennav_coverage_bt'], 'cwd': '/home/ws/build/opennav_coverage_bt', 'env': OrderedDict({'PYTHON_BASIC_REPL': '1', 'GZ_SIM_RESOURCE_PATH': '/opt/ros/jazzy/share', 'GZ_CONFIG_PATH': '/opt/ros/jazzy/opt/gz_sim_vendor/share/gz:/opt/ros/jazzy/opt/sdformat_vendor/share/gz:/opt/ros/jazzy/opt/gz_gui_vendor/share/gz:/opt/ros/jazzy/opt/gz_transport_vendor/share/gz:/opt/ros/jazzy/opt/gz_rendering_vendor/share/gz:/opt/ros/jazzy/opt/gz_plugin_vendor/share/gz:/opt/ros/jazzy/opt/gz_fuel_tools_vendor/share/gz:/opt/ros/jazzy/opt/gz_msgs_vendor/share/gz:/opt/ros/jazzy/opt/gz_common_vendor/share/gz', 'HOSTNAME': 'robotik-MS-7E27', 'GIT_ASKPASS': '/vscode/vscode-server/bin/linux-x64/0f0d87fa9e96c856c5212fc86db137ac0d783365/extensions/git/dist/askpass.sh', 'SHLVL': '2', 'LD_LIBRARY_PATH': '/home/ws/install/opennav_coverage_msgs/lib:/home/ws/install/opennav_coverage_bt/lib:/home/ws/install/opennav_coverage/lib:/home/ws/install/fields2cover/lib:/opt/ros/jazzy/opt/gz_sim_vendor/lib:/opt/ros/jazzy/opt/gz_sensors_vendor/lib:/opt/ros/jazzy/opt/gz_physics_vendor/lib:/opt/ros/jazzy/opt/sdformat_vendor/lib:/opt/ros/jazzy/opt/rviz_ogre_vendor/lib:/opt/ros/jazzy/lib/x86_64-linux-gnu:/opt/ros/jazzy/opt/gz_gui_vendor/lib:/opt/ros/jazzy/opt/gz_transport_vendor/lib:/opt/ros/jazzy/opt/gz_rendering_vendor/lib:/opt/ros/jazzy/opt/gz_plugin_vendor/lib:/opt/ros/jazzy/opt/gz_fuel_tools_vendor/lib:/opt/ros/jazzy/opt/gz_msgs_vendor/lib:/opt/ros/jazzy/opt/gz_common_vendor/lib:/opt/ros/jazzy/opt/gz_math_vendor/lib:/opt/ros/jazzy/opt/gz_utils_vendor/lib:/opt/ros/jazzy/opt/gz_tools_vendor/lib:/opt/ros/jazzy/opt/gz_ogre_next_vendor/lib:/opt/ros/jazzy/opt/gz_dartsim_vendor/lib:/opt/ros/jazzy/opt/gz_cmake_vendor/lib:/opt/ros/jazzy/lib', 'BROWSER': '/vscode/vscode-server/bin/linux-x64/0f0d87fa9e96c856c5212fc86db137ac0d783365/bin/helpers/browser.sh', 'HOME': '/home/robotik', 'OLDPWD': '/home/ws', 'TERM_PROGRAM_VERSION': '1.104.1', 'VSCODE_IPC_HOOK_CLI': '/tmp/vscode-ipc-34229b74-0b4a-4ada-80c6-49487c911e82.sock', 'ROS_PYTHON_VERSION': '3', 'GK_GL_PATH': '/tmp/gitkraken/gitlens/gitlens-ipc-server-51464-40011.json', 'VSCODE_GIT_ASKPASS_MAIN': '/vscode/vscode-server/bin/linux-x64/0f0d87fa9e96c856c5212fc86db137ac0d783365/extensions/git/dist/askpass-main.js', 'VSCODE_GIT_ASKPASS_NODE': '/vscode/vscode-server/bin/linux-x64/0f0d87fa9e96c856c5212fc86db137ac0d783365/node', 'VSCODE_PYTHON_AUTOACTIVATE_GUARD': '1', 'COLORTERM': 'truecolor', 'REMOTE_CONTAINERS': 'true', 'COLCON_PREFIX_PATH': '/home/ws/install', 'ROS_DISTRO': 'jazzy', 'REMOTE_CONTAINERS_IPC': '/tmp/vscode-remote-containers-ipc-4e417db4-7c1a-4b01-af48-e54fed4a36cc.sock', '_': '/usr/bin/colcon', 'ROS_VERSION': '2', 'PKG_CONFIG_PATH': '/home/ws/install/fields2cover/lib/x86_64-linux-gnu/pkgconfig:/home/ws/install/fields2cover/lib/pkgconfig', 'TERM': 'xterm-256color', 'ROS_LOCALHOST_ONLY': '1', 'QT_X11_NO_MITSHM': '1', 'PATH': '/vscode/vscode-server/bin/linux-x64/0f0d87fa9e96c856c5212fc86db137ac0d783365/bin/remote-cli:/opt/ros/jazzy/opt/gz_msgs_vendor/bin:/opt/ros/jazzy/opt/gz_tools_vendor/bin:/opt/ros/jazzy/opt/gz_ogre_next_vendor/bin:/opt/ros/jazzy/bin:/usr/local/sbin:/usr/local/bin:/usr/sbin:/usr/bin:/sbin:/bin', 'REMOTE_CONTAINERS_SOCKETS': '["/tmp/vscode-ssh-auth-4e417db4-7c1a-4b01-af48-e54fed4a36cc.sock","/home/robotik/.gnupg/S.gpg-agent"]', 'DISPLAY': ':1', 'LANG': 'C.UTF-8', 'PYTHONSTARTUP': '/home/robotik/.vscode-server/data/User/workspaceStorage/c9fa6eec5cd49662c868376ad1ad25b6/ms-python.python/pythonrc.py', 'LS_COLORS': 'rs=0:di=01;34:ln=01;36:mh=00:pi=40;33:so=01;35:do=01;35:bd=40;33;01:cd=40;33;01:or=40;31;01:mi=00:su=37;41:sg=30;43:ca=00:tw=30;42:ow=34;42:st=37;44:ex=01;32:*.tar=01;31:*.tgz=01;31:*.arc=01;31:*.arj=01;31:*.taz=01;31:*.lha=01;31:*.lz4=01;31:*.lzh=01;31:*.lzma=01;31:*.tlz=01;31:*.txz=01;31:*.tzo=01;31:*.t7z=01;31:*.zip=01;31:*.z=01;31:*.dz=01;31:*.gz=01;31:*.lrz=01;31:*.lz=01;31:*.lzo=01;31:*.xz=01;31:*.zst=01;31:*.tzst=01;31:*.bz2=01;31:*.bz=01;31:*.tbz=01;31:*.tbz2=01;31:*.tz=01;31:*.deb=01;31:*.rpm=01;31:*.jar=01;31:*.war=01;31:*.ear=01;31:*.sar=01;31:*.rar=01;31:*.alz=01;31:*.ace=01;31:*.zoo=01;31:*.cpio=01;31:*.7z=01;31:*.rz=01;31:*.cab=01;31:*.wim=01;31:*.swm=01;31:*.dwm=01;31:*.esd=01;31:*.avif=01;35:*.jpg=01;35:*.jpeg=01;35:*.mjpg=01;35:*.mjpeg=01;35:*.gif=01;35:*.bmp=01;35:*.pbm=01;35:*.pgm=01;35:*.ppm=01;35:*.tga=01;35:*.xbm=01;35:*.xpm=01;35:*.tif=01;35:*.tiff=01;35:*.png=01;35:*.svg=01;35:*.svgz=01;35:*.mng=01;35:*.pcx=01;35:*.mov=01;35:*.mpg=01;35:*.mpeg=01;35:*.m2v=01;35:*.mkv=01;35:*.webm=01;35:*.webp=01;35:*.ogm=01;35:*.mp4=01;35:*.m4v=01;35:*.mp4v=01;35:*.vob=01;35:*.qt=01;35:*.nuv=01;35:*.wmv=01;35:*.asf=01;35:*.rm=01;35:*.rmvb=01;35:*.flc=01;35:*.avi=01;35:*.fli=01;35:*.flv=01;35:*.gl=01;35:*.dl=01;35:*.xcf=01;35:*.xwd=01;35:*.yuv=01;35:*.cgm=01;35:*.emf=01;35:*.ogv=01;35:*.ogx=01;35:*.aac=00;36:*.au=00;36:*.flac=00;36:*.m4a=00;36:*.mid=00;36:*.midi=00;36:*.mka=00;36:*.mp3=00;36:*.mpc=00;36:*.ogg=00;36:*.ra=00;36:*.wav=00;36:*.oga=00;36:*.opus=00;36:*.spx=00;36:*.xspf=00;36:*~=00;90:*#=00;90:*.bak=00;90:*.crdownload=00;90:*.dpkg-dist=00;90:*.dpkg-new=00;90:*.dpkg-old=00;90:*.dpkg-tmp=00;90:*.old=00;90:*.orig=00;90:*.part=00;90:*.rej=00;90:*.rpmnew=00;90:*.rpmorig=00;90:*.rpmsave=00;90:*.swp=00;90:*.tmp=00;90:*.ucf-dist=00;90:*.ucf-new=00;90:*.ucf-old=00;90:', 'VSCODE_GIT_IPC_HANDLE': '/tmp/vscode-git-097b13c4b4.sock', 'TERM_PROGRAM': 'vscode', 'SSH_AUTH_SOCK': '/tmp/vscode-ssh-auth-4e417db4-7c1a-4b01-af48-e54fed4a36cc.sock', 'ROS_DOMAIN_ID': '42', 'AMENT_PREFIX_PATH': '/home/ws/install/opennav_coverage_bt:/home/ws/install/opennav_coverage:/home/ws/install/opennav_coverage_msgs:/home/ws/install/temizlik_navigation:/opt/ros/jazzy', 'SHELL': '/bin/bash', 'GK_GL_ADDR': 'http://127.0.0.1:40011', 'ROS_AUTOMATIC_DISCOVERY_RANGE': 'SUBNET', 'VSCODE_GIT_ASKPASS_EXTRA_ARGS': '', 'PWD': '/home/ws/build/opennav_coverage_bt', 'TURTLEBOT3_MODEL': 'burger', 'LC_ALL': 'C.UTF-8', 'PYTHONPATH': '/home/ws/install/opennav_coverage_msgs/lib/python3.12/site-packages:/opt/ros/jazzy/lib/python3.12/site-packages', 'COLCON': '1', 'CMAKE_PREFIX_PATH': '/home/ws/install/opennav_coverage_msgs:/home/ws/install/opennav_coverage_bt:/home/ws/install/opennav_coverage:/home/ws/install/fields2cover:/home/ws/install/temizlik_navigation:/opt/ros/jazzy/opt/gz_sim_vendor:/opt/ros/jazzy/opt/gz_sensors_vendor:/opt/ros/jazzy/opt/gz_physics_vendor:/opt/ros/jazzy/opt/sdformat_vendor:/opt/ros/jazzy/opt/gz_gui_vendor:/opt/ros/jazzy/opt/gz_transport_vendor:/opt/ros/jazzy/opt/gz_rendering_vendor:/opt/ros/jazzy/opt/gz_plugin_vendor:/opt/ros/jazzy/opt/gz_fuel_tools_vendor:/opt/ros/jazzy/opt/gz_msgs_vendor:/opt/ros/jazzy/opt/gz_common_vendor:/opt/ros/jazzy/opt/gz_math_vendor:/opt/ros/jazzy/opt/gz_utils_vendor:/opt/ros/jazzy/opt/gz_tools_vendor:/opt/ros/jazzy/opt/gz_ogre_next_vendor:/opt/ros/jazzy/opt/gz_dartsim_vendor:/opt/ros/jazzy/opt/gz_cmake_vendor:/opt/ros/jazzy'}), 'shell': False}
[9.216273] (opennav_coverage_bt) StdoutLine: {'line': b'-- The C compiler identification is GNU 13.3.0\n'}
[9.223165] (-) TimerEvent: {}
[9.255106] (opennav_coverage_bt) StdoutLine: {'line': b'-- The CXX compiler identification is GNU 13.3.0\n'}
[9.269012] (opennav_coverage_bt) StdoutLine: {'line': b'-- Detecting C compiler ABI info\n'}
[9.323266] (-) TimerEvent: {}
[9.342588] (opennav_coverage_bt) StdoutLine: {'line': b'-- Detecting C compiler ABI info - done\n'}
[9.348490] (opennav_coverage_bt) StdoutLine: {'line': b'-- Check for working C compiler: /usr/bin/cc - skipped\n'}
[9.348642] (opennav_coverage_bt) StdoutLine: {'line': b'-- Detecting C compile features\n'}
[9.348878] (opennav_coverage_bt) StdoutLine: {'line': b'-- Detecting C compile features - done\n'}
[9.356689] (opennav_coverage_bt) StdoutLine: {'line': b'-- Detecting CXX compiler ABI info\n'}
[9.423333] (-) TimerEvent: {}
[9.435727] (opennav_coverage_bt) StdoutLine: {'line': b'-- Detecting CXX compiler ABI info - done\n'}
[9.441167] (opennav_coverage_bt) StdoutLine: {'line': b'-- Check for working CXX compiler: /usr/bin/c++ - skipped\n'}
[9.441348] (opennav_coverage_bt) StdoutLine: {'line': b'-- Detecting CXX compile features\n'}
[9.441616] (opennav_coverage_bt) StdoutLine: {'line': b'-- Detecting CXX compile features - done\n'}
[9.446464] (opennav_coverage_bt) StdoutLine: {'line': b'-- Found ament_cmake: 2.5.5 (/opt/ros/jazzy/share/ament_cmake/cmake)\n'}
[9.523409] (-) TimerEvent: {}
[9.561202] (opennav_coverage_bt) StdoutLine: {'line': b'-- Found Python3: /usr/bin/python3 (found version "3.12.3") found components: Interpreter \n'}
[9.623501] (-) TimerEvent: {}
[9.667837] (opennav_coverage_bt) StdoutLine: {'line': b'-- Found rclcpp: 28.1.16 (/opt/ros/jazzy/share/rclcpp/cmake)\n'}
[9.720787] (opennav_coverage_bt) StdoutLine: {'line': b'-- Found rosidl_generator_c: 4.6.7 (/opt/ros/jazzy/share/rosidl_generator_c/cmake)\n'}
[9.723559] (-) TimerEvent: {}
[9.738606] (opennav_coverage_bt) StdoutLine: {'line': b'-- Found rosidl_generator_cpp: 4.6.7 (/opt/ros/jazzy/share/rosidl_generator_cpp/cmake)\n'}
[9.757646] (opennav_coverage_bt) StdoutLine: {'line': b'-- Using all available rosidl_typesupport_c: rosidl_typesupport_fastrtps_c;rosidl_typesupport_introspection_c\n'}
[9.777542] (opennav_coverage_bt) StdoutLine: {'line': b'-- Using all available rosidl_typesupport_cpp: rosidl_typesupport_fastrtps_cpp;rosidl_typesupport_introspection_cpp\n'}
[9.823658] (-) TimerEvent: {}
[9.860376] (opennav_coverage_bt) StdoutLine: {'line': b'-- Found rmw_implementation_cmake: 7.3.3 (/opt/ros/jazzy/share/rmw_implementation_cmake/cmake)\n'}
[9.863357] (opennav_coverage_bt) StdoutLine: {'line': b'-- Found rmw_fastrtps_cpp: 8.4.3 (/opt/ros/jazzy/share/rmw_fastrtps_cpp/cmake)\n'}
[9.923742] (-) TimerEvent: {}
[9.949850] (opennav_coverage_bt) StdoutLine: {'line': b'-- Found OpenSSL: /usr/lib/x86_64-linux-gnu/libcrypto.so (found version "3.0.13")  \n'}
[9.964386] (opennav_coverage_bt) StdoutLine: {'line': b'-- Found FastRTPS: /opt/ros/jazzy/include (Required is at least version "2.13") \n'}
[9.980645] (opennav_coverage_bt) StdoutLine: {'line': b"-- Using RMW implementation 'rmw_fastrtps_cpp' as default\n"}
[10.023829] (-) TimerEvent: {}
[10.050376] (opennav_coverage_bt) StdoutLine: {'line': b'-- Found rclcpp_action: 28.1.16 (/opt/ros/jazzy/share/rclcpp_action/cmake)\n'}
[10.056415] (fields2cover) StdoutLine: {'line': b'-- Found Python3: /usr/bin/python3 (found version "3.12.3") found components: Interpreter Development Development.Module Development.Embed \n'}
[10.091510] (opennav_coverage_bt) StdoutLine: {'line': b'-- Found std_msgs: 5.3.6 (/opt/ros/jazzy/share/std_msgs/cmake)\n'}
[10.103788] (opennav_coverage_bt) StdoutLine: {'line': b'-- Found nav2_util: 1.3.10 (/opt/ros/jazzy/share/nav2_util/cmake)\n'}
[10.123914] (-) TimerEvent: {}
[10.199240] (fields2cover) StdoutLine: {'line': b'-- Found Python3: /usr/include/python3.12 (found version "3.12.3") found components: NumPy Interpreter Development.Module \n'}
[10.206036] (fields2cover) StdoutLine: {'line': b'-- Found GDAL: /usr/lib/x86_64-linux-gnu/libgdal.so (found suitable version "3.8.4", minimum required is "3.0") \n'}
[10.223992] (-) TimerEvent: {}
[10.300611] (fields2cover) StdoutLine: {'line': b'-- Found GTest: /usr/lib/x86_64-linux-gnu/cmake/GTest/GTestConfig.cmake (found version "1.14.0")  \n'}
[10.305038] (fields2cover) StdoutLine: {'line': b'-- Configuring done (10.3s)\n'}
[10.305182] (opennav_coverage_bt) StdoutLine: {'line': b'-- Found eigen3_cmake_module: 0.3.0 (/opt/ros/jazzy/share/eigen3_cmake_module/cmake)\n'}
[10.306025] (opennav_coverage_bt) StdoutLine: {'line': b'-- Found Eigen3: TRUE (found version "3.4.0") \n'}
[10.306119] (opennav_coverage_bt) StdoutLine: {'line': b'-- Ensuring Eigen3 include directory is part of orocos-kdl CMake target\n'}
[10.324078] (-) TimerEvent: {}
[10.341577] (fields2cover) StdoutLine: {'line': b'-- Generating done (0.0s)\n'}
[10.349721] (fields2cover) StdoutLine: {'line': b'-- Build files have been written to: /home/ws/build/fields2cover\n'}
[10.355231] (fields2cover) CommandEnded: {'returncode': 0}
[10.355581] (fields2cover) JobProgress: {'identifier': 'fields2cover', 'progress': 'build'}
[10.355871] (fields2cover) Command: {'cmd': ['/usr/bin/cmake', '--build', '/home/ws/build/fields2cover', '--', '-j12', '-l12'], 'cwd': '/home/ws/build/fields2cover', 'env': OrderedDict({'PYTHON_BASIC_REPL': '1', 'GZ_SIM_RESOURCE_PATH': '/opt/ros/jazzy/share', 'GZ_CONFIG_PATH': '/opt/ros/jazzy/opt/gz_sim_vendor/share/gz:/opt/ros/jazzy/opt/sdformat_vendor/share/gz:/opt/ros/jazzy/opt/gz_gui_vendor/share/gz:/opt/ros/jazzy/opt/gz_transport_vendor/share/gz:/opt/ros/jazzy/opt/gz_rendering_vendor/share/gz:/opt/ros/jazzy/opt/gz_plugin_vendor/share/gz:/opt/ros/jazzy/opt/gz_fuel_tools_vendor/share/gz:/opt/ros/jazzy/opt/gz_msgs_vendor/share/gz:/opt/ros/jazzy/opt/gz_common_vendor/share/gz', 'HOSTNAME': 'robotik-MS-7E27', 'GIT_ASKPASS': '/vscode/vscode-server/bin/linux-x64/0f0d87fa9e96c856c5212fc86db137ac0d783365/extensions/git/dist/askpass.sh', 'SHLVL': '2', 'LD_LIBRARY_PATH': '/home/ws/install/opennav_coverage_bt/lib:/home/ws/install/opennav_coverage/lib:/home/ws/install/opennav_coverage_msgs/lib:/home/ws/install/fields2cover/lib:/opt/ros/jazzy/opt/gz_sim_vendor/lib:/opt/ros/jazzy/opt/gz_sensors_vendor/lib:/opt/ros/jazzy/opt/gz_physics_vendor/lib:/opt/ros/jazzy/opt/sdformat_vendor/lib:/opt/ros/jazzy/opt/rviz_ogre_vendor/lib:/opt/ros/jazzy/lib/x86_64-linux-gnu:/opt/ros/jazzy/opt/gz_gui_vendor/lib:/opt/ros/jazzy/opt/gz_transport_vendor/lib:/opt/ros/jazzy/opt/gz_rendering_vendor/lib:/opt/ros/jazzy/opt/gz_plugin_vendor/lib:/opt/ros/jazzy/opt/gz_fuel_tools_vendor/lib:/opt/ros/jazzy/opt/gz_msgs_vendor/lib:/opt/ros/jazzy/opt/gz_common_vendor/lib:/opt/ros/jazzy/opt/gz_math_vendor/lib:/opt/ros/jazzy/opt/gz_utils_vendor/lib:/opt/ros/jazzy/opt/gz_tools_vendor/lib:/opt/ros/jazzy/opt/gz_ogre_next_vendor/lib:/opt/ros/jazzy/opt/gz_dartsim_vendor/lib:/opt/ros/jazzy/opt/gz_cmake_vendor/lib:/opt/ros/jazzy/lib', 'BROWSER': '/vscode/vscode-server/bin/linux-x64/0f0d87fa9e96c856c5212fc86db137ac0d783365/bin/helpers/browser.sh', 'HOME': '/home/robotik', 'OLDPWD': '/home/ws', 'TERM_PROGRAM_VERSION': '1.104.1', 'VSCODE_IPC_HOOK_CLI': '/tmp/vscode-ipc-34229b74-0b4a-4ada-80c6-49487c911e82.sock', 'ROS_PYTHON_VERSION': '3', 'GK_GL_PATH': '/tmp/gitkraken/gitlens/gitlens-ipc-server-51464-40011.json', 'VSCODE_GIT_ASKPASS_MAIN': '/vscode/vscode-server/bin/linux-x64/0f0d87fa9e96c856c5212fc86db137ac0d783365/extensions/git/dist/askpass-main.js', 'VSCODE_GIT_ASKPASS_NODE': '/vscode/vscode-server/bin/linux-x64/0f0d87fa9e96c856c5212fc86db137ac0d783365/node', 'VSCODE_PYTHON_AUTOACTIVATE_GUARD': '1', 'COLORTERM': 'truecolor', 'REMOTE_CONTAINERS': 'true', 'COLCON_PREFIX_PATH': '/home/ws/install', 'ROS_DISTRO': 'jazzy', 'REMOTE_CONTAINERS_IPC': '/tmp/vscode-remote-containers-ipc-4e417db4-7c1a-4b01-af48-e54fed4a36cc.sock', '_': '/usr/bin/colcon', 'ROS_VERSION': '2', 'PKG_CONFIG_PATH': '/home/ws/install/fields2cover/lib/x86_64-linux-gnu/pkgconfig:/home/ws/install/fields2cover/lib/pkgconfig', 'TERM': 'xterm-256color', 'ROS_LOCALHOST_ONLY': '1', 'QT_X11_NO_MITSHM': '1', 'PATH': '/vscode/vscode-server/bin/linux-x64/0f0d87fa9e96c856c5212fc86db137ac0d783365/bin/remote-cli:/opt/ros/jazzy/opt/gz_msgs_vendor/bin:/opt/ros/jazzy/opt/gz_tools_vendor/bin:/opt/ros/jazzy/opt/gz_ogre_next_vendor/bin:/opt/ros/jazzy/bin:/usr/local/sbin:/usr/local/bin:/usr/sbin:/usr/bin:/sbin:/bin', 'REMOTE_CONTAINERS_SOCKETS': '["/tmp/vscode-ssh-auth-4e417db4-7c1a-4b01-af48-e54fed4a36cc.sock","/home/robotik/.gnupg/S.gpg-agent"]', 'DISPLAY': ':1', 'LANG': 'C.UTF-8', 'PYTHONSTARTUP': '/home/robotik/.vscode-server/data/User/workspaceStorage/c9fa6eec5cd49662c868376ad1ad25b6/ms-python.python/pythonrc.py', 'LS_COLORS': 'rs=0:di=01;34:ln=01;36:mh=00:pi=40;33:so=01;35:do=01;35:bd=40;33;01:cd=40;33;01:or=40;31;01:mi=00:su=37;41:sg=30;43:ca=00:tw=30;42:ow=34;42:st=37;44:ex=01;32:*.tar=01;31:*.tgz=01;31:*.arc=01;31:*.arj=01;31:*.taz=01;31:*.lha=01;31:*.lz4=01;31:*.lzh=01;31:*.lzma=01;31:*.tlz=01;31:*.txz=01;31:*.tzo=01;31:*.t7z=01;31:*.zip=01;31:*.z=01;31:*.dz=01;31:*.gz=01;31:*.lrz=01;31:*.lz=01;31:*.lzo=01;31:*.xz=01;31:*.zst=01;31:*.tzst=01;31:*.bz2=01;31:*.bz=01;31:*.tbz=01;31:*.tbz2=01;31:*.tz=01;31:*.deb=01;31:*.rpm=01;31:*.jar=01;31:*.war=01;31:*.ear=01;31:*.sar=01;31:*.rar=01;31:*.alz=01;31:*.ace=01;31:*.zoo=01;31:*.cpio=01;31:*.7z=01;31:*.rz=01;31:*.cab=01;31:*.wim=01;31:*.swm=01;31:*.dwm=01;31:*.esd=01;31:*.avif=01;35:*.jpg=01;35:*.jpeg=01;35:*.mjpg=01;35:*.mjpeg=01;35:*.gif=01;35:*.bmp=01;35:*.pbm=01;35:*.pgm=01;35:*.ppm=01;35:*.tga=01;35:*.xbm=01;35:*.xpm=01;35:*.tif=01;35:*.tiff=01;35:*.png=01;35:*.svg=01;35:*.svgz=01;35:*.mng=01;35:*.pcx=01;35:*.mov=01;35:*.mpg=01;35:*.mpeg=01;35:*.m2v=01;35:*.mkv=01;35:*.webm=01;35:*.webp=01;35:*.ogm=01;35:*.mp4=01;35:*.m4v=01;35:*.mp4v=01;35:*.vob=01;35:*.qt=01;35:*.nuv=01;35:*.wmv=01;35:*.asf=01;35:*.rm=01;35:*.rmvb=01;35:*.flc=01;35:*.avi=01;35:*.fli=01;35:*.flv=01;35:*.gl=01;35:*.dl=01;35:*.xcf=01;35:*.xwd=01;35:*.yuv=01;35:*.cgm=01;35:*.emf=01;35:*.ogv=01;35:*.ogx=01;35:*.aac=00;36:*.au=00;36:*.flac=00;36:*.m4a=00;36:*.mid=00;36:*.midi=00;36:*.mka=00;36:*.mp3=00;36:*.mpc=00;36:*.ogg=00;36:*.ra=00;36:*.wav=00;36:*.oga=00;36:*.opus=00;36:*.spx=00;36:*.xspf=00;36:*~=00;90:*#=00;90:*.bak=00;90:*.crdownload=00;90:*.dpkg-dist=00;90:*.dpkg-new=00;90:*.dpkg-old=00;90:*.dpkg-tmp=00;90:*.old=00;90:*.orig=00;90:*.part=00;90:*.rej=00;90:*.rpmnew=00;90:*.rpmorig=00;90:*.rpmsave=00;90:*.swp=00;90:*.tmp=00;90:*.ucf-dist=00;90:*.ucf-new=00;90:*.ucf-old=00;90:', 'VSCODE_GIT_IPC_HANDLE': '/tmp/vscode-git-097b13c4b4.sock', 'TERM_PROGRAM': 'vscode', 'SSH_AUTH_SOCK': '/tmp/vscode-ssh-auth-4e417db4-7c1a-4b01-af48-e54fed4a36cc.sock', 'ROS_DOMAIN_ID': '42', 'AMENT_PREFIX_PATH': '/home/ws/install/opennav_coverage_bt:/home/ws/install/opennav_coverage:/home/ws/install/opennav_coverage_msgs:/home/ws/install/temizlik_navigation:/opt/ros/jazzy', 'SHELL': '/bin/bash', 'GK_GL_ADDR': 'http://127.0.0.1:40011', 'ROS_AUTOMATIC_DISCOVERY_RANGE': 'SUBNET', 'VSCODE_GIT_ASKPASS_EXTRA_ARGS': '', 'PWD': '/home/ws/build/fields2cover', 'TURTLEBOT3_MODEL': 'burger', 'LC_ALL': 'C.UTF-8', 'PYTHONPATH': '/home/ws/install/opennav_coverage_msgs/lib/python3.12/site-packages:/opt/ros/jazzy/lib/python3.12/site-packages', 'COLCON': '1', 'CMAKE_PREFIX_PATH': '/home/ws/install/opennav_coverage_bt:/home/ws/install/opennav_coverage:/home/ws/install/opennav_coverage_msgs:/home/ws/install/fields2cover:/home/ws/install/temizlik_navigation:/opt/ros/jazzy/opt/gz_sim_vendor:/opt/ros/jazzy/opt/gz_sensors_vendor:/opt/ros/jazzy/opt/gz_physics_vendor:/opt/ros/jazzy/opt/sdformat_vendor:/opt/ros/jazzy/opt/gz_gui_vendor:/opt/ros/jazzy/opt/gz_transport_vendor:/opt/ros/jazzy/opt/gz_rendering_vendor:/opt/ros/jazzy/opt/gz_plugin_vendor:/opt/ros/jazzy/opt/gz_fuel_tools_vendor:/opt/ros/jazzy/opt/gz_msgs_vendor:/opt/ros/jazzy/opt/gz_common_vendor:/opt/ros/jazzy/opt/gz_math_vendor:/opt/ros/jazzy/opt/gz_utils_vendor:/opt/ros/jazzy/opt/gz_tools_vendor:/opt/ros/jazzy/opt/gz_ogre_next_vendor:/opt/ros/jazzy/opt/gz_dartsim_vendor:/opt/ros/jazzy/opt/gz_cmake_vendor:/opt/ros/jazzy'}), 'shell': False}
[10.392908] (opennav_coverage_bt) StdoutLine: {'line': b'-- Found nav2_core: 1.3.10 (/opt/ros/jazzy/share/nav2_core/cmake)\n'}
[10.401250] (fields2cover) StdoutLine: {'line': b'[  4%] \x1b[32mBuilding CXX object _deps/steering_functions-build/CMakeFiles/steering_functions.dir/src/dubins_state_space/dubins_state_space.cpp.o\x1b[0m\n'}
[10.401454] (fields2cover) StdoutLine: {'line': b'[  4%] \x1b[32mBuilding CXX object _deps/steering_functions-build/CMakeFiles/steering_functions.dir/src/hc_cc_state_space/cc00_dubins_state_space.cpp.o\x1b[0m\n'}
[10.401552] (fields2cover) StdoutLine: {'line': b'[  4%] \x1b[32mBuilding CXX object _deps/tinyxml2-build/CMakeFiles/tinyxml2.dir/tinyxml2.cpp.o\x1b[0m\n'}
[10.401638] (fields2cover) StdoutLine: {'line': b'[  4%] \x1b[32mBuilding CXX object _deps/steering_functions-build/CMakeFiles/steering_functions.dir/src/utilities/utilities.cpp.o\x1b[0m\n'}
[10.401720] (fields2cover) StdoutLine: {'line': b'[  4%] \x1b[32mBuilding CXX object _deps/steering_functions-build/CMakeFiles/steering_functions.dir/src/reeds_shepp_state_space/reeds_shepp_state_space.cpp.o\x1b[0m\n'}
[10.402096] (fields2cover) StdoutLine: {'line': b'[  5%] \x1b[32mBuilding CXX object _deps/steering_functions-build/CMakeFiles/steering_functions.dir/src/hc_cc_state_space/cc00_reeds_shepp_state_space.cpp.o\x1b[0m\n'}
[10.403315] (fields2cover) StdoutLine: {'line': b'[  6%] \x1b[32mBuilding CXX object _deps/steering_functions-build/CMakeFiles/steering_functions.dir/src/hc_cc_state_space/cc_dubins_state_space.cpp.o\x1b[0m\n'}
[10.405460] (fields2cover) StdoutLine: {'line': b'[  7%] \x1b[32mBuilding CXX object _deps/steering_functions-build/CMakeFiles/steering_functions.dir/src/hc_cc_state_space/cc0pm_dubins_state_space.cpp.o\x1b[0m\n'}
[10.409224] (fields2cover) StdoutLine: {'line': b'[  8%] \x1b[32mBuilding CXX object _deps/steering_functions-build/CMakeFiles/steering_functions.dir/src/hc_cc_state_space/ccpm0_dubins_state_space.cpp.o\x1b[0m\n'}
[10.410532] (fields2cover) StdoutLine: {'line': b'[  8%] \x1b[32mBuilding CXX object _deps/steering_functions-build/CMakeFiles/steering_functions.dir/src/hc_cc_state_space/ccpmpm_dubins_state_space.cpp.o\x1b[0m\n'}
[10.423157] (fields2cover) StdoutLine: {'line': b'[  9%] \x1b[32mBuilding CXX object _deps/steering_functions-build/CMakeFiles/steering_functions.dir/src/hc_cc_state_space/hc00_reeds_shepp_state_space.cpp.o\x1b[0m\n'}
[10.424140] (-) TimerEvent: {}
[10.431350] (fields2cover) StdoutLine: {'line': b'[ 10%] \x1b[32mBuilding CXX object _deps/steering_functions-build/CMakeFiles/steering_functions.dir/src/hc_cc_state_space/configuration.cpp.o\x1b[0m\n'}
[10.527349] (-) TimerEvent: {}
[10.627633] (-) TimerEvent: {}
[10.702045] (opennav_coverage_bt) StdoutLine: {'line': b'-- Found opennav_coverage_msgs: 0.0.1 (/home/ws/install/opennav_coverage_msgs/share/opennav_coverage_msgs/cmake)\n'}
[10.727734] (-) TimerEvent: {}
[10.809866] (fields2cover) StdoutLine: {'line': b'[ 11%] \x1b[32mBuilding CXX object _deps/steering_functions-build/CMakeFiles/steering_functions.dir/src/hc_cc_state_space/hc0pm_reeds_shepp_state_space.cpp.o\x1b[0m\n'}
[10.827835] (-) TimerEvent: {}
[10.884682] (opennav_coverage_bt) StdoutLine: {'line': b'-- Found ament_lint_auto: 0.17.4 (/opt/ros/jazzy/share/ament_lint_auto/cmake)\n'}
[10.892698] (opennav_coverage_bt) StdoutLine: {'line': b'-- Found ament_cmake_gtest: 2.5.5 (/opt/ros/jazzy/share/ament_cmake_gtest/cmake)\n'}
[10.930321] (-) TimerEvent: {}
[11.030592] (-) TimerEvent: {}
[11.031225] (fields2cover) StdoutLine: {'line': b'[ 12%] \x1b[32mBuilding CXX object _deps/steering_functions-build/CMakeFiles/steering_functions.dir/src/hc_cc_state_space/hc_cc_circle.cpp.o\x1b[0m\n'}
[11.056065] (opennav_coverage_bt) StdoutLine: {'line': b"-- Found gtest sources under '/opt/ros/jazzy/src/gtest_vendor': C++ tests using 'Google Test' will be built\n"}
[11.058891] (opennav_coverage_bt) StdoutLine: {'line': b'-- Performing Test CMAKE_HAVE_LIBC_PTHREAD\n'}
[11.116163] (fields2cover) StdoutLine: {'line': b'[ 12%] \x1b[32mBuilding CXX object _deps/steering_functions-build/CMakeFiles/steering_functions.dir/src/hc_cc_state_space/hc_cc_state_space.cpp.o\x1b[0m\n'}
[11.130690] (-) TimerEvent: {}
[11.140456] (fields2cover) StdoutLine: {'line': b'[ 13%] \x1b[32mBuilding CXX object _deps/steering_functions-build/CMakeFiles/steering_functions.dir/src/hc_cc_state_space/hc_reeds_shepp_state_space.cpp.o\x1b[0m\n'}
[11.155249] (fields2cover) StdoutLine: {'line': b'[ 14%] \x1b[32mBuilding CXX object _deps/steering_functions-build/CMakeFiles/steering_functions.dir/src/hc_cc_state_space/hcpm0_reeds_shepp_state_space.cpp.o\x1b[0m\n'}
[11.165654] (fields2cover) StdoutLine: {'line': b'[ 15%] \x1b[32mBuilding CXX object _deps/steering_functions-build/CMakeFiles/steering_functions.dir/src/hc_cc_state_space/hcpmpm_reeds_shepp_state_space.cpp.o\x1b[0m\n'}
[11.174036] (fields2cover) StdoutLine: {'line': b'[ 16%] \x1b[32mBuilding CXX object _deps/steering_functions-build/CMakeFiles/steering_functions.dir/src/hc_cc_state_space/paths.cpp.o\x1b[0m\n'}
[11.233333] (-) TimerEvent: {}
[11.259653] (opennav_coverage_bt) StdoutLine: {'line': b'-- Performing Test CMAKE_HAVE_LIBC_PTHREAD - Success\n'}
[11.260770] (opennav_coverage_bt) StdoutLine: {'line': b'-- Found Threads: TRUE  \n'}
[11.333433] (-) TimerEvent: {}
[11.433710] (-) TimerEvent: {}
[11.434431] (opennav_coverage_bt) StdoutLine: {'line': b"-- Added test 'copyright' to check source files copyright and LICENSE\n"}
[11.440363] (opennav_coverage_bt) StdoutLine: {'line': b"-- Added test 'cppcheck' to perform static code analysis on C / C++ code\n"}
[11.440511] (opennav_coverage_bt) StdoutLine: {'line': b'-- Configured cppcheck include dirs: /home/ws/src/opennav_coverage/opennav_coverage_bt/include\n'}
[11.440566] (opennav_coverage_bt) StdoutLine: {'line': b'-- Configured cppcheck exclude dirs and/or files: \n'}
[11.440613] (opennav_coverage_bt) StdoutLine: {'line': b"-- Added test 'cpplint' to check C / C++ code against the Google style\n"}
[11.440663] (opennav_coverage_bt) StdoutLine: {'line': b'-- Configured cpplint exclude dirs and/or files: \n'}
[11.441167] (opennav_coverage_bt) StdoutLine: {'line': b"-- Added test 'lint_cmake' to check CMake code style\n"}
[11.443394] (opennav_coverage_bt) StdoutLine: {'line': b"-- Added test 'uncrustify' to check C / C++ code style\n"}
[11.443476] (opennav_coverage_bt) StdoutLine: {'line': b'-- Configured uncrustify additional arguments: \n'}
[11.444661] (opennav_coverage_bt) StdoutLine: {'line': b"-- Added test 'xmllint' to check XML markup files\n"}
[11.456571] (opennav_coverage_bt) StdoutLine: {'line': b'-- Configuring done (2.3s)\n'}
[11.533809] (-) TimerEvent: {}
[11.624174] (fields2cover) StdoutLine: {'line': b'[ 17%] \x1b[32m\x1b[1mLinking CXX shared library libtinyxml2.so\x1b[0m\n'}
[11.633909] (-) TimerEvent: {}
[11.711270] (opennav_coverage_bt) StdoutLine: {'line': b'-- Generating done (0.2s)\n'}
[11.713167] (fields2cover) StdoutLine: {'line': b'[ 17%] Built target tinyxml2\n'}
[11.723303] (opennav_coverage_bt) StdoutLine: {'line': b'-- Build files have been written to: /home/ws/build/opennav_coverage_bt\n'}
[11.734007] (-) TimerEvent: {}
[11.736657] (fields2cover) StdoutLine: {'line': b'[ 18%] \x1b[32mBuilding CXX object _deps/tinyxml2-build/CMakeFiles/xmltest.dir/xmltest.cpp.o\x1b[0m\n'}
[11.738646] (opennav_coverage_bt) CommandEnded: {'returncode': 0}
[11.739096] (opennav_coverage_bt) JobProgress: {'identifier': 'opennav_coverage_bt', 'progress': 'build'}
[11.739329] (opennav_coverage_bt) Command: {'cmd': ['/usr/bin/cmake', '--build', '/home/ws/build/opennav_coverage_bt', '--', '-j12', '-l12'], 'cwd': '/home/ws/build/opennav_coverage_bt', 'env': OrderedDict({'PYTHON_BASIC_REPL': '1', 'GZ_SIM_RESOURCE_PATH': '/opt/ros/jazzy/share', 'GZ_CONFIG_PATH': '/opt/ros/jazzy/opt/gz_sim_vendor/share/gz:/opt/ros/jazzy/opt/sdformat_vendor/share/gz:/opt/ros/jazzy/opt/gz_gui_vendor/share/gz:/opt/ros/jazzy/opt/gz_transport_vendor/share/gz:/opt/ros/jazzy/opt/gz_rendering_vendor/share/gz:/opt/ros/jazzy/opt/gz_plugin_vendor/share/gz:/opt/ros/jazzy/opt/gz_fuel_tools_vendor/share/gz:/opt/ros/jazzy/opt/gz_msgs_vendor/share/gz:/opt/ros/jazzy/opt/gz_common_vendor/share/gz', 'HOSTNAME': 'robotik-MS-7E27', 'GIT_ASKPASS': '/vscode/vscode-server/bin/linux-x64/0f0d87fa9e96c856c5212fc86db137ac0d783365/extensions/git/dist/askpass.sh', 'SHLVL': '2', 'LD_LIBRARY_PATH': '/home/ws/install/opennav_coverage_msgs/lib:/home/ws/install/opennav_coverage_bt/lib:/home/ws/install/opennav_coverage/lib:/home/ws/install/fields2cover/lib:/opt/ros/jazzy/opt/gz_sim_vendor/lib:/opt/ros/jazzy/opt/gz_sensors_vendor/lib:/opt/ros/jazzy/opt/gz_physics_vendor/lib:/opt/ros/jazzy/opt/sdformat_vendor/lib:/opt/ros/jazzy/opt/rviz_ogre_vendor/lib:/opt/ros/jazzy/lib/x86_64-linux-gnu:/opt/ros/jazzy/opt/gz_gui_vendor/lib:/opt/ros/jazzy/opt/gz_transport_vendor/lib:/opt/ros/jazzy/opt/gz_rendering_vendor/lib:/opt/ros/jazzy/opt/gz_plugin_vendor/lib:/opt/ros/jazzy/opt/gz_fuel_tools_vendor/lib:/opt/ros/jazzy/opt/gz_msgs_vendor/lib:/opt/ros/jazzy/opt/gz_common_vendor/lib:/opt/ros/jazzy/opt/gz_math_vendor/lib:/opt/ros/jazzy/opt/gz_utils_vendor/lib:/opt/ros/jazzy/opt/gz_tools_vendor/lib:/opt/ros/jazzy/opt/gz_ogre_next_vendor/lib:/opt/ros/jazzy/opt/gz_dartsim_vendor/lib:/opt/ros/jazzy/opt/gz_cmake_vendor/lib:/opt/ros/jazzy/lib', 'BROWSER': '/vscode/vscode-server/bin/linux-x64/0f0d87fa9e96c856c5212fc86db137ac0d783365/bin/helpers/browser.sh', 'HOME': '/home/robotik', 'OLDPWD': '/home/ws', 'TERM_PROGRAM_VERSION': '1.104.1', 'VSCODE_IPC_HOOK_CLI': '/tmp/vscode-ipc-34229b74-0b4a-4ada-80c6-49487c911e82.sock', 'ROS_PYTHON_VERSION': '3', 'GK_GL_PATH': '/tmp/gitkraken/gitlens/gitlens-ipc-server-51464-40011.json', 'VSCODE_GIT_ASKPASS_MAIN': '/vscode/vscode-server/bin/linux-x64/0f0d87fa9e96c856c5212fc86db137ac0d783365/extensions/git/dist/askpass-main.js', 'VSCODE_GIT_ASKPASS_NODE': '/vscode/vscode-server/bin/linux-x64/0f0d87fa9e96c856c5212fc86db137ac0d783365/node', 'VSCODE_PYTHON_AUTOACTIVATE_GUARD': '1', 'COLORTERM': 'truecolor', 'REMOTE_CONTAINERS': 'true', 'COLCON_PREFIX_PATH': '/home/ws/install', 'ROS_DISTRO': 'jazzy', 'REMOTE_CONTAINERS_IPC': '/tmp/vscode-remote-containers-ipc-4e417db4-7c1a-4b01-af48-e54fed4a36cc.sock', '_': '/usr/bin/colcon', 'ROS_VERSION': '2', 'PKG_CONFIG_PATH': '/home/ws/install/fields2cover/lib/x86_64-linux-gnu/pkgconfig:/home/ws/install/fields2cover/lib/pkgconfig', 'TERM': 'xterm-256color', 'ROS_LOCALHOST_ONLY': '1', 'QT_X11_NO_MITSHM': '1', 'PATH': '/vscode/vscode-server/bin/linux-x64/0f0d87fa9e96c856c5212fc86db137ac0d783365/bin/remote-cli:/opt/ros/jazzy/opt/gz_msgs_vendor/bin:/opt/ros/jazzy/opt/gz_tools_vendor/bin:/opt/ros/jazzy/opt/gz_ogre_next_vendor/bin:/opt/ros/jazzy/bin:/usr/local/sbin:/usr/local/bin:/usr/sbin:/usr/bin:/sbin:/bin', 'REMOTE_CONTAINERS_SOCKETS': '["/tmp/vscode-ssh-auth-4e417db4-7c1a-4b01-af48-e54fed4a36cc.sock","/home/robotik/.gnupg/S.gpg-agent"]', 'DISPLAY': ':1', 'LANG': 'C.UTF-8', 'PYTHONSTARTUP': '/home/robotik/.vscode-server/data/User/workspaceStorage/c9fa6eec5cd49662c868376ad1ad25b6/ms-python.python/pythonrc.py', 'LS_COLORS': 'rs=0:di=01;34:ln=01;36:mh=00:pi=40;33:so=01;35:do=01;35:bd=40;33;01:cd=40;33;01:or=40;31;01:mi=00:su=37;41:sg=30;43:ca=00:tw=30;42:ow=34;42:st=37;44:ex=01;32:*.tar=01;31:*.tgz=01;31:*.arc=01;31:*.arj=01;31:*.taz=01;31:*.lha=01;31:*.lz4=01;31:*.lzh=01;31:*.lzma=01;31:*.tlz=01;31:*.txz=01;31:*.tzo=01;31:*.t7z=01;31:*.zip=01;31:*.z=01;31:*.dz=01;31:*.gz=01;31:*.lrz=01;31:*.lz=01;31:*.lzo=01;31:*.xz=01;31:*.zst=01;31:*.tzst=01;31:*.bz2=01;31:*.bz=01;31:*.tbz=01;31:*.tbz2=01;31:*.tz=01;31:*.deb=01;31:*.rpm=01;31:*.jar=01;31:*.war=01;31:*.ear=01;31:*.sar=01;31:*.rar=01;31:*.alz=01;31:*.ace=01;31:*.zoo=01;31:*.cpio=01;31:*.7z=01;31:*.rz=01;31:*.cab=01;31:*.wim=01;31:*.swm=01;31:*.dwm=01;31:*.esd=01;31:*.avif=01;35:*.jpg=01;35:*.jpeg=01;35:*.mjpg=01;35:*.mjpeg=01;35:*.gif=01;35:*.bmp=01;35:*.pbm=01;35:*.pgm=01;35:*.ppm=01;35:*.tga=01;35:*.xbm=01;35:*.xpm=01;35:*.tif=01;35:*.tiff=01;35:*.png=01;35:*.svg=01;35:*.svgz=01;35:*.mng=01;35:*.pcx=01;35:*.mov=01;35:*.mpg=01;35:*.mpeg=01;35:*.m2v=01;35:*.mkv=01;35:*.webm=01;35:*.webp=01;35:*.ogm=01;35:*.mp4=01;35:*.m4v=01;35:*.mp4v=01;35:*.vob=01;35:*.qt=01;35:*.nuv=01;35:*.wmv=01;35:*.asf=01;35:*.rm=01;35:*.rmvb=01;35:*.flc=01;35:*.avi=01;35:*.fli=01;35:*.flv=01;35:*.gl=01;35:*.dl=01;35:*.xcf=01;35:*.xwd=01;35:*.yuv=01;35:*.cgm=01;35:*.emf=01;35:*.ogv=01;35:*.ogx=01;35:*.aac=00;36:*.au=00;36:*.flac=00;36:*.m4a=00;36:*.mid=00;36:*.midi=00;36:*.mka=00;36:*.mp3=00;36:*.mpc=00;36:*.ogg=00;36:*.ra=00;36:*.wav=00;36:*.oga=00;36:*.opus=00;36:*.spx=00;36:*.xspf=00;36:*~=00;90:*#=00;90:*.bak=00;90:*.crdownload=00;90:*.dpkg-dist=00;90:*.dpkg-new=00;90:*.dpkg-old=00;90:*.dpkg-tmp=00;90:*.old=00;90:*.orig=00;90:*.part=00;90:*.rej=00;90:*.rpmnew=00;90:*.rpmorig=00;90:*.rpmsave=00;90:*.swp=00;90:*.tmp=00;90:*.ucf-dist=00;90:*.ucf-new=00;90:*.ucf-old=00;90:', 'VSCODE_GIT_IPC_HANDLE': '/tmp/vscode-git-097b13c4b4.sock', 'TERM_PROGRAM': 'vscode', 'SSH_AUTH_SOCK': '/tmp/vscode-ssh-auth-4e417db4-7c1a-4b01-af48-e54fed4a36cc.sock', 'ROS_DOMAIN_ID': '42', 'AMENT_PREFIX_PATH': '/home/ws/install/opennav_coverage_bt:/home/ws/install/opennav_coverage:/home/ws/install/opennav_coverage_msgs:/home/ws/install/temizlik_navigation:/opt/ros/jazzy', 'SHELL': '/bin/bash', 'GK_GL_ADDR': 'http://127.0.0.1:40011', 'ROS_AUTOMATIC_DISCOVERY_RANGE': 'SUBNET', 'VSCODE_GIT_ASKPASS_EXTRA_ARGS': '', 'PWD': '/home/ws/build/opennav_coverage_bt', 'TURTLEBOT3_MODEL': 'burger', 'LC_ALL': 'C.UTF-8', 'PYTHONPATH': '/home/ws/install/opennav_coverage_msgs/lib/python3.12/site-packages:/opt/ros/jazzy/lib/python3.12/site-packages', 'COLCON': '1', 'CMAKE_PREFIX_PATH': '/home/ws/install/opennav_coverage_msgs:/home/ws/install/opennav_coverage_bt:/home/ws/install/opennav_coverage:/home/ws/install/fields2cover:/home/ws/install/temizlik_navigation:/opt/ros/jazzy/opt/gz_sim_vendor:/opt/ros/jazzy/opt/gz_sensors_vendor:/opt/ros/jazzy/opt/gz_physics_vendor:/opt/ros/jazzy/opt/sdformat_vendor:/opt/ros/jazzy/opt/gz_gui_vendor:/opt/ros/jazzy/opt/gz_transport_vendor:/opt/ros/jazzy/opt/gz_rendering_vendor:/opt/ros/jazzy/opt/gz_plugin_vendor:/opt/ros/jazzy/opt/gz_fuel_tools_vendor:/opt/ros/jazzy/opt/gz_msgs_vendor:/opt/ros/jazzy/opt/gz_common_vendor:/opt/ros/jazzy/opt/gz_math_vendor:/opt/ros/jazzy/opt/gz_utils_vendor:/opt/ros/jazzy/opt/gz_tools_vendor:/opt/ros/jazzy/opt/gz_ogre_next_vendor:/opt/ros/jazzy/opt/gz_dartsim_vendor:/opt/ros/jazzy/opt/gz_cmake_vendor:/opt/ros/jazzy'}), 'shell': False}
[11.812044] (fields2cover) StderrLine: {'line': b'\x1b[01m\x1b[K/home/ws/build/fields2cover/_deps/tinyxml2-src/xmltest.cpp:\x1b[m\x1b[K In function \xe2\x80\x98\x1b[01m\x1b[Kint\x1b[01;32m\x1b[K main\x1b[m\x1b[K(int, const char**)\x1b[m\x1b[K\xe2\x80\x99:\n'}
[11.812206] (fields2cover) StderrLine: {'line': b'\x1b[01m\x1b[K/home/ws/build/fields2cover/_deps/tinyxml2-src/xmltest.cpp:711:38:\x1b[m\x1b[K \x1b[01;35m\x1b[Kwarning: \x1b[m\x1b[Kignoring return value of \xe2\x80\x98\x1b[01m\x1b[Kchar*\x1b[01;32m\x1b[K fgets\x1b[m\x1b[K(char*, int, FILE*)\x1b[m\x1b[K\xe2\x80\x99 declared with attribute \xe2\x80\x98\x1b[01m\x1b[Kwarn_unused_result\x1b[m\x1b[K\xe2\x80\x99 [\x1b[01;35m\x1b[K\x1b]8;;https://gcc.gnu.org/onlinedocs/gcc/Warning-Options.html#index-Wunused-result\x07-Wunused-result\x1b]8;;\x07\x1b[m\x1b[K]\n'}
[11.812273] (fields2cover) StderrLine: {'line': b'  711 |                                 \x1b[01;35m\x1b[Kfgets( savedBuf, 256, saved )\x1b[m\x1b[K;\n'}
[11.812374] (fields2cover) StderrLine: {'line': b'      |                                 \x1b[01;35m\x1b[K~~~~~^~~~~~~~~~~~~~~~~~~~~~~~\x1b[m\x1b[K\n'}
[11.812424] (fields2cover) StderrLine: {'line': b'\x1b[01m\x1b[K/home/ws/build/fields2cover/_deps/tinyxml2-src/xmltest.cpp:1195:30:\x1b[m\x1b[K \x1b[01;35m\x1b[Kwarning: \x1b[m\x1b[Kignoring return value of \xe2\x80\x98\x1b[01m\x1b[Kchar*\x1b[01;32m\x1b[K fgets\x1b[m\x1b[K(char*, int, FILE*)\x1b[m\x1b[K\xe2\x80\x99 declared with attribute \xe2\x80\x98\x1b[01m\x1b[Kwarn_unused_result\x1b[m\x1b[K\xe2\x80\x99 [\x1b[01;35m\x1b[K\x1b]8;;https://gcc.gnu.org/onlinedocs/gcc/Warning-Options.html#index-Wunused-result\x07-Wunused-result\x1b]8;;\x07\x1b[m\x1b[K]\n'}
[11.812471] (fields2cover) StderrLine: {'line': b' 1195 |                         \x1b[01;35m\x1b[Kfgets( buf, 1024, textfile )\x1b[m\x1b[K;\n'}
[11.812517] (fields2cover) StderrLine: {'line': b'      |                         \x1b[01;35m\x1b[K~~~~~^~~~~~~~~~~~~~~~~~~~~~~\x1b[m\x1b[K\n'}
[11.812562] (opennav_coverage_bt) StdoutLine: {'line': b'[ 25%] \x1b[32mBuilding CXX object gtest/CMakeFiles/gtest.dir/src/gtest-all.cc.o\x1b[0m\n'}
[11.812626] (opennav_coverage_bt) StdoutLine: {'line': b'[ 25%] \x1b[32mBuilding CXX object CMakeFiles/opennav_cancel_complete_coverage_action_bt_node.dir/src/cancel_complete_coverage_path.cpp.o\x1b[0m\n'}
[11.812671] (opennav_coverage_bt) StdoutLine: {'line': b'[ 25%] \x1b[32mBuilding CXX object gtest/CMakeFiles/gtest_main.dir/src/gtest_main.cc.o\x1b[0m\n'}
[11.812714] (opennav_coverage_bt) StdoutLine: {'line': b'[ 33%] \x1b[32mBuilding CXX object CMakeFiles/opennav_compute_complete_coverage_action_bt_node.dir/src/compute_complete_coverage_path.cpp.o\x1b[0m\n'}
[11.835336] (-) TimerEvent: {}
[11.935589] (-) TimerEvent: {}
[12.035832] (-) TimerEvent: {}
[12.136071] (-) TimerEvent: {}
[12.236330] (-) TimerEvent: {}
[12.242688] (fields2cover) StdoutLine: {'line': b'[ 18%] \x1b[32m\x1b[1mLinking CXX shared library libsteering_functions.so\x1b[0m\n'}
[12.330826] (fields2cover) StdoutLine: {'line': b'[ 18%] Built target steering_functions\n'}
[12.336405] (-) TimerEvent: {}
[12.360691] (fields2cover) StdoutLine: {'line': b'[ 19%] \x1b[32mBuilding CXX object CMakeFiles/Fields2Cover.dir/src/fields2cover/objectives/field_coverage.cpp.o\x1b[0m\n'}
[12.361005] (fields2cover) StdoutLine: {'line': b'[ 19%] \x1b[32mBuilding CXX object CMakeFiles/Fields2Cover.dir/src/fields2cover/headland_generator/constant_headland.cpp.o\x1b[0m\n'}
[12.361061] (fields2cover) StdoutLine: {'line': b'[ 20%] \x1b[32mBuilding CXX object CMakeFiles/Fields2Cover.dir/src/fields2cover/objectives/direct_dist_path_obj.cpp.o\x1b[0m\n'}
[12.361109] (fields2cover) StdoutLine: {'line': b'[ 21%] \x1b[32mBuilding CXX object CMakeFiles/Fields2Cover.dir/src/fields2cover/objectives/hg_objective.cpp.o\x1b[0m\n'}
[12.364916] (fields2cover) StdoutLine: {'line': b'[ 22%] \x1b[32mBuilding CXX object CMakeFiles/Fields2Cover.dir/src/fields2cover/objectives/path_length.cpp.o\x1b[0m\n'}
[12.365080] (fields2cover) StdoutLine: {'line': b'[ 23%] \x1b[32mBuilding CXX object CMakeFiles/Fields2Cover.dir/src/fields2cover/objectives/n_swath.cpp.o\x1b[0m\n'}
[12.366527] (fields2cover) StdoutLine: {'line': b'[ 24%] \x1b[32mBuilding CXX object CMakeFiles/Fields2Cover.dir/src/fields2cover/objectives/overlaps.cpp.o\x1b[0m\n'}
[12.367116] (fields2cover) StdoutLine: {'line': b'[ 24%] \x1b[32mBuilding CXX object CMakeFiles/Fields2Cover.dir/src/fields2cover/objectives/pp_objective.cpp.o\x1b[0m\n'}
[12.378731] (fields2cover) StdoutLine: {'line': b'[ 26%] \x1b[32mBuilding CXX object CMakeFiles/Fields2Cover.dir/src/fields2cover/objectives/rem_area.cpp.o\x1b[0m\n'}
[12.378912] (fields2cover) StdoutLine: {'line': b'[ 26%] \x1b[32mBuilding CXX object CMakeFiles/Fields2Cover.dir/src/fields2cover/objectives/sg_objective.cpp.o\x1b[0m\n'}
[12.382306] (fields2cover) StdoutLine: {'line': b'[ 27%] \x1b[32mBuilding CXX object CMakeFiles/Fields2Cover.dir/src/fields2cover/objectives/rp_objective.cpp.o\x1b[0m\n'}
[12.436317] (opennav_coverage_bt) StdoutLine: {'line': b'[ 41%] \x1b[32m\x1b[1mLinking CXX static library libgtest_main.a\x1b[0m\n'}
[12.436487] (-) TimerEvent: {}
[12.536687] (-) TimerEvent: {}
[12.547346] (opennav_coverage_bt) StdoutLine: {'line': b'[ 41%] Built target gtest_main\n'}
[12.640337] (-) TimerEvent: {}
[12.740613] (-) TimerEvent: {}
[12.841058] (-) TimerEvent: {}
[12.864367] (fields2cover) StdoutLine: {'line': b'[ 28%] \x1b[32m\x1b[1mLinking CXX executable xmltest\x1b[0m\n'}
[12.941160] (-) TimerEvent: {}
[13.041439] (-) TimerEvent: {}
[13.106378] (fields2cover) StdoutLine: {'line': b'[ 28%] Built target xmltest\n'}
[13.131361] (fields2cover) StdoutLine: {'line': b'[ 29%] \x1b[32mBuilding CXX object CMakeFiles/Fields2Cover.dir/src/fields2cover/objectives/swath_length.cpp.o\x1b[0m\n'}
[13.141539] (-) TimerEvent: {}
[13.244337] (-) TimerEvent: {}
[13.344618] (-) TimerEvent: {}
[13.444905] (-) TimerEvent: {}
[13.545416] (-) TimerEvent: {}
[13.548098] (fields2cover) StdoutLine: {'line': b'[ 29%] \x1b[32mBuilding CXX object CMakeFiles/Fields2Cover.dir/src/fields2cover/path_planning/dubins_curves.cpp.o\x1b[0m\n'}
[13.627745] (fields2cover) StdoutLine: {'line': b'[ 30%] \x1b[32mBuilding CXX object CMakeFiles/Fields2Cover.dir/src/fields2cover/path_planning/dubins_curves_cc.cpp.o\x1b[0m\n'}
[13.645518] (-) TimerEvent: {}
[13.649029] (fields2cover) StdoutLine: {'line': b'[ 31%] \x1b[32mBuilding CXX object CMakeFiles/Fields2Cover.dir/src/fields2cover/path_planning/path_planning.cpp.o\x1b[0m\n'}
[13.745617] (-) TimerEvent: {}
[13.820058] (fields2cover) StdoutLine: {'line': b'[ 32%] \x1b[32mBuilding CXX object CMakeFiles/Fields2Cover.dir/src/fields2cover/path_planning/reeds_shepp_curves.cpp.o\x1b[0m\n'}
[13.849434] (-) TimerEvent: {}
[13.850374] (fields2cover) StdoutLine: {'line': b'[ 33%] \x1b[32mBuilding CXX object CMakeFiles/Fields2Cover.dir/src/fields2cover/path_planning/reeds_shepp_curves_hc.cpp.o\x1b[0m\n'}
[13.874212] (fields2cover) StdoutLine: {'line': b'[ 34%] \x1b[32mBuilding CXX object CMakeFiles/Fields2Cover.dir/src/fields2cover/path_planning/turning_base.cpp.o\x1b[0m\n'}
[13.917687] (fields2cover) StdoutLine: {'line': b'[ 34%] \x1b[32mBuilding CXX object CMakeFiles/Fields2Cover.dir/src/fields2cover/route_planning/boustrophedon_order.cpp.o\x1b[0m\n'}
[13.949533] (-) TimerEvent: {}
[13.959596] (fields2cover) StdoutLine: {'line': b'[ 35%] \x1b[32mBuilding CXX object CMakeFiles/Fields2Cover.dir/src/fields2cover/route_planning/custom_order.cpp.o\x1b[0m\n'}
[14.049633] (-) TimerEvent: {}
[14.064882] (fields2cover) StdoutLine: {'line': b'[ 36%] \x1b[32mBuilding CXX object CMakeFiles/Fields2Cover.dir/src/fields2cover/route_planning/single_cell_swaths_order_base.cpp.o\x1b[0m\n'}
[14.149738] (-) TimerEvent: {}
[14.250190] (-) TimerEvent: {}
[14.263645] (fields2cover) StdoutLine: {'line': b'[ 37%] \x1b[32mBuilding CXX object CMakeFiles/Fields2Cover.dir/src/fields2cover/route_planning/snake_order.cpp.o\x1b[0m\n'}
[14.291447] (fields2cover) StdoutLine: {'line': b'[ 38%] \x1b[32mBuilding CXX object CMakeFiles/Fields2Cover.dir/src/fields2cover/route_planning/spiral_order.cpp.o\x1b[0m\n'}
[14.300465] (fields2cover) StdoutLine: {'line': b'[ 38%] \x1b[32mBuilding CXX object CMakeFiles/Fields2Cover.dir/src/fields2cover/swath_generator/brute_force.cpp.o\x1b[0m\n'}
[14.350297] (-) TimerEvent: {}
[14.453334] (-) TimerEvent: {}
[14.553589] (-) TimerEvent: {}
[14.653885] (-) TimerEvent: {}
[14.754156] (-) TimerEvent: {}
[14.858338] (-) TimerEvent: {}
[14.894912] (fields2cover) StdoutLine: {'line': b'[ 39%] \x1b[32mBuilding CXX object CMakeFiles/Fields2Cover.dir/src/fields2cover/types/Cell.cpp.o\x1b[0m\n'}
[14.958437] (-) TimerEvent: {}
[15.050070] (fields2cover) StdoutLine: {'line': b'[ 40%] \x1b[32mBuilding CXX object CMakeFiles/Fields2Cover.dir/src/fields2cover/types/Cells.cpp.o\x1b[0m\n'}
[15.058535] (-) TimerEvent: {}
[15.158812] (-) TimerEvent: {}
[15.191375] (fields2cover) StdoutLine: {'line': b'[ 41%] \x1b[32mBuilding CXX object CMakeFiles/Fields2Cover.dir/src/fields2cover/types/Field.cpp.o\x1b[0m\n'}
[15.258917] (-) TimerEvent: {}
[15.315663] (fields2cover) StdoutLine: {'line': b'[ 42%] \x1b[32mBuilding CXX object CMakeFiles/Fields2Cover.dir/src/fields2cover/types/LineString.cpp.o\x1b[0m\n'}
[15.359018] (-) TimerEvent: {}
[15.372380] (fields2cover) StdoutLine: {'line': b'[ 42%] \x1b[32mBuilding CXX object CMakeFiles/Fields2Cover.dir/src/fields2cover/types/LinearRing.cpp.o\x1b[0m\n'}
[15.455743] (fields2cover) StdoutLine: {'line': b'[ 43%] \x1b[32mBuilding CXX object CMakeFiles/Fields2Cover.dir/src/fields2cover/types/MultiLineString.cpp.o\x1b[0m\n'}
[15.459103] (-) TimerEvent: {}
[15.470532] (fields2cover) StdoutLine: {'line': b'[ 44%] \x1b[32mBuilding CXX object CMakeFiles/Fields2Cover.dir/src/fields2cover/types/MultiPoint.cpp.o\x1b[0m\n'}
[15.493297] (fields2cover) StdoutLine: {'line': b'[ 45%] \x1b[32mBuilding CXX object CMakeFiles/Fields2Cover.dir/src/fields2cover/types/Path.cpp.o\x1b[0m\n'}
[15.559208] (-) TimerEvent: {}
[15.659487] (-) TimerEvent: {}
[15.759748] (-) TimerEvent: {}
[15.821536] (fields2cover) StdoutLine: {'line': b'[ 46%] \x1b[32mBuilding CXX object CMakeFiles/Fields2Cover.dir/src/fields2cover/types/Point.cpp.o\x1b[0m\n'}
[15.863333] (-) TimerEvent: {}
[15.886108] (fields2cover) StdoutLine: {'line': b'[ 47%] \x1b[32mBuilding CXX object CMakeFiles/Fields2Cover.dir/src/fields2cover/types/Route.cpp.o\x1b[0m\n'}
[15.902382] (fields2cover) StdoutLine: {'line': b'[ 47%] \x1b[32mBuilding CXX object CMakeFiles/Fields2Cover.dir/src/fields2cover/types/Strip.cpp.o\x1b[0m\n'}
[15.913306] (fields2cover) StdoutLine: {'line': b'[ 48%] \x1b[32mBuilding CXX object CMakeFiles/Fields2Cover.dir/src/fields2cover/types/Swath.cpp.o\x1b[0m\n'}
[15.963434] (-) TimerEvent: {}
[16.003392] (opennav_coverage_bt) StdoutLine: {'line': b'[ 50%] \x1b[32m\x1b[1mLinking CXX static library libgtest.a\x1b[0m\n'}
[16.063539] (-) TimerEvent: {}
[16.115521] (opennav_coverage_bt) StdoutLine: {'line': b'[ 50%] Built target gtest\n'}
[16.163639] (-) TimerEvent: {}
[16.263905] (-) TimerEvent: {}
[16.364175] (-) TimerEvent: {}
[16.457912] (fields2cover) StdoutLine: {'line': b'[ 49%] \x1b[32mBuilding CXX object CMakeFiles/Fields2Cover.dir/src/fields2cover/types/Swaths.cpp.o\x1b[0m\n'}
[16.464269] (-) TimerEvent: {}
[16.564759] (-) TimerEvent: {}
[16.616386] (fields2cover) StdoutLine: {'line': b'[ 50%] \x1b[32mBuilding CXX object CMakeFiles/Fields2Cover.dir/src/fields2cover/utils/parser.cpp.o\x1b[0m\n'}
[16.640473] (fields2cover) StdoutLine: {'line': b'[ 51%] \x1b[32mBuilding CXX object CMakeFiles/Fields2Cover.dir/src/fields2cover/utils/random.cpp.o\x1b[0m\n'}
[16.664861] (-) TimerEvent: {}
[16.768434] (-) TimerEvent: {}
[16.799169] (fields2cover) StdoutLine: {'line': b'[ 51%] \x1b[32mBuilding CXX object CMakeFiles/Fields2Cover.dir/src/fields2cover/utils/transformation.cpp.o\x1b[0m\n'}
[16.814507] (fields2cover) StdoutLine: {'line': b'[ 52%] \x1b[32mBuilding CXX object CMakeFiles/Fields2Cover.dir/src/fields2cover/utils/visualizer.cpp.o\x1b[0m\n'}
[16.868539] (-) TimerEvent: {}
[16.971345] (-) TimerEvent: {}
[17.071621] (-) TimerEvent: {}
[17.171888] (-) TimerEvent: {}
[17.272150] (-) TimerEvent: {}
[17.372422] (-) TimerEvent: {}
[17.472681] (-) TimerEvent: {}
[17.572937] (-) TimerEvent: {}
[17.673188] (-) TimerEvent: {}
[17.773456] (-) TimerEvent: {}
[17.873707] (-) TimerEvent: {}
[17.973959] (-) TimerEvent: {}
[18.074205] (-) TimerEvent: {}
[18.174453] (-) TimerEvent: {}
[18.274663] (-) TimerEvent: {}
[18.374886] (-) TimerEvent: {}
[18.397501] (opennav_coverage_bt) StdoutLine: {'line': b'[ 58%] \x1b[32m\x1b[1mLinking CXX shared library libopennav_cancel_complete_coverage_action_bt_node.so\x1b[0m\n'}
[18.454531] (fields2cover) StdoutLine: {'line': b'[ 53%] \x1b[32m\x1b[1mLinking CXX shared library lib/libFields2Cover.so\x1b[0m\n'}
[18.474983] (-) TimerEvent: {}
[18.575216] (-) TimerEvent: {}
[18.610039] (opennav_coverage_bt) StdoutLine: {'line': b'[ 58%] Built target opennav_cancel_complete_coverage_action_bt_node\n'}
[18.631493] (opennav_coverage_bt) StdoutLine: {'line': b'[ 66%] \x1b[32mBuilding CXX object test/CMakeFiles/test_cancel_complete_coverage.dir/test_cancel_complete_coverage.cpp.o\x1b[0m\n'}
[18.675324] (-) TimerEvent: {}
[18.775580] (-) TimerEvent: {}
[18.875830] (-) TimerEvent: {}
[18.976087] (-) TimerEvent: {}
[19.078351] (-) TimerEvent: {}
[19.178605] (-) TimerEvent: {}
[19.279069] (-) TimerEvent: {}
[19.379520] (-) TimerEvent: {}
[19.456169] (opennav_coverage_bt) StdoutLine: {'line': b'[ 75%] \x1b[32m\x1b[1mLinking CXX shared library libopennav_compute_complete_coverage_action_bt_node.so\x1b[0m\n'}
[19.479616] (-) TimerEvent: {}
[19.579878] (-) TimerEvent: {}
[19.611924] (fields2cover) StdoutLine: {'line': b'[ 53%] Built target Fields2Cover\n'}
[19.636419] (fields2cover) StdoutLine: {'line': b'[ 55%] \x1b[32mBuilding CXX object tutorials/CMakeFiles/2_objective_functions_tutorial.dir/2_objective_functions.cpp.o\x1b[0m\n'}
[19.636590] (fields2cover) StdoutLine: {'line': b'[ 55%] \x1b[32mBuilding CXX object tutorials/CMakeFiles/4_swath_generator_tutorial.dir/4_swath_generator.cpp.o\x1b[0m\n'}
[19.637223] (fields2cover) StdoutLine: {'line': b'[ 56%] \x1b[32mBuilding CXX object tutorials/CMakeFiles/5_route_planning_tutorial.dir/5_route_planning.cpp.o\x1b[0m\n'}
[19.637305] (fields2cover) StdoutLine: {'line': b'[ 56%] \x1b[32mBuilding CXX object tutorials/CMakeFiles/1_basic_types_tutorial.dir/1_basic_types.cpp.o\x1b[0m\n'}
[19.637356] (fields2cover) StdoutLine: {'line': b'[ 57%] \x1b[32mBuilding CXX object tutorials/CMakeFiles/3_headland_generator_tutorial.dir/3_headland_generator.cpp.o\x1b[0m\n'}
[19.637399] (fields2cover) StdoutLine: {'line': b'[ 58%] \x1b[32mBuilding CXX object tests/CMakeFiles/unittests.dir/cpp/headland_generator/const_hl_test.cpp.o\x1b[0m\n'}
[19.637440] (fields2cover) StdoutLine: {'line': b'[ 59%] \x1b[32mBuilding CXX object tests/CMakeFiles/unittests.dir/cpp/objectives/direct_dist_path_obj_test.cpp.o\x1b[0m\n'}
[19.637482] (fields2cover) StdoutLine: {'line': b'[ 60%] \x1b[32mBuilding CXX object tests/CMakeFiles/unittests.dir/cpp/objectives/complete_turn_path_obj_test.cpp.o\x1b[0m\n'}
[19.640974] (fields2cover) StdoutLine: {'line': b'[ 60%] \x1b[32mBuilding CXX object tutorials/CMakeFiles/6_path_planning_tutorial.dir/6_path_planning.cpp.o\x1b[0m\n'}
[19.644633] (fields2cover) StdoutLine: {'line': b'[ 60%] \x1b[32mBuilding CXX object tests/CMakeFiles/unittests.dir/cpp/objectives/field_coverage_test.cpp.o\x1b[0m\n'}
[19.650454] (fields2cover) StdoutLine: {'line': b'[ 61%] \x1b[32mBuilding CXX object tutorials/CMakeFiles/7_complete_flow.dir/7_complete_flow.cpp.o\x1b[0m\n'}
[19.658486] (fields2cover) StdoutLine: {'line': b'[ 62%] \x1b[32mBuilding CXX object tests/CMakeFiles/unittests.dir/cpp/objectives/n_swath_test.cpp.o\x1b[0m\n'}
[19.679977] (-) TimerEvent: {}
[19.780246] (-) TimerEvent: {}
[19.880661] (-) TimerEvent: {}
[19.901322] (opennav_coverage_bt) StdoutLine: {'line': b'[ 75%] Built target opennav_compute_complete_coverage_action_bt_node\n'}
[19.954610] (opennav_coverage_bt) StdoutLine: {'line': b'[ 83%] \x1b[32mBuilding CXX object test/CMakeFiles/test_compute_coverage_path.dir/test_compute_coverage_path.cpp.o\x1b[0m\n'}
[19.980762] (-) TimerEvent: {}
[20.081030] (-) TimerEvent: {}
[20.181307] (-) TimerEvent: {}
[20.281575] (-) TimerEvent: {}
[20.381847] (-) TimerEvent: {}
[20.482338] (-) TimerEvent: {}
[20.582623] (-) TimerEvent: {}
[20.685332] (-) TimerEvent: {}
[20.785587] (-) TimerEvent: {}
[20.886081] (-) TimerEvent: {}
[20.987348] (-) TimerEvent: {}
[21.087624] (-) TimerEvent: {}
[21.137346] (fields2cover) StdoutLine: {'line': b'[ 62%] \x1b[32m\x1b[1mLinking CXX executable 3_headland_generator_tutorial\x1b[0m\n'}
[21.187728] (-) TimerEvent: {}
[21.287991] (-) TimerEvent: {}
[21.377885] (fields2cover) StdoutLine: {'line': b'[ 63%] \x1b[32m\x1b[1mLinking CXX executable 2_objective_functions_tutorial\x1b[0m\n'}
[21.388093] (-) TimerEvent: {}
[21.488521] (-) TimerEvent: {}
[21.538781] (fields2cover) StdoutLine: {'line': b'[ 64%] \x1b[32mBuilding CXX object tests/CMakeFiles/unittests.dir/cpp/objectives/overlaps_test.cpp.o\x1b[0m\n'}
[21.554574] (fields2cover) StdoutLine: {'line': b'[ 65%] \x1b[32m\x1b[1mLinking CXX executable 5_route_planning_tutorial\x1b[0m\n'}
[21.565845] (fields2cover) StdoutLine: {'line': b'[ 66%] \x1b[32m\x1b[1mLinking CXX executable 7_complete_flow\x1b[0m\n'}
[21.588436] (-) TimerEvent: {}
[21.609701] (fields2cover) StdoutLine: {'line': b'[ 67%] \x1b[32m\x1b[1mLinking CXX executable 1_basic_types_tutorial\x1b[0m\n'}
[21.626344] (fields2cover) StdoutLine: {'line': b'[ 67%] Built target 3_headland_generator_tutorial\n'}
[21.651962] (fields2cover) StdoutLine: {'line': b'[ 68%] \x1b[32mBuilding CXX object tests/CMakeFiles/unittests.dir/cpp/objectives/path_length_test.cpp.o\x1b[0m\n'}
[21.688539] (-) TimerEvent: {}
[21.751750] (fields2cover) StdoutLine: {'line': b'[ 69%] \x1b[32m\x1b[1mLinking CXX executable 4_swath_generator_tutorial\x1b[0m\n'}
[21.780348] (fields2cover) StdoutLine: {'line': b'[ 70%] \x1b[32m\x1b[1mLinking CXX executable 6_path_planning_tutorial\x1b[0m\n'}
[21.787705] (fields2cover) StdoutLine: {'line': b'[ 71%] \x1b[32mBuilding CXX object tests/CMakeFiles/unittests.dir/cpp/objectives/pp_obj_test.cpp.o\x1b[0m\n'}
[21.788600] (-) TimerEvent: {}
[21.864226] (fields2cover) StdoutLine: {'line': b'[ 71%] Built target 2_objective_functions_tutorial\n'}
[21.889763] (-) TimerEvent: {}
[21.889970] (fields2cover) StdoutLine: {'line': b'[ 71%] \x1b[32mBuilding CXX object tests/CMakeFiles/unittests.dir/cpp/objectives/rem_area_test.cpp.o\x1b[0m\n'}
[21.920945] (fields2cover) StdoutLine: {'line': b'[ 71%] Built target 5_route_planning_tutorial\n'}
[21.932239] (fields2cover) StdoutLine: {'line': b'[ 72%] \x1b[32mBuilding CXX object tests/CMakeFiles/unittests.dir/cpp/objectives/rp_obj_test.cpp.o\x1b[0m\n'}
[21.935784] (fields2cover) StdoutLine: {'line': b'[ 72%] Built target 7_complete_flow\n'}
[21.966733] (fields2cover) StdoutLine: {'line': b'[ 73%] \x1b[32mBuilding CXX object tests/CMakeFiles/unittests.dir/cpp/objectives/sg_obj_test.cpp.o\x1b[0m\n'}
[21.989867] (-) TimerEvent: {}
[22.046624] (fields2cover) StdoutLine: {'line': b'[ 74%] \x1b[32mBuilding CXX object tests/CMakeFiles/unittests.dir/cpp/objectives/swath_length_test.cpp.o\x1b[0m\n'}
[22.089967] (-) TimerEvent: {}
[22.103376] (fields2cover) StdoutLine: {'line': b'[ 74%] Built target 4_swath_generator_tutorial\n'}
[22.113292] (fields2cover) StdoutLine: {'line': b'[ 75%] \x1b[32mBuilding CXX object tests/CMakeFiles/unittests.dir/cpp/path_planning/dubins_cc_test.cpp.o\x1b[0m\n'}
[22.113485] (fields2cover) StdoutLine: {'line': b'[ 75%] Built target 1_basic_types_tutorial\n'}
[22.129999] (fields2cover) StdoutLine: {'line': b'[ 75%] \x1b[32mBuilding CXX object tests/CMakeFiles/unittests.dir/cpp/path_planning/dubins_test.cpp.o\x1b[0m\n'}
[22.170086] (fields2cover) StdoutLine: {'line': b'[ 76%] \x1b[32mBuilding CXX object tests/CMakeFiles/unittests.dir/cpp/path_planning/path_planning_test.cpp.o\x1b[0m\n'}
[22.190069] (-) TimerEvent: {}
[22.210673] (fields2cover) StdoutLine: {'line': b'[ 76%] Built target 6_path_planning_tutorial\n'}
[22.238609] (fields2cover) StdoutLine: {'line': b'[ 77%] \x1b[32mBuilding CXX object tests/CMakeFiles/unittests.dir/cpp/path_planning/reeds_shepp_hc_test.cpp.o\x1b[0m\n'}
[22.290169] (-) TimerEvent: {}
[22.392449] (-) TimerEvent: {}
[22.487293] (fields2cover) StdoutLine: {'line': b'[ 78%] \x1b[32mBuilding CXX object tests/CMakeFiles/unittests.dir/cpp/path_planning/reeds_shepp_test.cpp.o\x1b[0m\n'}
[22.492536] (-) TimerEvent: {}
[22.592966] (-) TimerEvent: {}
[22.693410] (-) TimerEvent: {}
[22.793867] (-) TimerEvent: {}
[22.894131] (-) TimerEvent: {}
[22.996452] (-) TimerEvent: {}
[23.096916] (-) TimerEvent: {}
[23.198018] (-) TimerEvent: {}
[23.228012] (fields2cover) StdoutLine: {'line': b'[ 79%] \x1b[32mBuilding CXX object tests/CMakeFiles/unittests.dir/cpp/route_planning/boustrophedon_order_test.cpp.o\x1b[0m\n'}
[23.298120] (-) TimerEvent: {}
[23.399446] (-) TimerEvent: {}
[23.499735] (-) TimerEvent: {}
[23.601615] (-) TimerEvent: {}
[23.673698] (fields2cover) StdoutLine: {'line': b'[ 80%] \x1b[32mBuilding CXX object tests/CMakeFiles/unittests.dir/cpp/route_planning/custom_order.cpp.o\x1b[0m\n'}
[23.703460] (-) TimerEvent: {}
[23.789379] (fields2cover) StdoutLine: {'line': b'[ 80%] \x1b[32mBuilding CXX object tests/CMakeFiles/unittests.dir/cpp/route_planning/snake_order_test.cpp.o\x1b[0m\n'}
[23.803566] (-) TimerEvent: {}
[23.841427] (fields2cover) StdoutLine: {'line': b'[ 81%] \x1b[32mBuilding CXX object tests/CMakeFiles/unittests.dir/cpp/route_planning/spiral_order_test.cpp.o\x1b[0m\n'}
[23.856519] (fields2cover) StdoutLine: {'line': b'[ 82%] \x1b[32mBuilding CXX object tests/CMakeFiles/unittests.dir/cpp/swath_generator/brute_force_test.cpp.o\x1b[0m\n'}
[23.903667] (-) TimerEvent: {}
[24.003931] (-) TimerEvent: {}
[24.076590] (fields2cover) StdoutLine: {'line': b'[ 83%] \x1b[32mBuilding CXX object tests/CMakeFiles/unittests.dir/cpp/types/Cell_test.cpp.o\x1b[0m\n'}
[24.106343] (-) TimerEvent: {}
[24.206618] (-) TimerEvent: {}
[24.307080] (-) TimerEvent: {}
[24.314523] (fields2cover) StdoutLine: {'line': b'[ 84%] \x1b[32mBuilding CXX object tests/CMakeFiles/unittests.dir/cpp/types/Cells_test.cpp.o\x1b[0m\n'}
[24.326636] (fields2cover) StdoutLine: {'line': b'[ 84%] \x1b[32mBuilding CXX object tests/CMakeFiles/unittests.dir/cpp/types/Field_test.cpp.o\x1b[0m\n'}
[24.409335] (-) TimerEvent: {}
[24.411720] (fields2cover) StdoutLine: {'line': b'[ 85%] \x1b[32mBuilding CXX object tests/CMakeFiles/unittests.dir/cpp/types/Geometries_test.cpp.o\x1b[0m\n'}
[24.509436] (-) TimerEvent: {}
[24.542610] (fields2cover) StdoutLine: {'line': b'[ 86%] \x1b[32mBuilding CXX object tests/CMakeFiles/unittests.dir/cpp/types/Geometry_test.cpp.o\x1b[0m\n'}
[24.608327] (fields2cover) StdoutLine: {'line': b'[ 87%] \x1b[32mBuilding CXX object tests/CMakeFiles/unittests.dir/cpp/types/LineString_test.cpp.o\x1b[0m\n'}
[24.609503] (-) TimerEvent: {}
[24.628926] (fields2cover) StdoutLine: {'line': b'[ 88%] \x1b[32mBuilding CXX object tests/CMakeFiles/unittests.dir/cpp/types/LinearRing_test.cpp.o\x1b[0m\n'}
[24.709614] (-) TimerEvent: {}
[24.813338] (-) TimerEvent: {}
[24.913625] (-) TimerEvent: {}
[25.013924] (-) TimerEvent: {}
[25.114204] (-) TimerEvent: {}
[25.214490] (-) TimerEvent: {}
[25.314755] (-) TimerEvent: {}
[25.415040] (-) TimerEvent: {}
[25.511338] (fields2cover) StdoutLine: {'line': b'[ 88%] \x1b[32mBuilding CXX object tests/CMakeFiles/unittests.dir/cpp/types/MultiLineString_test.cpp.o\x1b[0m\n'}
[25.515223] (-) TimerEvent: {}
[25.615501] (-) TimerEvent: {}
[25.661698] (fields2cover) StdoutLine: {'line': b'[ 89%] \x1b[32mBuilding CXX object tests/CMakeFiles/unittests.dir/cpp/types/MultiPoint_test.cpp.o\x1b[0m\n'}
[25.715601] (-) TimerEvent: {}
[25.815883] (-) TimerEvent: {}
[25.916138] (-) TimerEvent: {}
[26.016410] (-) TimerEvent: {}
[26.061784] (fields2cover) StdoutLine: {'line': b'[ 90%] \x1b[32mBuilding CXX object tests/CMakeFiles/unittests.dir/cpp/types/Path_test.cpp.o\x1b[0m\n'}
[26.117341] (-) TimerEvent: {}
[26.217597] (-) TimerEvent: {}
[26.225541] (fields2cover) StdoutLine: {'line': b'[ 91%] \x1b[32mBuilding CXX object tests/CMakeFiles/unittests.dir/cpp/types/Point_test.cpp.o\x1b[0m\n'}
[26.317697] (-) TimerEvent: {}
[26.420490] (-) TimerEvent: {}
[26.520778] (-) TimerEvent: {}
[26.582300] (fields2cover) StdoutLine: {'line': b'[ 92%] \x1b[32mBuilding CXX object tests/CMakeFiles/unittests.dir/cpp/types/Robot_test.cpp.o\x1b[0m\n'}
[26.620878] (-) TimerEvent: {}
[26.681031] (fields2cover) StdoutLine: {'line': b'[ 93%] \x1b[32mBuilding CXX object tests/CMakeFiles/unittests.dir/cpp/types/Route_test.cpp.o\x1b[0m\n'}
[26.720979] (-) TimerEvent: {}
[26.821233] (-) TimerEvent: {}
[26.878690] (fields2cover) StdoutLine: {'line': b'[ 93%] \x1b[32mBuilding CXX object tests/CMakeFiles/unittests.dir/cpp/types/Strip_test.cpp.o\x1b[0m\n'}
[26.921338] (-) TimerEvent: {}
[27.021850] (-) TimerEvent: {}
[27.073962] (fields2cover) StdoutLine: {'line': b'[ 94%] \x1b[32mBuilding CXX object tests/CMakeFiles/unittests.dir/cpp/types/Swath_test.cpp.o\x1b[0m\n'}
[27.096702] (fields2cover) StdoutLine: {'line': b'[ 95%] \x1b[32mBuilding CXX object tests/CMakeFiles/unittests.dir/cpp/types/Swaths_test.cpp.o\x1b[0m\n'}
[27.121953] (-) TimerEvent: {}
[27.222248] (-) TimerEvent: {}
[27.316374] (opennav_coverage_bt) StdoutLine: {'line': b'[ 91%] \x1b[32m\x1b[1mLinking CXX executable test_cancel_complete_coverage\x1b[0m\n'}
[27.322333] (-) TimerEvent: {}
[27.425445] (-) TimerEvent: {}
[27.435314] (fields2cover) StdoutLine: {'line': b'[ 96%] \x1b[32mBuilding CXX object tests/CMakeFiles/unittests.dir/cpp/utils/parser_test.cpp.o\x1b[0m\n'}
[27.480451] (fields2cover) StdoutLine: {'line': b'[ 97%] \x1b[32mBuilding CXX object tests/CMakeFiles/unittests.dir/cpp/utils/random_test.cpp.o\x1b[0m\n'}
[27.525546] (-) TimerEvent: {}
[27.625811] (-) TimerEvent: {}
[27.726087] (-) TimerEvent: {}
[27.826340] (-) TimerEvent: {}
[27.926602] (-) TimerEvent: {}
[27.937371] (fields2cover) StdoutLine: {'line': b'[ 97%] \x1b[32mBuilding CXX object tests/CMakeFiles/unittests.dir/cpp/utils/transform_test.cpp.o\x1b[0m\n'}
[28.028338] (-) TimerEvent: {}
[28.128611] (-) TimerEvent: {}
[28.228878] (-) TimerEvent: {}
[28.319833] (opennav_coverage_bt) StdoutLine: {'line': b'[ 91%] Built target test_cancel_complete_coverage\n'}
[28.328982] (-) TimerEvent: {}
[28.398752] (fields2cover) StdoutLine: {'line': b'[ 98%] \x1b[32mBuilding CXX object tests/CMakeFiles/unittests.dir/cpp/utils/visualizer_test.cpp.o\x1b[0m\n'}
[28.430336] (-) TimerEvent: {}
[28.530764] (-) TimerEvent: {}
[28.631023] (-) TimerEvent: {}
[28.731294] (-) TimerEvent: {}
[28.776107] (fields2cover) StdoutLine: {'line': b'[ 99%] \x1b[32mBuilding CXX object tests/CMakeFiles/unittests.dir/unittests.cpp.o\x1b[0m\n'}
[28.833341] (-) TimerEvent: {}
[28.933619] (-) TimerEvent: {}
[29.033885] (-) TimerEvent: {}
[29.134138] (-) TimerEvent: {}
[29.234402] (-) TimerEvent: {}
[29.334671] (-) TimerEvent: {}
[29.434940] (-) TimerEvent: {}
[29.535206] (-) TimerEvent: {}
[29.585926] (opennav_coverage_bt) StdoutLine: {'line': b'[100%] \x1b[32m\x1b[1mLinking CXX executable test_compute_coverage_path\x1b[0m\n'}
[29.635353] (-) TimerEvent: {}
[29.735637] (-) TimerEvent: {}
[29.835901] (-) TimerEvent: {}
[29.936145] (-) TimerEvent: {}
[30.036439] (-) TimerEvent: {}
[30.070650] (opennav_coverage_bt) StdoutLine: {'line': b'[100%] Built target test_compute_coverage_path\n'}
[30.085440] (opennav_coverage_bt) CommandEnded: {'returncode': 0}
[30.085921] (opennav_coverage_bt) JobProgress: {'identifier': 'opennav_coverage_bt', 'progress': 'install'}
[30.086298] (opennav_coverage_bt) Command: {'cmd': ['/usr/bin/cmake', '--install', '/home/ws/build/opennav_coverage_bt'], 'cwd': '/home/ws/build/opennav_coverage_bt', 'env': OrderedDict({'PYTHON_BASIC_REPL': '1', 'GZ_SIM_RESOURCE_PATH': '/opt/ros/jazzy/share', 'GZ_CONFIG_PATH': '/opt/ros/jazzy/opt/gz_sim_vendor/share/gz:/opt/ros/jazzy/opt/sdformat_vendor/share/gz:/opt/ros/jazzy/opt/gz_gui_vendor/share/gz:/opt/ros/jazzy/opt/gz_transport_vendor/share/gz:/opt/ros/jazzy/opt/gz_rendering_vendor/share/gz:/opt/ros/jazzy/opt/gz_plugin_vendor/share/gz:/opt/ros/jazzy/opt/gz_fuel_tools_vendor/share/gz:/opt/ros/jazzy/opt/gz_msgs_vendor/share/gz:/opt/ros/jazzy/opt/gz_common_vendor/share/gz', 'HOSTNAME': 'robotik-MS-7E27', 'GIT_ASKPASS': '/vscode/vscode-server/bin/linux-x64/0f0d87fa9e96c856c5212fc86db137ac0d783365/extensions/git/dist/askpass.sh', 'SHLVL': '2', 'LD_LIBRARY_PATH': '/home/ws/install/opennav_coverage_msgs/lib:/home/ws/install/opennav_coverage_bt/lib:/home/ws/install/opennav_coverage/lib:/home/ws/install/fields2cover/lib:/opt/ros/jazzy/opt/gz_sim_vendor/lib:/opt/ros/jazzy/opt/gz_sensors_vendor/lib:/opt/ros/jazzy/opt/gz_physics_vendor/lib:/opt/ros/jazzy/opt/sdformat_vendor/lib:/opt/ros/jazzy/opt/rviz_ogre_vendor/lib:/opt/ros/jazzy/lib/x86_64-linux-gnu:/opt/ros/jazzy/opt/gz_gui_vendor/lib:/opt/ros/jazzy/opt/gz_transport_vendor/lib:/opt/ros/jazzy/opt/gz_rendering_vendor/lib:/opt/ros/jazzy/opt/gz_plugin_vendor/lib:/opt/ros/jazzy/opt/gz_fuel_tools_vendor/lib:/opt/ros/jazzy/opt/gz_msgs_vendor/lib:/opt/ros/jazzy/opt/gz_common_vendor/lib:/opt/ros/jazzy/opt/gz_math_vendor/lib:/opt/ros/jazzy/opt/gz_utils_vendor/lib:/opt/ros/jazzy/opt/gz_tools_vendor/lib:/opt/ros/jazzy/opt/gz_ogre_next_vendor/lib:/opt/ros/jazzy/opt/gz_dartsim_vendor/lib:/opt/ros/jazzy/opt/gz_cmake_vendor/lib:/opt/ros/jazzy/lib', 'BROWSER': '/vscode/vscode-server/bin/linux-x64/0f0d87fa9e96c856c5212fc86db137ac0d783365/bin/helpers/browser.sh', 'HOME': '/home/robotik', 'OLDPWD': '/home/ws', 'TERM_PROGRAM_VERSION': '1.104.1', 'VSCODE_IPC_HOOK_CLI': '/tmp/vscode-ipc-34229b74-0b4a-4ada-80c6-49487c911e82.sock', 'ROS_PYTHON_VERSION': '3', 'GK_GL_PATH': '/tmp/gitkraken/gitlens/gitlens-ipc-server-51464-40011.json', 'VSCODE_GIT_ASKPASS_MAIN': '/vscode/vscode-server/bin/linux-x64/0f0d87fa9e96c856c5212fc86db137ac0d783365/extensions/git/dist/askpass-main.js', 'VSCODE_GIT_ASKPASS_NODE': '/vscode/vscode-server/bin/linux-x64/0f0d87fa9e96c856c5212fc86db137ac0d783365/node', 'VSCODE_PYTHON_AUTOACTIVATE_GUARD': '1', 'COLORTERM': 'truecolor', 'REMOTE_CONTAINERS': 'true', 'COLCON_PREFIX_PATH': '/home/ws/install', 'ROS_DISTRO': 'jazzy', 'REMOTE_CONTAINERS_IPC': '/tmp/vscode-remote-containers-ipc-4e417db4-7c1a-4b01-af48-e54fed4a36cc.sock', '_': '/usr/bin/colcon', 'ROS_VERSION': '2', 'PKG_CONFIG_PATH': '/home/ws/install/fields2cover/lib/x86_64-linux-gnu/pkgconfig:/home/ws/install/fields2cover/lib/pkgconfig', 'TERM': 'xterm-256color', 'ROS_LOCALHOST_ONLY': '1', 'QT_X11_NO_MITSHM': '1', 'PATH': '/vscode/vscode-server/bin/linux-x64/0f0d87fa9e96c856c5212fc86db137ac0d783365/bin/remote-cli:/opt/ros/jazzy/opt/gz_msgs_vendor/bin:/opt/ros/jazzy/opt/gz_tools_vendor/bin:/opt/ros/jazzy/opt/gz_ogre_next_vendor/bin:/opt/ros/jazzy/bin:/usr/local/sbin:/usr/local/bin:/usr/sbin:/usr/bin:/sbin:/bin', 'REMOTE_CONTAINERS_SOCKETS': '["/tmp/vscode-ssh-auth-4e417db4-7c1a-4b01-af48-e54fed4a36cc.sock","/home/robotik/.gnupg/S.gpg-agent"]', 'DISPLAY': ':1', 'LANG': 'C.UTF-8', 'PYTHONSTARTUP': '/home/robotik/.vscode-server/data/User/workspaceStorage/c9fa6eec5cd49662c868376ad1ad25b6/ms-python.python/pythonrc.py', 'LS_COLORS': 'rs=0:di=01;34:ln=01;36:mh=00:pi=40;33:so=01;35:do=01;35:bd=40;33;01:cd=40;33;01:or=40;31;01:mi=00:su=37;41:sg=30;43:ca=00:tw=30;42:ow=34;42:st=37;44:ex=01;32:*.tar=01;31:*.tgz=01;31:*.arc=01;31:*.arj=01;31:*.taz=01;31:*.lha=01;31:*.lz4=01;31:*.lzh=01;31:*.lzma=01;31:*.tlz=01;31:*.txz=01;31:*.tzo=01;31:*.t7z=01;31:*.zip=01;31:*.z=01;31:*.dz=01;31:*.gz=01;31:*.lrz=01;31:*.lz=01;31:*.lzo=01;31:*.xz=01;31:*.zst=01;31:*.tzst=01;31:*.bz2=01;31:*.bz=01;31:*.tbz=01;31:*.tbz2=01;31:*.tz=01;31:*.deb=01;31:*.rpm=01;31:*.jar=01;31:*.war=01;31:*.ear=01;31:*.sar=01;31:*.rar=01;31:*.alz=01;31:*.ace=01;31:*.zoo=01;31:*.cpio=01;31:*.7z=01;31:*.rz=01;31:*.cab=01;31:*.wim=01;31:*.swm=01;31:*.dwm=01;31:*.esd=01;31:*.avif=01;35:*.jpg=01;35:*.jpeg=01;35:*.mjpg=01;35:*.mjpeg=01;35:*.gif=01;35:*.bmp=01;35:*.pbm=01;35:*.pgm=01;35:*.ppm=01;35:*.tga=01;35:*.xbm=01;35:*.xpm=01;35:*.tif=01;35:*.tiff=01;35:*.png=01;35:*.svg=01;35:*.svgz=01;35:*.mng=01;35:*.pcx=01;35:*.mov=01;35:*.mpg=01;35:*.mpeg=01;35:*.m2v=01;35:*.mkv=01;35:*.webm=01;35:*.webp=01;35:*.ogm=01;35:*.mp4=01;35:*.m4v=01;35:*.mp4v=01;35:*.vob=01;35:*.qt=01;35:*.nuv=01;35:*.wmv=01;35:*.asf=01;35:*.rm=01;35:*.rmvb=01;35:*.flc=01;35:*.avi=01;35:*.fli=01;35:*.flv=01;35:*.gl=01;35:*.dl=01;35:*.xcf=01;35:*.xwd=01;35:*.yuv=01;35:*.cgm=01;35:*.emf=01;35:*.ogv=01;35:*.ogx=01;35:*.aac=00;36:*.au=00;36:*.flac=00;36:*.m4a=00;36:*.mid=00;36:*.midi=00;36:*.mka=00;36:*.mp3=00;36:*.mpc=00;36:*.ogg=00;36:*.ra=00;36:*.wav=00;36:*.oga=00;36:*.opus=00;36:*.spx=00;36:*.xspf=00;36:*~=00;90:*#=00;90:*.bak=00;90:*.crdownload=00;90:*.dpkg-dist=00;90:*.dpkg-new=00;90:*.dpkg-old=00;90:*.dpkg-tmp=00;90:*.old=00;90:*.orig=00;90:*.part=00;90:*.rej=00;90:*.rpmnew=00;90:*.rpmorig=00;90:*.rpmsave=00;90:*.swp=00;90:*.tmp=00;90:*.ucf-dist=00;90:*.ucf-new=00;90:*.ucf-old=00;90:', 'VSCODE_GIT_IPC_HANDLE': '/tmp/vscode-git-097b13c4b4.sock', 'TERM_PROGRAM': 'vscode', 'SSH_AUTH_SOCK': '/tmp/vscode-ssh-auth-4e417db4-7c1a-4b01-af48-e54fed4a36cc.sock', 'ROS_DOMAIN_ID': '42', 'AMENT_PREFIX_PATH': '/home/ws/install/opennav_coverage_bt:/home/ws/install/opennav_coverage:/home/ws/install/opennav_coverage_msgs:/home/ws/install/temizlik_navigation:/opt/ros/jazzy', 'SHELL': '/bin/bash', 'GK_GL_ADDR': 'http://127.0.0.1:40011', 'ROS_AUTOMATIC_DISCOVERY_RANGE': 'SUBNET', 'VSCODE_GIT_ASKPASS_EXTRA_ARGS': '', 'PWD': '/home/ws/build/opennav_coverage_bt', 'TURTLEBOT3_MODEL': 'burger', 'LC_ALL': 'C.UTF-8', 'PYTHONPATH': '/home/ws/install/opennav_coverage_msgs/lib/python3.12/site-packages:/opt/ros/jazzy/lib/python3.12/site-packages', 'COLCON': '1', 'CMAKE_PREFIX_PATH': '/home/ws/install/opennav_coverage_msgs:/home/ws/install/opennav_coverage_bt:/home/ws/install/opennav_coverage:/home/ws/install/fields2cover:/home/ws/install/temizlik_navigation:/opt/ros/jazzy/opt/gz_sim_vendor:/opt/ros/jazzy/opt/gz_sensors_vendor:/opt/ros/jazzy/opt/gz_physics_vendor:/opt/ros/jazzy/opt/sdformat_vendor:/opt/ros/jazzy/opt/gz_gui_vendor:/opt/ros/jazzy/opt/gz_transport_vendor:/opt/ros/jazzy/opt/gz_rendering_vendor:/opt/ros/jazzy/opt/gz_plugin_vendor:/opt/ros/jazzy/opt/gz_fuel_tools_vendor:/opt/ros/jazzy/opt/gz_msgs_vendor:/opt/ros/jazzy/opt/gz_common_vendor:/opt/ros/jazzy/opt/gz_math_vendor:/opt/ros/jazzy/opt/gz_utils_vendor:/opt/ros/jazzy/opt/gz_tools_vendor:/opt/ros/jazzy/opt/gz_ogre_next_vendor:/opt/ros/jazzy/opt/gz_dartsim_vendor:/opt/ros/jazzy/opt/gz_cmake_vendor:/opt/ros/jazzy'}), 'shell': False}
[30.093675] (opennav_coverage_bt) StdoutLine: {'line': b'-- Install configuration: ""\n'}
[30.093837] (opennav_coverage_bt) StdoutLine: {'line': b'-- Installing: /home/ws/install/opennav_coverage_bt/lib/libopennav_compute_complete_coverage_action_bt_node.so\n'}
[30.096168] (opennav_coverage_bt) StdoutLine: {'line': b'-- Set non-toolchain portion of runtime path of "/home/ws/install/opennav_coverage_bt/lib/libopennav_compute_complete_coverage_action_bt_node.so" to ""\n'}
[30.096282] (opennav_coverage_bt) StdoutLine: {'line': b'-- Installing: /home/ws/install/opennav_coverage_bt/lib/libopennav_cancel_complete_coverage_action_bt_node.so\n'}
[30.097243] (opennav_coverage_bt) StdoutLine: {'line': b'-- Set non-toolchain portion of runtime path of "/home/ws/install/opennav_coverage_bt/lib/libopennav_cancel_complete_coverage_action_bt_node.so" to ""\n'}
[30.097314] (opennav_coverage_bt) StdoutLine: {'line': b'-- Installing: /home/ws/install/opennav_coverage_bt/include/\n'}
[30.097373] (opennav_coverage_bt) StdoutLine: {'line': b'-- Installing: /home/ws/install/opennav_coverage_bt/include//opennav_coverage_bt\n'}
[30.097426] (opennav_coverage_bt) StdoutLine: {'line': b'-- Installing: /home/ws/install/opennav_coverage_bt/include//opennav_coverage_bt/compute_complete_coverage_path.hpp\n'}
[30.097510] (opennav_coverage_bt) StdoutLine: {'line': b'-- Installing: /home/ws/install/opennav_coverage_bt/include//opennav_coverage_bt/utils.hpp\n'}
[30.097611] (opennav_coverage_bt) StdoutLine: {'line': b'-- Installing: /home/ws/install/opennav_coverage_bt/include//opennav_coverage_bt/cancel_complete_coverage_path.hpp\n'}
[30.097729] (opennav_coverage_bt) StdoutLine: {'line': b'-- Installing: /home/ws/install/opennav_coverage_bt/share/opennav_coverage_bt/behavior_trees\n'}
[30.097831] (opennav_coverage_bt) StdoutLine: {'line': b'-- Installing: /home/ws/install/opennav_coverage_bt/share/opennav_coverage_bt/behavior_trees/navigate_w_basic_row_complete_coverage.xml\n'}
[30.097928] (opennav_coverage_bt) StdoutLine: {'line': b'-- Installing: /home/ws/install/opennav_coverage_bt/share/opennav_coverage_bt/behavior_trees/navigate_w_basic_complete_coverage_nav_to_start.xml\n'}
[30.098019] (opennav_coverage_bt) StdoutLine: {'line': b'-- Installing: /home/ws/install/opennav_coverage_bt/share/opennav_coverage_bt/behavior_trees/navigate_w_basic_complete_coverage.xml\n'}
[30.098172] (opennav_coverage_bt) StdoutLine: {'line': b'-- Installing: /home/ws/install/opennav_coverage_bt/share/opennav_coverage_bt/environment/library_path.sh\n'}
[30.098329] (opennav_coverage_bt) StdoutLine: {'line': b'-- Installing: /home/ws/install/opennav_coverage_bt/share/opennav_coverage_bt/environment/library_path.dsv\n'}
[30.098522] (opennav_coverage_bt) StdoutLine: {'line': b'-- Installing: /home/ws/install/opennav_coverage_bt/share/ament_index/resource_index/package_run_dependencies/opennav_coverage_bt\n'}
[30.098644] (opennav_coverage_bt) StdoutLine: {'line': b'-- Installing: /home/ws/install/opennav_coverage_bt/share/ament_index/resource_index/parent_prefix_path/opennav_coverage_bt\n'}
[30.098746] (opennav_coverage_bt) StdoutLine: {'line': b'-- Installing: /home/ws/install/opennav_coverage_bt/share/opennav_coverage_bt/environment/ament_prefix_path.sh\n'}
[30.098844] (opennav_coverage_bt) StdoutLine: {'line': b'-- Installing: /home/ws/install/opennav_coverage_bt/share/opennav_coverage_bt/environment/ament_prefix_path.dsv\n'}
[30.098933] (opennav_coverage_bt) StdoutLine: {'line': b'-- Installing: /home/ws/install/opennav_coverage_bt/share/opennav_coverage_bt/environment/path.sh\n'}
[30.099036] (opennav_coverage_bt) StdoutLine: {'line': b'-- Installing: /home/ws/install/opennav_coverage_bt/share/opennav_coverage_bt/environment/path.dsv\n'}
[30.099119] (opennav_coverage_bt) StdoutLine: {'line': b'-- Installing: /home/ws/install/opennav_coverage_bt/share/opennav_coverage_bt/local_setup.bash\n'}
[30.099199] (opennav_coverage_bt) StdoutLine: {'line': b'-- Installing: /home/ws/install/opennav_coverage_bt/share/opennav_coverage_bt/local_setup.sh\n'}
[30.099290] (opennav_coverage_bt) StdoutLine: {'line': b'-- Installing: /home/ws/install/opennav_coverage_bt/share/opennav_coverage_bt/local_setup.zsh\n'}
[30.099377] (opennav_coverage_bt) StdoutLine: {'line': b'-- Installing: /home/ws/install/opennav_coverage_bt/share/opennav_coverage_bt/local_setup.dsv\n'}
[30.099459] (opennav_coverage_bt) StdoutLine: {'line': b'-- Installing: /home/ws/install/opennav_coverage_bt/share/opennav_coverage_bt/package.dsv\n'}
[30.099569] (opennav_coverage_bt) StdoutLine: {'line': b'-- Installing: /home/ws/install/opennav_coverage_bt/share/ament_index/resource_index/packages/opennav_coverage_bt\n'}
[30.099679] (opennav_coverage_bt) StdoutLine: {'line': b'-- Installing: /home/ws/install/opennav_coverage_bt/share/opennav_coverage_bt/cmake/ament_cmake_export_include_directories-extras.cmake\n'}
[30.099764] (opennav_coverage_bt) StdoutLine: {'line': b'-- Installing: /home/ws/install/opennav_coverage_bt/share/opennav_coverage_bt/cmake/ament_cmake_export_libraries-extras.cmake\n'}
[30.099853] (opennav_coverage_bt) StdoutLine: {'line': b'-- Installing: /home/ws/install/opennav_coverage_bt/share/opennav_coverage_bt/cmake/ament_cmake_export_dependencies-extras.cmake\n'}
[30.099940] (opennav_coverage_bt) StdoutLine: {'line': b'-- Installing: /home/ws/install/opennav_coverage_bt/share/opennav_coverage_bt/cmake/opennav_coverage_btConfig.cmake\n'}
[30.100013] (opennav_coverage_bt) StdoutLine: {'line': b'-- Installing: /home/ws/install/opennav_coverage_bt/share/opennav_coverage_bt/cmake/opennav_coverage_btConfig-version.cmake\n'}
[30.100096] (opennav_coverage_bt) StdoutLine: {'line': b'-- Installing: /home/ws/install/opennav_coverage_bt/share/opennav_coverage_bt/package.xml\n'}
[30.101657] (opennav_coverage_bt) CommandEnded: {'returncode': 0}
[30.111540] (opennav_coverage_bt) JobEnded: {'identifier': 'opennav_coverage_bt', 'rc': 0}
[30.136536] (-) TimerEvent: {}
[30.236773] (-) TimerEvent: {}
[30.337008] (-) TimerEvent: {}
[30.437251] (-) TimerEvent: {}
[30.537504] (-) TimerEvent: {}
[30.637745] (-) TimerEvent: {}
[30.737980] (-) TimerEvent: {}
[30.816918] (fields2cover) StdoutLine: {'line': b'[100%] \x1b[32m\x1b[1mLinking CXX executable unittests\x1b[0m\n'}
[30.838074] (-) TimerEvent: {}
[30.938298] (-) TimerEvent: {}
[31.038512] (-) TimerEvent: {}
[31.044932] (fields2cover) StdoutLine: {'line': b'[100%] Built target unittests\n'}
[31.056248] (fields2cover) CommandEnded: {'returncode': 0}
[31.056675] (fields2cover) JobProgress: {'identifier': 'fields2cover', 'progress': 'install'}
[31.056905] (fields2cover) Command: {'cmd': ['/usr/bin/cmake', '--install', '/home/ws/build/fields2cover'], 'cwd': '/home/ws/build/fields2cover', 'env': OrderedDict({'PYTHON_BASIC_REPL': '1', 'GZ_SIM_RESOURCE_PATH': '/opt/ros/jazzy/share', 'GZ_CONFIG_PATH': '/opt/ros/jazzy/opt/gz_sim_vendor/share/gz:/opt/ros/jazzy/opt/sdformat_vendor/share/gz:/opt/ros/jazzy/opt/gz_gui_vendor/share/gz:/opt/ros/jazzy/opt/gz_transport_vendor/share/gz:/opt/ros/jazzy/opt/gz_rendering_vendor/share/gz:/opt/ros/jazzy/opt/gz_plugin_vendor/share/gz:/opt/ros/jazzy/opt/gz_fuel_tools_vendor/share/gz:/opt/ros/jazzy/opt/gz_msgs_vendor/share/gz:/opt/ros/jazzy/opt/gz_common_vendor/share/gz', 'HOSTNAME': 'robotik-MS-7E27', 'GIT_ASKPASS': '/vscode/vscode-server/bin/linux-x64/0f0d87fa9e96c856c5212fc86db137ac0d783365/extensions/git/dist/askpass.sh', 'SHLVL': '2', 'LD_LIBRARY_PATH': '/home/ws/install/opennav_coverage_bt/lib:/home/ws/install/opennav_coverage/lib:/home/ws/install/opennav_coverage_msgs/lib:/home/ws/install/fields2cover/lib:/opt/ros/jazzy/opt/gz_sim_vendor/lib:/opt/ros/jazzy/opt/gz_sensors_vendor/lib:/opt/ros/jazzy/opt/gz_physics_vendor/lib:/opt/ros/jazzy/opt/sdformat_vendor/lib:/opt/ros/jazzy/opt/rviz_ogre_vendor/lib:/opt/ros/jazzy/lib/x86_64-linux-gnu:/opt/ros/jazzy/opt/gz_gui_vendor/lib:/opt/ros/jazzy/opt/gz_transport_vendor/lib:/opt/ros/jazzy/opt/gz_rendering_vendor/lib:/opt/ros/jazzy/opt/gz_plugin_vendor/lib:/opt/ros/jazzy/opt/gz_fuel_tools_vendor/lib:/opt/ros/jazzy/opt/gz_msgs_vendor/lib:/opt/ros/jazzy/opt/gz_common_vendor/lib:/opt/ros/jazzy/opt/gz_math_vendor/lib:/opt/ros/jazzy/opt/gz_utils_vendor/lib:/opt/ros/jazzy/opt/gz_tools_vendor/lib:/opt/ros/jazzy/opt/gz_ogre_next_vendor/lib:/opt/ros/jazzy/opt/gz_dartsim_vendor/lib:/opt/ros/jazzy/opt/gz_cmake_vendor/lib:/opt/ros/jazzy/lib', 'BROWSER': '/vscode/vscode-server/bin/linux-x64/0f0d87fa9e96c856c5212fc86db137ac0d783365/bin/helpers/browser.sh', 'HOME': '/home/robotik', 'OLDPWD': '/home/ws', 'TERM_PROGRAM_VERSION': '1.104.1', 'VSCODE_IPC_HOOK_CLI': '/tmp/vscode-ipc-34229b74-0b4a-4ada-80c6-49487c911e82.sock', 'ROS_PYTHON_VERSION': '3', 'GK_GL_PATH': '/tmp/gitkraken/gitlens/gitlens-ipc-server-51464-40011.json', 'VSCODE_GIT_ASKPASS_MAIN': '/vscode/vscode-server/bin/linux-x64/0f0d87fa9e96c856c5212fc86db137ac0d783365/extensions/git/dist/askpass-main.js', 'VSCODE_GIT_ASKPASS_NODE': '/vscode/vscode-server/bin/linux-x64/0f0d87fa9e96c856c5212fc86db137ac0d783365/node', 'VSCODE_PYTHON_AUTOACTIVATE_GUARD': '1', 'COLORTERM': 'truecolor', 'REMOTE_CONTAINERS': 'true', 'COLCON_PREFIX_PATH': '/home/ws/install', 'ROS_DISTRO': 'jazzy', 'REMOTE_CONTAINERS_IPC': '/tmp/vscode-remote-containers-ipc-4e417db4-7c1a-4b01-af48-e54fed4a36cc.sock', '_': '/usr/bin/colcon', 'ROS_VERSION': '2', 'PKG_CONFIG_PATH': '/home/ws/install/fields2cover/lib/x86_64-linux-gnu/pkgconfig:/home/ws/install/fields2cover/lib/pkgconfig', 'TERM': 'xterm-256color', 'ROS_LOCALHOST_ONLY': '1', 'QT_X11_NO_MITSHM': '1', 'PATH': '/vscode/vscode-server/bin/linux-x64/0f0d87fa9e96c856c5212fc86db137ac0d783365/bin/remote-cli:/opt/ros/jazzy/opt/gz_msgs_vendor/bin:/opt/ros/jazzy/opt/gz_tools_vendor/bin:/opt/ros/jazzy/opt/gz_ogre_next_vendor/bin:/opt/ros/jazzy/bin:/usr/local/sbin:/usr/local/bin:/usr/sbin:/usr/bin:/sbin:/bin', 'REMOTE_CONTAINERS_SOCKETS': '["/tmp/vscode-ssh-auth-4e417db4-7c1a-4b01-af48-e54fed4a36cc.sock","/home/robotik/.gnupg/S.gpg-agent"]', 'DISPLAY': ':1', 'LANG': 'C.UTF-8', 'PYTHONSTARTUP': '/home/robotik/.vscode-server/data/User/workspaceStorage/c9fa6eec5cd49662c868376ad1ad25b6/ms-python.python/pythonrc.py', 'LS_COLORS': 'rs=0:di=01;34:ln=01;36:mh=00:pi=40;33:so=01;35:do=01;35:bd=40;33;01:cd=40;33;01:or=40;31;01:mi=00:su=37;41:sg=30;43:ca=00:tw=30;42:ow=34;42:st=37;44:ex=01;32:*.tar=01;31:*.tgz=01;31:*.arc=01;31:*.arj=01;31:*.taz=01;31:*.lha=01;31:*.lz4=01;31:*.lzh=01;31:*.lzma=01;31:*.tlz=01;31:*.txz=01;31:*.tzo=01;31:*.t7z=01;31:*.zip=01;31:*.z=01;31:*.dz=01;31:*.gz=01;31:*.lrz=01;31:*.lz=01;31:*.lzo=01;31:*.xz=01;31:*.zst=01;31:*.tzst=01;31:*.bz2=01;31:*.bz=01;31:*.tbz=01;31:*.tbz2=01;31:*.tz=01;31:*.deb=01;31:*.rpm=01;31:*.jar=01;31:*.war=01;31:*.ear=01;31:*.sar=01;31:*.rar=01;31:*.alz=01;31:*.ace=01;31:*.zoo=01;31:*.cpio=01;31:*.7z=01;31:*.rz=01;31:*.cab=01;31:*.wim=01;31:*.swm=01;31:*.dwm=01;31:*.esd=01;31:*.avif=01;35:*.jpg=01;35:*.jpeg=01;35:*.mjpg=01;35:*.mjpeg=01;35:*.gif=01;35:*.bmp=01;35:*.pbm=01;35:*.pgm=01;35:*.ppm=01;35:*.tga=01;35:*.xbm=01;35:*.xpm=01;35:*.tif=01;35:*.tiff=01;35:*.png=01;35:*.svg=01;35:*.svgz=01;35:*.mng=01;35:*.pcx=01;35:*.mov=01;35:*.mpg=01;35:*.mpeg=01;35:*.m2v=01;35:*.mkv=01;35:*.webm=01;35:*.webp=01;35:*.ogm=01;35:*.mp4=01;35:*.m4v=01;35:*.mp4v=01;35:*.vob=01;35:*.qt=01;35:*.nuv=01;35:*.wmv=01;35:*.asf=01;35:*.rm=01;35:*.rmvb=01;35:*.flc=01;35:*.avi=01;35:*.fli=01;35:*.flv=01;35:*.gl=01;35:*.dl=01;35:*.xcf=01;35:*.xwd=01;35:*.yuv=01;35:*.cgm=01;35:*.emf=01;35:*.ogv=01;35:*.ogx=01;35:*.aac=00;36:*.au=00;36:*.flac=00;36:*.m4a=00;36:*.mid=00;36:*.midi=00;36:*.mka=00;36:*.mp3=00;36:*.mpc=00;36:*.ogg=00;36:*.ra=00;36:*.wav=00;36:*.oga=00;36:*.opus=00;36:*.spx=00;36:*.xspf=00;36:*~=00;90:*#=00;90:*.bak=00;90:*.crdownload=00;90:*.dpkg-dist=00;90:*.dpkg-new=00;90:*.dpkg-old=00;90:*.dpkg-tmp=00;90:*.old=00;90:*.orig=00;90:*.part=00;90:*.rej=00;90:*.rpmnew=00;90:*.rpmorig=00;90:*.rpmsave=00;90:*.swp=00;90:*.tmp=00;90:*.ucf-dist=00;90:*.ucf-new=00;90:*.ucf-old=00;90:', 'VSCODE_GIT_IPC_HANDLE': '/tmp/vscode-git-097b13c4b4.sock', 'TERM_PROGRAM': 'vscode', 'SSH_AUTH_SOCK': '/tmp/vscode-ssh-auth-4e417db4-7c1a-4b01-af48-e54fed4a36cc.sock', 'ROS_DOMAIN_ID': '42', 'AMENT_PREFIX_PATH': '/home/ws/install/opennav_coverage_bt:/home/ws/install/opennav_coverage:/home/ws/install/opennav_coverage_msgs:/home/ws/install/temizlik_navigation:/opt/ros/jazzy', 'SHELL': '/bin/bash', 'GK_GL_ADDR': 'http://127.0.0.1:40011', 'ROS_AUTOMATIC_DISCOVERY_RANGE': 'SUBNET', 'VSCODE_GIT_ASKPASS_EXTRA_ARGS': '', 'PWD': '/home/ws/build/fields2cover', 'TURTLEBOT3_MODEL': 'burger', 'LC_ALL': 'C.UTF-8', 'PYTHONPATH': '/home/ws/install/opennav_coverage_msgs/lib/python3.12/site-packages:/opt/ros/jazzy/lib/python3.12/site-packages', 'COLCON': '1', 'CMAKE_PREFIX_PATH': '/home/ws/install/opennav_coverage_bt:/home/ws/install/opennav_coverage:/home/ws/install/opennav_coverage_msgs:/home/ws/install/fields2cover:/home/ws/install/temizlik_navigation:/opt/ros/jazzy/opt/gz_sim_vendor:/opt/ros/jazzy/opt/gz_sensors_vendor:/opt/ros/jazzy/opt/gz_physics_vendor:/opt/ros/jazzy/opt/sdformat_vendor:/opt/ros/jazzy/opt/gz_gui_vendor:/opt/ros/jazzy/opt/gz_transport_vendor:/opt/ros/jazzy/opt/gz_rendering_vendor:/opt/ros/jazzy/opt/gz_plugin_vendor:/opt/ros/jazzy/opt/gz_fuel_tools_vendor:/opt/ros/jazzy/opt/gz_msgs_vendor:/opt/ros/jazzy/opt/gz_common_vendor:/opt/ros/jazzy/opt/gz_math_vendor:/opt/ros/jazzy/opt/gz_utils_vendor:/opt/ros/jazzy/opt/gz_tools_vendor:/opt/ros/jazzy/opt/gz_ogre_next_vendor:/opt/ros/jazzy/opt/gz_dartsim_vendor:/opt/ros/jazzy/opt/gz_cmake_vendor:/opt/ros/jazzy'}), 'shell': False}
[31.063907] (fields2cover) StdoutLine: {'line': b'-- Install configuration: "Release"\n'}
[31.064179] (fields2cover) StdoutLine: {'line': b'-- Installing: /home/ws/install/fields2cover/lib/libtinyxml2.so.9.0.0\n'}
[31.064370] (fields2cover) StdoutLine: {'line': b'-- Installing: /home/ws/install/fields2cover/lib/libtinyxml2.so.9\n'}
[31.064433] (fields2cover) StdoutLine: {'line': b'-- Installing: /home/ws/install/fields2cover/lib/libtinyxml2.so\n'}
[31.064513] (fields2cover) StdoutLine: {'line': b'-- Installing: /home/ws/install/fields2cover/lib/cmake/tinyxml2/tinyxml2-shared-targets.cmake\n'}
[31.064607] (fields2cover) StdoutLine: {'line': b'-- Installing: /home/ws/install/fields2cover/lib/cmake/tinyxml2/tinyxml2-shared-targets-release.cmake\n'}
[31.064696] (fields2cover) StdoutLine: {'line': b'-- Installing: /home/ws/install/fields2cover/lib/cmake/tinyxml2/tinyxml2-config.cmake\n'}
[31.064774] (fields2cover) StdoutLine: {'line': b'-- Installing: /home/ws/install/fields2cover/lib/cmake/tinyxml2/tinyxml2-config-version.cmake\n'}
[31.064887] (fields2cover) StdoutLine: {'line': b'-- Installing: /home/ws/install/fields2cover/include/tinyxml2.h\n'}
[31.065074] (fields2cover) StdoutLine: {'line': b'-- Installing: /home/ws/install/fields2cover/lib/pkgconfig/tinyxml2.pc\n'}
[31.065244] (fields2cover) StdoutLine: {'line': b'-- Installing: /home/ws/install/fields2cover/lib/libsteering_functions.so\n'}
[31.065828] (fields2cover) StdoutLine: {'line': b'-- Installing: /home/ws/install/fields2cover/cmake/spline/splineTargets.cmake\n'}
[31.065921] (fields2cover) StdoutLine: {'line': b'-- Installing: /home/ws/install/fields2cover/cmake/spline/splineConfig.cmake\n'}
[31.066009] (fields2cover) StdoutLine: {'line': b'-- Installing: /home/ws/install/fields2cover/include/spline.h\n'}
[31.066255] (fields2cover) StdoutLine: {'line': b'-- Installing: /home/ws/install/fields2cover/cmake/matplotlib_cpp/matplotlib_cppTargets.cmake\n'}
[31.066370] (fields2cover) StdoutLine: {'line': b'-- Installing: /home/ws/install/fields2cover/cmake/matplotlib_cpp/matplotlib_cppConfig.cmake\n'}
[31.066469] (fields2cover) StdoutLine: {'line': b'-- Installing: /home/ws/install/fields2cover/include/matplotlibcpp.h\n'}
[31.066669] (fields2cover) StdoutLine: {'line': b'-- Installing: /home/ws/install/fields2cover/lib/libFields2Cover.so\n'}
[31.067406] (fields2cover) StdoutLine: {'line': b'-- Set non-toolchain portion of runtime path of "/home/ws/install/fields2cover/lib/libFields2Cover.so" to ""\n'}
[31.067462] (fields2cover) StdoutLine: {'line': b'-- Installing: /home/ws/install/fields2cover/include/fields2cover.h\n'}
[31.067610] (fields2cover) StdoutLine: {'line': b'-- Up-to-date: /home/ws/install/fields2cover/lib/libtinyxml2.so.9.0.0\n'}
[31.067660] (fields2cover) StdoutLine: {'line': b'-- Up-to-date: /home/ws/install/fields2cover/lib/libtinyxml2.so.9\n'}
[31.067692] (fields2cover) StdoutLine: {'line': b'-- Up-to-date: /home/ws/install/fields2cover/lib/libtinyxml2.so\n'}
[31.067746] (fields2cover) StdoutLine: {'line': b'-- Up-to-date: /home/ws/install/fields2cover/lib/libsteering_functions.so\n'}
[31.067819] (fields2cover) StdoutLine: {'line': b'-- Installing: /home/ws/install/fields2cover/cmake/fields2cover/Fields2Cover-shared-Targets.cmake\n'}
[31.067932] (fields2cover) StdoutLine: {'line': b'-- Installing: /home/ws/install/fields2cover/cmake/fields2cover/Fields2Cover-shared-Targets-release.cmake\n'}
[31.068033] (fields2cover) StdoutLine: {'line': b'-- Installing: /home/ws/install/fields2cover/cmake/fields2cover/Fields2CoverConfig.cmake\n'}
[31.068118] (fields2cover) StdoutLine: {'line': b'-- Installing: /home/ws/install/fields2cover/cmake/fields2cover/Fields2CoverConfigVersion.cmake\n'}
[31.068264] (fields2cover) StdoutLine: {'line': b'-- Installing: /home/ws/install/fields2cover/share/Fields2Cover/package.xml\n'}
[31.068363] (fields2cover) StdoutLine: {'line': b'-- Up-to-date: /home/ws/install/fields2cover/include\n'}
[31.068407] (fields2cover) StdoutLine: {'line': b'-- Installing: /home/ws/install/fields2cover/include/fields2cover\n'}
[31.068447] (fields2cover) StdoutLine: {'line': b'-- Installing: /home/ws/install/fields2cover/include/fields2cover/objectives\n'}
[31.068488] (fields2cover) StdoutLine: {'line': b'-- Installing: /home/ws/install/fields2cover/include/fields2cover/objectives/overlaps.h\n'}
[31.068565] (fields2cover) StdoutLine: {'line': b'-- Installing: /home/ws/install/fields2cover/include/fields2cover/objectives/sg_objective.h\n'}
[31.068634] (fields2cover) StdoutLine: {'line': b'-- Installing: /home/ws/install/fields2cover/include/fields2cover/objectives/rem_area.h\n'}
[31.068705] (fields2cover) StdoutLine: {'line': b'-- Installing: /home/ws/install/fields2cover/include/fields2cover/objectives/base_objective.h\n'}
[31.068775] (fields2cover) StdoutLine: {'line': b'-- Installing: /home/ws/install/fields2cover/include/fields2cover/objectives/pp_objective.h\n'}
[31.068847] (fields2cover) StdoutLine: {'line': b'-- Installing: /home/ws/install/fields2cover/include/fields2cover/objectives/complete_turn_path_obj.h\n'}
[31.068917] (fields2cover) StdoutLine: {'line': b'-- Installing: /home/ws/install/fields2cover/include/fields2cover/objectives/field_coverage.h\n'}
[31.068987] (fields2cover) StdoutLine: {'line': b'-- Installing: /home/ws/install/fields2cover/include/fields2cover/objectives/path_length.h\n'}
[31.069058] (fields2cover) StdoutLine: {'line': b'-- Installing: /home/ws/install/fields2cover/include/fields2cover/objectives/n_swath.h\n'}
[31.069132] (fields2cover) StdoutLine: {'line': b'-- Installing: /home/ws/install/fields2cover/include/fields2cover/objectives/hg_objective.h\n'}
[31.069203] (fields2cover) StdoutLine: {'line': b'-- Installing: /home/ws/install/fields2cover/include/fields2cover/objectives/rp_objective.h\n'}
[31.069283] (fields2cover) StdoutLine: {'line': b'-- Installing: /home/ws/install/fields2cover/include/fields2cover/objectives/swath_length.h\n'}
[31.069402] (fields2cover) StdoutLine: {'line': b'-- Installing: /home/ws/install/fields2cover/include/fields2cover/objectives/direct_dist_path_obj.h\n'}
[31.069449] (fields2cover) StdoutLine: {'line': b'-- Installing: /home/ws/install/fields2cover/include/fields2cover/swath_generator\n'}
[31.069553] (fields2cover) StdoutLine: {'line': b'-- Installing: /home/ws/install/fields2cover/include/fields2cover/swath_generator/swath_generator_base.h\n'}
[31.069599] (fields2cover) StdoutLine: {'line': b'-- Installing: /home/ws/install/fields2cover/include/fields2cover/swath_generator/brute_force.h\n'}
[31.069646] (fields2cover) StdoutLine: {'line': b'-- Installing: /home/ws/install/fields2cover/include/fields2cover/swath_generator/swath_generator_base_impl.hpp\n'}
[31.069724] (fields2cover) StdoutLine: {'line': b'-- Installing: /home/ws/install/fields2cover/include/fields2cover/utils\n'}
[31.069772] (fields2cover) StdoutLine: {'line': b'-- Installing: /home/ws/install/fields2cover/include/fields2cover/utils/transformation.h\n'}
[31.069844] (fields2cover) StdoutLine: {'line': b'-- Installing: /home/ws/install/fields2cover/include/fields2cover/utils/parser.h\n'}
[31.069913] (fields2cover) StdoutLine: {'line': b'-- Installing: /home/ws/install/fields2cover/include/fields2cover/utils/random.h\n'}
[31.069982] (fields2cover) StdoutLine: {'line': b'-- Installing: /home/ws/install/fields2cover/include/fields2cover/utils/visualizer.h\n'}
[31.070059] (fields2cover) StdoutLine: {'line': b'-- Installing: /home/ws/install/fields2cover/include/fields2cover/path_planning\n'}
[31.070107] (fields2cover) StdoutLine: {'line': b'-- Installing: /home/ws/install/fields2cover/include/fields2cover/path_planning/turning_base.h\n'}
[31.070183] (fields2cover) StdoutLine: {'line': b'-- Installing: /home/ws/install/fields2cover/include/fields2cover/path_planning/reeds_shepp_curves_hc.h\n'}
[31.070265] (fields2cover) StdoutLine: {'line': b'-- Installing: /home/ws/install/fields2cover/include/fields2cover/path_planning/dubins_curves.h\n'}
[31.070356] (fields2cover) StdoutLine: {'line': b'-- Installing: /home/ws/install/fields2cover/include/fields2cover/path_planning/steer_to_path.hpp\n'}
[31.070439] (fields2cover) StdoutLine: {'line': b'-- Installing: /home/ws/install/fields2cover/include/fields2cover/path_planning/reeds_shepp_curves.h\n'}
[31.070520] (fields2cover) StdoutLine: {'line': b'-- Installing: /home/ws/install/fields2cover/include/fields2cover/path_planning/dubins_curves_cc.h\n'}
[31.070601] (fields2cover) StdoutLine: {'line': b'-- Installing: /home/ws/install/fields2cover/include/fields2cover/path_planning/path_planning.h\n'}
[31.070685] (fields2cover) StdoutLine: {'line': b'-- Installing: /home/ws/install/fields2cover/include/fields2cover/types.h\n'}
[31.070762] (fields2cover) StdoutLine: {'line': b'-- Installing: /home/ws/install/fields2cover/include/fields2cover/headland_generator\n'}
[31.070813] (fields2cover) StdoutLine: {'line': b'-- Installing: /home/ws/install/fields2cover/include/fields2cover/headland_generator/headland_generator_base.h\n'}
[31.070885] (fields2cover) StdoutLine: {'line': b'-- Installing: /home/ws/install/fields2cover/include/fields2cover/headland_generator/constant_headland.h\n'}
[31.070952] (fields2cover) StdoutLine: {'line': b'-- Installing: /home/ws/install/fields2cover/include/fields2cover/types\n'}
[31.071002] (fields2cover) StdoutLine: {'line': b'-- Installing: /home/ws/install/fields2cover/include/fields2cover/types/MultiPoint.h\n'}
[31.071073] (fields2cover) StdoutLine: {'line': b'-- Installing: /home/ws/install/fields2cover/include/fields2cover/types/Route.h\n'}
[31.071142] (fields2cover) StdoutLine: {'line': b'-- Installing: /home/ws/install/fields2cover/include/fields2cover/types/Geometries.h\n'}
[31.071213] (fields2cover) StdoutLine: {'line': b'-- Installing: /home/ws/install/fields2cover/include/fields2cover/types/Swaths.h\n'}
[31.071292] (fields2cover) StdoutLine: {'line': b'-- Installing: /home/ws/install/fields2cover/include/fields2cover/types/Robot.h\n'}
[31.071373] (fields2cover) StdoutLine: {'line': b'-- Installing: /home/ws/install/fields2cover/include/fields2cover/types/MultiLineString.h\n'}
[31.071447] (fields2cover) StdoutLine: {'line': b'-- Installing: /home/ws/install/fields2cover/include/fields2cover/types/Path.h\n'}
[31.071521] (fields2cover) StdoutLine: {'line': b'-- Installing: /home/ws/install/fields2cover/include/fields2cover/types/Geometry.h\n'}
[31.071600] (fields2cover) StdoutLine: {'line': b'-- Installing: /home/ws/install/fields2cover/include/fields2cover/types/Cell.h\n'}
[31.071682] (fields2cover) StdoutLine: {'line': b'-- Installing: /home/ws/install/fields2cover/include/fields2cover/types/Geometries_impl.hpp\n'}
[31.071768] (fields2cover) StdoutLine: {'line': b'-- Installing: /home/ws/install/fields2cover/include/fields2cover/types/Strip.h\n'}
[31.071850] (fields2cover) StdoutLine: {'line': b'-- Installing: /home/ws/install/fields2cover/include/fields2cover/types/Cells.h\n'}
[31.071931] (fields2cover) StdoutLine: {'line': b'-- Installing: /home/ws/install/fields2cover/include/fields2cover/types/Field.h\n'}
[31.072013] (fields2cover) StdoutLine: {'line': b'-- Installing: /home/ws/install/fields2cover/include/fields2cover/types/Geometry_impl.hpp\n'}
[31.072106] (fields2cover) StdoutLine: {'line': b'-- Installing: /home/ws/install/fields2cover/include/fields2cover/types/Swath.h\n'}
[31.072188] (fields2cover) StdoutLine: {'line': b'-- Installing: /home/ws/install/fields2cover/include/fields2cover/types/LinearRing.h\n'}
[31.072271] (fields2cover) StdoutLine: {'line': b'-- Installing: /home/ws/install/fields2cover/include/fields2cover/types/OptimizationParams.h\n'}
[31.072362] (fields2cover) StdoutLine: {'line': b'-- Installing: /home/ws/install/fields2cover/include/fields2cover/types/Point.h\n'}
[31.072443] (fields2cover) StdoutLine: {'line': b'-- Installing: /home/ws/install/fields2cover/include/fields2cover/types/LineString.h\n'}
[31.072523] (fields2cover) StdoutLine: {'line': b'-- Installing: /home/ws/install/fields2cover/include/fields2cover/route_planning\n'}
[31.072571] (fields2cover) StdoutLine: {'line': b'-- Installing: /home/ws/install/fields2cover/include/fields2cover/route_planning/boustrophedon_order.h\n'}
[31.072641] (fields2cover) StdoutLine: {'line': b'-- Installing: /home/ws/install/fields2cover/include/fields2cover/route_planning/custom_order.h\n'}
[31.072711] (fields2cover) StdoutLine: {'line': b'-- Installing: /home/ws/install/fields2cover/include/fields2cover/route_planning/single_cell_swaths_order_base.h\n'}
[31.072785] (fields2cover) StdoutLine: {'line': b'-- Installing: /home/ws/install/fields2cover/include/fields2cover/route_planning/snake_order.h\n'}
[31.072855] (fields2cover) StdoutLine: {'line': b'-- Installing: /home/ws/install/fields2cover/include/fields2cover/route_planning/spiral_order.h\n'}
[31.072926] (fields2cover) StdoutLine: {'line': b'-- Up-to-date: /home/ws/install/fields2cover/include/fields2cover.h\n'}
[31.074059] (fields2cover) CommandEnded: {'returncode': 0}
[31.080325] (fields2cover) JobEnded: {'identifier': 'fields2cover', 'rc': 0}
[31.080725] (opennav_coverage) JobStarted: {'identifier': 'opennav_coverage'}
[31.088204] (opennav_coverage) JobProgress: {'identifier': 'opennav_coverage', 'progress': 'cmake'}
[31.088545] (opennav_coverage) Command: {'cmd': ['/usr/bin/cmake', '/home/ws/src/opennav_coverage/opennav_coverage', '-DCMAKE_INSTALL_PREFIX=/home/ws/install/opennav_coverage'], 'cwd': '/home/ws/build/opennav_coverage', 'env': OrderedDict({'PYTHON_BASIC_REPL': '1', 'GZ_SIM_RESOURCE_PATH': '/opt/ros/jazzy/share', 'GZ_CONFIG_PATH': '/opt/ros/jazzy/opt/gz_sim_vendor/share/gz:/opt/ros/jazzy/opt/sdformat_vendor/share/gz:/opt/ros/jazzy/opt/gz_gui_vendor/share/gz:/opt/ros/jazzy/opt/gz_transport_vendor/share/gz:/opt/ros/jazzy/opt/gz_rendering_vendor/share/gz:/opt/ros/jazzy/opt/gz_plugin_vendor/share/gz:/opt/ros/jazzy/opt/gz_fuel_tools_vendor/share/gz:/opt/ros/jazzy/opt/gz_msgs_vendor/share/gz:/opt/ros/jazzy/opt/gz_common_vendor/share/gz', 'HOSTNAME': 'robotik-MS-7E27', 'GIT_ASKPASS': '/vscode/vscode-server/bin/linux-x64/0f0d87fa9e96c856c5212fc86db137ac0d783365/extensions/git/dist/askpass.sh', 'SHLVL': '2', 'LD_LIBRARY_PATH': '/home/ws/install/opennav_coverage_msgs/lib:/home/ws/install/fields2cover/lib:/home/ws/install/opennav_coverage_bt/lib:/home/ws/install/opennav_coverage/lib:/opt/ros/jazzy/opt/gz_sim_vendor/lib:/opt/ros/jazzy/opt/gz_sensors_vendor/lib:/opt/ros/jazzy/opt/gz_physics_vendor/lib:/opt/ros/jazzy/opt/sdformat_vendor/lib:/opt/ros/jazzy/opt/rviz_ogre_vendor/lib:/opt/ros/jazzy/lib/x86_64-linux-gnu:/opt/ros/jazzy/opt/gz_gui_vendor/lib:/opt/ros/jazzy/opt/gz_transport_vendor/lib:/opt/ros/jazzy/opt/gz_rendering_vendor/lib:/opt/ros/jazzy/opt/gz_plugin_vendor/lib:/opt/ros/jazzy/opt/gz_fuel_tools_vendor/lib:/opt/ros/jazzy/opt/gz_msgs_vendor/lib:/opt/ros/jazzy/opt/gz_common_vendor/lib:/opt/ros/jazzy/opt/gz_math_vendor/lib:/opt/ros/jazzy/opt/gz_utils_vendor/lib:/opt/ros/jazzy/opt/gz_tools_vendor/lib:/opt/ros/jazzy/opt/gz_ogre_next_vendor/lib:/opt/ros/jazzy/opt/gz_dartsim_vendor/lib:/opt/ros/jazzy/opt/gz_cmake_vendor/lib:/opt/ros/jazzy/lib', 'BROWSER': '/vscode/vscode-server/bin/linux-x64/0f0d87fa9e96c856c5212fc86db137ac0d783365/bin/helpers/browser.sh', 'HOME': '/home/robotik', 'OLDPWD': '/home/ws', 'TERM_PROGRAM_VERSION': '1.104.1', 'VSCODE_IPC_HOOK_CLI': '/tmp/vscode-ipc-34229b74-0b4a-4ada-80c6-49487c911e82.sock', 'ROS_PYTHON_VERSION': '3', 'GK_GL_PATH': '/tmp/gitkraken/gitlens/gitlens-ipc-server-51464-40011.json', 'VSCODE_GIT_ASKPASS_MAIN': '/vscode/vscode-server/bin/linux-x64/0f0d87fa9e96c856c5212fc86db137ac0d783365/extensions/git/dist/askpass-main.js', 'VSCODE_GIT_ASKPASS_NODE': '/vscode/vscode-server/bin/linux-x64/0f0d87fa9e96c856c5212fc86db137ac0d783365/node', 'VSCODE_PYTHON_AUTOACTIVATE_GUARD': '1', 'COLORTERM': 'truecolor', 'REMOTE_CONTAINERS': 'true', 'COLCON_PREFIX_PATH': '/home/ws/install', 'ROS_DISTRO': 'jazzy', 'REMOTE_CONTAINERS_IPC': '/tmp/vscode-remote-containers-ipc-4e417db4-7c1a-4b01-af48-e54fed4a36cc.sock', '_': '/usr/bin/colcon', 'ROS_VERSION': '2', 'PKG_CONFIG_PATH': '/home/ws/install/fields2cover/lib/x86_64-linux-gnu/pkgconfig:/home/ws/install/fields2cover/lib/pkgconfig', 'TERM': 'xterm-256color', 'ROS_LOCALHOST_ONLY': '1', 'QT_X11_NO_MITSHM': '1', 'PATH': '/vscode/vscode-server/bin/linux-x64/0f0d87fa9e96c856c5212fc86db137ac0d783365/bin/remote-cli:/opt/ros/jazzy/opt/gz_msgs_vendor/bin:/opt/ros/jazzy/opt/gz_tools_vendor/bin:/opt/ros/jazzy/opt/gz_ogre_next_vendor/bin:/opt/ros/jazzy/bin:/usr/local/sbin:/usr/local/bin:/usr/sbin:/usr/bin:/sbin:/bin', 'REMOTE_CONTAINERS_SOCKETS': '["/tmp/vscode-ssh-auth-4e417db4-7c1a-4b01-af48-e54fed4a36cc.sock","/home/robotik/.gnupg/S.gpg-agent"]', 'DISPLAY': ':1', 'LANG': 'C.UTF-8', 'PYTHONSTARTUP': '/home/robotik/.vscode-server/data/User/workspaceStorage/c9fa6eec5cd49662c868376ad1ad25b6/ms-python.python/pythonrc.py', 'LS_COLORS': 'rs=0:di=01;34:ln=01;36:mh=00:pi=40;33:so=01;35:do=01;35:bd=40;33;01:cd=40;33;01:or=40;31;01:mi=00:su=37;41:sg=30;43:ca=00:tw=30;42:ow=34;42:st=37;44:ex=01;32:*.tar=01;31:*.tgz=01;31:*.arc=01;31:*.arj=01;31:*.taz=01;31:*.lha=01;31:*.lz4=01;31:*.lzh=01;31:*.lzma=01;31:*.tlz=01;31:*.txz=01;31:*.tzo=01;31:*.t7z=01;31:*.zip=01;31:*.z=01;31:*.dz=01;31:*.gz=01;31:*.lrz=01;31:*.lz=01;31:*.lzo=01;31:*.xz=01;31:*.zst=01;31:*.tzst=01;31:*.bz2=01;31:*.bz=01;31:*.tbz=01;31:*.tbz2=01;31:*.tz=01;31:*.deb=01;31:*.rpm=01;31:*.jar=01;31:*.war=01;31:*.ear=01;31:*.sar=01;31:*.rar=01;31:*.alz=01;31:*.ace=01;31:*.zoo=01;31:*.cpio=01;31:*.7z=01;31:*.rz=01;31:*.cab=01;31:*.wim=01;31:*.swm=01;31:*.dwm=01;31:*.esd=01;31:*.avif=01;35:*.jpg=01;35:*.jpeg=01;35:*.mjpg=01;35:*.mjpeg=01;35:*.gif=01;35:*.bmp=01;35:*.pbm=01;35:*.pgm=01;35:*.ppm=01;35:*.tga=01;35:*.xbm=01;35:*.xpm=01;35:*.tif=01;35:*.tiff=01;35:*.png=01;35:*.svg=01;35:*.svgz=01;35:*.mng=01;35:*.pcx=01;35:*.mov=01;35:*.mpg=01;35:*.mpeg=01;35:*.m2v=01;35:*.mkv=01;35:*.webm=01;35:*.webp=01;35:*.ogm=01;35:*.mp4=01;35:*.m4v=01;35:*.mp4v=01;35:*.vob=01;35:*.qt=01;35:*.nuv=01;35:*.wmv=01;35:*.asf=01;35:*.rm=01;35:*.rmvb=01;35:*.flc=01;35:*.avi=01;35:*.fli=01;35:*.flv=01;35:*.gl=01;35:*.dl=01;35:*.xcf=01;35:*.xwd=01;35:*.yuv=01;35:*.cgm=01;35:*.emf=01;35:*.ogv=01;35:*.ogx=01;35:*.aac=00;36:*.au=00;36:*.flac=00;36:*.m4a=00;36:*.mid=00;36:*.midi=00;36:*.mka=00;36:*.mp3=00;36:*.mpc=00;36:*.ogg=00;36:*.ra=00;36:*.wav=00;36:*.oga=00;36:*.opus=00;36:*.spx=00;36:*.xspf=00;36:*~=00;90:*#=00;90:*.bak=00;90:*.crdownload=00;90:*.dpkg-dist=00;90:*.dpkg-new=00;90:*.dpkg-old=00;90:*.dpkg-tmp=00;90:*.old=00;90:*.orig=00;90:*.part=00;90:*.rej=00;90:*.rpmnew=00;90:*.rpmorig=00;90:*.rpmsave=00;90:*.swp=00;90:*.tmp=00;90:*.ucf-dist=00;90:*.ucf-new=00;90:*.ucf-old=00;90:', 'VSCODE_GIT_IPC_HANDLE': '/tmp/vscode-git-097b13c4b4.sock', 'TERM_PROGRAM': 'vscode', 'SSH_AUTH_SOCK': '/tmp/vscode-ssh-auth-4e417db4-7c1a-4b01-af48-e54fed4a36cc.sock', 'ROS_DOMAIN_ID': '42', 'AMENT_PREFIX_PATH': '/home/ws/install/opennav_coverage_bt:/home/ws/install/opennav_coverage:/home/ws/install/opennav_coverage_msgs:/home/ws/install/temizlik_navigation:/opt/ros/jazzy', 'SHELL': '/bin/bash', 'GK_GL_ADDR': 'http://127.0.0.1:40011', 'ROS_AUTOMATIC_DISCOVERY_RANGE': 'SUBNET', 'VSCODE_GIT_ASKPASS_EXTRA_ARGS': '', 'PWD': '/home/ws/build/opennav_coverage', 'TURTLEBOT3_MODEL': 'burger', 'LC_ALL': 'C.UTF-8', 'PYTHONPATH': '/home/ws/install/opennav_coverage_msgs/lib/python3.12/site-packages:/opt/ros/jazzy/lib/python3.12/site-packages', 'COLCON': '1', 'CMAKE_PREFIX_PATH': '/home/ws/install/opennav_coverage_msgs:/home/ws/install/fields2cover:/home/ws/install/opennav_coverage_bt:/home/ws/install/opennav_coverage:/home/ws/install/temizlik_navigation:/opt/ros/jazzy/opt/gz_sim_vendor:/opt/ros/jazzy/opt/gz_sensors_vendor:/opt/ros/jazzy/opt/gz_physics_vendor:/opt/ros/jazzy/opt/sdformat_vendor:/opt/ros/jazzy/opt/gz_gui_vendor:/opt/ros/jazzy/opt/gz_transport_vendor:/opt/ros/jazzy/opt/gz_rendering_vendor:/opt/ros/jazzy/opt/gz_plugin_vendor:/opt/ros/jazzy/opt/gz_fuel_tools_vendor:/opt/ros/jazzy/opt/gz_msgs_vendor:/opt/ros/jazzy/opt/gz_common_vendor:/opt/ros/jazzy/opt/gz_math_vendor:/opt/ros/jazzy/opt/gz_utils_vendor:/opt/ros/jazzy/opt/gz_tools_vendor:/opt/ros/jazzy/opt/gz_ogre_next_vendor:/opt/ros/jazzy/opt/gz_dartsim_vendor:/opt/ros/jazzy/opt/gz_cmake_vendor:/opt/ros/jazzy'}), 'shell': False}
[31.130619] (opennav_coverage) StdoutLine: {'line': b'-- The C compiler identification is GNU 13.3.0\n'}
[31.138577] (-) TimerEvent: {}
[31.170099] (opennav_coverage) StdoutLine: {'line': b'-- The CXX compiler identification is GNU 13.3.0\n'}
[31.183326] (opennav_coverage) StdoutLine: {'line': b'-- Detecting C compiler ABI info\n'}
[31.238673] (-) TimerEvent: {}
[31.257898] (opennav_coverage) StdoutLine: {'line': b'-- Detecting C compiler ABI info - done\n'}
[31.263647] (opennav_coverage) StdoutLine: {'line': b'-- Check for working C compiler: /usr/bin/cc - skipped\n'}
[31.263807] (opennav_coverage) StdoutLine: {'line': b'-- Detecting C compile features\n'}
[31.264026] (opennav_coverage) StdoutLine: {'line': b'-- Detecting C compile features - done\n'}
[31.271866] (opennav_coverage) StdoutLine: {'line': b'-- Detecting CXX compiler ABI info\n'}
[31.338765] (-) TimerEvent: {}
[31.352989] (opennav_coverage) StdoutLine: {'line': b'-- Detecting CXX compiler ABI info - done\n'}
[31.358928] (opennav_coverage) StdoutLine: {'line': b'-- Check for working CXX compiler: /usr/bin/c++ - skipped\n'}
[31.359094] (opennav_coverage) StdoutLine: {'line': b'-- Detecting CXX compile features\n'}
[31.359367] (opennav_coverage) StdoutLine: {'line': b'-- Detecting CXX compile features - done\n'}
[31.364499] (opennav_coverage) StdoutLine: {'line': b'-- Found ament_cmake: 2.5.5 (/opt/ros/jazzy/share/ament_cmake/cmake)\n'}
[31.438845] (-) TimerEvent: {}
[31.477012] (opennav_coverage) StdoutLine: {'line': b'-- Found Python3: /usr/bin/python3 (found version "3.12.3") found components: Interpreter \n'}
[31.538943] (-) TimerEvent: {}
[31.585758] (opennav_coverage) StdoutLine: {'line': b'-- Found ament_index_cpp: 1.8.2 (/opt/ros/jazzy/share/ament_index_cpp/cmake)\n'}
[31.590527] (opennav_coverage) StdoutLine: {'line': b'-- Found rclcpp: 28.1.16 (/opt/ros/jazzy/share/rclcpp/cmake)\n'}
[31.639036] (-) TimerEvent: {}
[31.645618] (opennav_coverage) StdoutLine: {'line': b'-- Found rosidl_generator_c: 4.6.7 (/opt/ros/jazzy/share/rosidl_generator_c/cmake)\n'}
[31.663724] (opennav_coverage) StdoutLine: {'line': b'-- Found rosidl_generator_cpp: 4.6.7 (/opt/ros/jazzy/share/rosidl_generator_cpp/cmake)\n'}
[31.682915] (opennav_coverage) StdoutLine: {'line': b'-- Using all available rosidl_typesupport_c: rosidl_typesupport_fastrtps_c;rosidl_typesupport_introspection_c\n'}
[31.703087] (opennav_coverage) StdoutLine: {'line': b'-- Using all available rosidl_typesupport_cpp: rosidl_typesupport_fastrtps_cpp;rosidl_typesupport_introspection_cpp\n'}
[31.739119] (-) TimerEvent: {}
[31.781871] (opennav_coverage) StdoutLine: {'line': b'-- Found rmw_implementation_cmake: 7.3.3 (/opt/ros/jazzy/share/rmw_implementation_cmake/cmake)\n'}
[31.786890] (opennav_coverage) StdoutLine: {'line': b'-- Found rmw_fastrtps_cpp: 8.4.3 (/opt/ros/jazzy/share/rmw_fastrtps_cpp/cmake)\n'}
[31.839214] (-) TimerEvent: {}
[31.869096] (opennav_coverage) StdoutLine: {'line': b'-- Found OpenSSL: /usr/lib/x86_64-linux-gnu/libcrypto.so (found version "3.0.13")  \n'}
[31.883257] (opennav_coverage) StdoutLine: {'line': b'-- Found FastRTPS: /opt/ros/jazzy/include (Required is at least version "2.13") \n'}
[31.899289] (opennav_coverage) StdoutLine: {'line': b"-- Using RMW implementation 'rmw_fastrtps_cpp' as default\n"}
[31.939309] (-) TimerEvent: {}
[31.964118] (opennav_coverage) StdoutLine: {'line': b'-- Found rclcpp_action: 28.1.16 (/opt/ros/jazzy/share/rclcpp_action/cmake)\n'}
[32.005383] (opennav_coverage) StdoutLine: {'line': b'-- Found rclcpp_lifecycle: 28.1.16 (/opt/ros/jazzy/share/rclcpp_lifecycle/cmake)\n'}
[32.034577] (opennav_coverage) StdoutLine: {'line': b'-- Found rclcpp_components: 28.1.16 (/opt/ros/jazzy/share/rclcpp_components/cmake)\n'}
[32.039367] (-) TimerEvent: {}
[32.072483] (opennav_coverage) StdoutLine: {'line': b'-- Found std_msgs: 5.3.6 (/opt/ros/jazzy/share/std_msgs/cmake)\n'}
[32.084508] (opennav_coverage) StdoutLine: {'line': b'-- Found visualization_msgs: 5.3.6 (/opt/ros/jazzy/share/visualization_msgs/cmake)\n'}
[32.139471] (-) TimerEvent: {}
[32.142910] (opennav_coverage) StdoutLine: {'line': b'-- Found nav2_util: 1.3.10 (/opt/ros/jazzy/share/nav2_util/cmake)\n'}
[32.239559] (-) TimerEvent: {}
[32.310888] (opennav_coverage) StdoutLine: {'line': b'-- Found eigen3_cmake_module: 0.3.0 (/opt/ros/jazzy/share/eigen3_cmake_module/cmake)\n'}
[32.311667] (opennav_coverage) StdoutLine: {'line': b'-- Found Eigen3: TRUE (found version "3.4.0") \n'}
[32.311767] (opennav_coverage) StdoutLine: {'line': b'-- Ensuring Eigen3 include directory is part of orocos-kdl CMake target\n'}
[32.339631] (-) TimerEvent: {}
[32.352868] (opennav_coverage) StdoutLine: {'line': b'-- Found opennav_coverage_msgs: 0.0.1 (/home/ws/install/opennav_coverage_msgs/share/opennav_coverage_msgs/cmake)\n'}
[32.394591] (opennav_coverage) StdoutLine: {'line': b'-- Found GDAL: /usr/lib/x86_64-linux-gnu/libgdal.so (found suitable version "3.8.4", minimum required is "3.0") \n'}
[32.406303] (opennav_coverage) StdoutLine: {'line': b'-- Found ament_lint_auto: 0.17.4 (/opt/ros/jazzy/share/ament_lint_auto/cmake)\n'}
[32.410928] (opennav_coverage) StdoutLine: {'line': b'-- Found ament_cmake_gtest: 2.5.5 (/opt/ros/jazzy/share/ament_cmake_gtest/cmake)\n'}
[32.439712] (-) TimerEvent: {}
[32.508443] (opennav_coverage) StdoutLine: {'line': b"-- Found gtest sources under '/opt/ros/jazzy/src/gtest_vendor': C++ tests using 'Google Test' will be built\n"}
[32.509773] (opennav_coverage) StdoutLine: {'line': b'-- Performing Test CMAKE_HAVE_LIBC_PTHREAD\n'}
[32.539812] (-) TimerEvent: {}
[32.583862] (opennav_coverage) StdoutLine: {'line': b'-- Performing Test CMAKE_HAVE_LIBC_PTHREAD - Success\n'}
[32.584810] (opennav_coverage) StdoutLine: {'line': b'-- Found Threads: TRUE  \n'}
[32.619061] (opennav_coverage) StdoutLine: {'line': b"-- Added test 'copyright' to check source files copyright and LICENSE\n"}
[32.620846] (opennav_coverage) StdoutLine: {'line': b"-- Added test 'cppcheck' to perform static code analysis on C / C++ code\n"}
[32.621046] (opennav_coverage) StdoutLine: {'line': b'-- Configured cppcheck include dirs: /home/ws/src/opennav_coverage/opennav_coverage/include\n'}
[32.621115] (opennav_coverage) StdoutLine: {'line': b'-- Configured cppcheck exclude dirs and/or files: \n'}
[32.622675] (opennav_coverage) StdoutLine: {'line': b"-- Added test 'cpplint' to check C / C++ code against the Google style\n"}
[32.622759] (opennav_coverage) StdoutLine: {'line': b'-- Configured cpplint exclude dirs and/or files: \n'}
[32.623456] (opennav_coverage) StdoutLine: {'line': b"-- Added test 'flake8' to check Python code syntax and style conventions\n"}
[32.623528] (opennav_coverage) StdoutLine: {'line': b"-- Configured 'flake8' exclude dirs and/or files: \n"}
[32.624268] (opennav_coverage) StdoutLine: {'line': b"-- Added test 'lint_cmake' to check CMake code style\n"}
[32.624936] (opennav_coverage) StdoutLine: {'line': b"-- Added test 'pep257' to check Python code against some of the docstring style conventions in PEP 257\n"}
[32.626527] (opennav_coverage) StdoutLine: {'line': b"-- Added test 'uncrustify' to check C / C++ code style\n"}
[32.626601] (opennav_coverage) StdoutLine: {'line': b'-- Configured uncrustify additional arguments: \n'}
[32.627218] (opennav_coverage) StdoutLine: {'line': b"-- Added test 'xmllint' to check XML markup files\n"}
[32.629832] (opennav_coverage) StdoutLine: {'line': b'-- Configuring done (1.5s)\n'}
[32.639884] (-) TimerEvent: {}
[32.694063] (opennav_coverage) StdoutLine: {'line': b'-- Generating done (0.0s)\n'}
[32.709351] (opennav_coverage) StdoutLine: {'line': b'-- Build files have been written to: /home/ws/build/opennav_coverage\n'}
[32.718906] (opennav_coverage) CommandEnded: {'returncode': 0}
[32.719598] (opennav_coverage) JobProgress: {'identifier': 'opennav_coverage', 'progress': 'build'}
[32.719618] (opennav_coverage) Command: {'cmd': ['/usr/bin/cmake', '--build', '/home/ws/build/opennav_coverage', '--', '-j12', '-l12'], 'cwd': '/home/ws/build/opennav_coverage', 'env': OrderedDict({'PYTHON_BASIC_REPL': '1', 'GZ_SIM_RESOURCE_PATH': '/opt/ros/jazzy/share', 'GZ_CONFIG_PATH': '/opt/ros/jazzy/opt/gz_sim_vendor/share/gz:/opt/ros/jazzy/opt/sdformat_vendor/share/gz:/opt/ros/jazzy/opt/gz_gui_vendor/share/gz:/opt/ros/jazzy/opt/gz_transport_vendor/share/gz:/opt/ros/jazzy/opt/gz_rendering_vendor/share/gz:/opt/ros/jazzy/opt/gz_plugin_vendor/share/gz:/opt/ros/jazzy/opt/gz_fuel_tools_vendor/share/gz:/opt/ros/jazzy/opt/gz_msgs_vendor/share/gz:/opt/ros/jazzy/opt/gz_common_vendor/share/gz', 'HOSTNAME': 'robotik-MS-7E27', 'GIT_ASKPASS': '/vscode/vscode-server/bin/linux-x64/0f0d87fa9e96c856c5212fc86db137ac0d783365/extensions/git/dist/askpass.sh', 'SHLVL': '2', 'LD_LIBRARY_PATH': '/home/ws/install/opennav_coverage_msgs/lib:/home/ws/install/fields2cover/lib:/home/ws/install/opennav_coverage_bt/lib:/home/ws/install/opennav_coverage/lib:/opt/ros/jazzy/opt/gz_sim_vendor/lib:/opt/ros/jazzy/opt/gz_sensors_vendor/lib:/opt/ros/jazzy/opt/gz_physics_vendor/lib:/opt/ros/jazzy/opt/sdformat_vendor/lib:/opt/ros/jazzy/opt/rviz_ogre_vendor/lib:/opt/ros/jazzy/lib/x86_64-linux-gnu:/opt/ros/jazzy/opt/gz_gui_vendor/lib:/opt/ros/jazzy/opt/gz_transport_vendor/lib:/opt/ros/jazzy/opt/gz_rendering_vendor/lib:/opt/ros/jazzy/opt/gz_plugin_vendor/lib:/opt/ros/jazzy/opt/gz_fuel_tools_vendor/lib:/opt/ros/jazzy/opt/gz_msgs_vendor/lib:/opt/ros/jazzy/opt/gz_common_vendor/lib:/opt/ros/jazzy/opt/gz_math_vendor/lib:/opt/ros/jazzy/opt/gz_utils_vendor/lib:/opt/ros/jazzy/opt/gz_tools_vendor/lib:/opt/ros/jazzy/opt/gz_ogre_next_vendor/lib:/opt/ros/jazzy/opt/gz_dartsim_vendor/lib:/opt/ros/jazzy/opt/gz_cmake_vendor/lib:/opt/ros/jazzy/lib', 'BROWSER': '/vscode/vscode-server/bin/linux-x64/0f0d87fa9e96c856c5212fc86db137ac0d783365/bin/helpers/browser.sh', 'HOME': '/home/robotik', 'OLDPWD': '/home/ws', 'TERM_PROGRAM_VERSION': '1.104.1', 'VSCODE_IPC_HOOK_CLI': '/tmp/vscode-ipc-34229b74-0b4a-4ada-80c6-49487c911e82.sock', 'ROS_PYTHON_VERSION': '3', 'GK_GL_PATH': '/tmp/gitkraken/gitlens/gitlens-ipc-server-51464-40011.json', 'VSCODE_GIT_ASKPASS_MAIN': '/vscode/vscode-server/bin/linux-x64/0f0d87fa9e96c856c5212fc86db137ac0d783365/extensions/git/dist/askpass-main.js', 'VSCODE_GIT_ASKPASS_NODE': '/vscode/vscode-server/bin/linux-x64/0f0d87fa9e96c856c5212fc86db137ac0d783365/node', 'VSCODE_PYTHON_AUTOACTIVATE_GUARD': '1', 'COLORTERM': 'truecolor', 'REMOTE_CONTAINERS': 'true', 'COLCON_PREFIX_PATH': '/home/ws/install', 'ROS_DISTRO': 'jazzy', 'REMOTE_CONTAINERS_IPC': '/tmp/vscode-remote-containers-ipc-4e417db4-7c1a-4b01-af48-e54fed4a36cc.sock', '_': '/usr/bin/colcon', 'ROS_VERSION': '2', 'PKG_CONFIG_PATH': '/home/ws/install/fields2cover/lib/x86_64-linux-gnu/pkgconfig:/home/ws/install/fields2cover/lib/pkgconfig', 'TERM': 'xterm-256color', 'ROS_LOCALHOST_ONLY': '1', 'QT_X11_NO_MITSHM': '1', 'PATH': '/vscode/vscode-server/bin/linux-x64/0f0d87fa9e96c856c5212fc86db137ac0d783365/bin/remote-cli:/opt/ros/jazzy/opt/gz_msgs_vendor/bin:/opt/ros/jazzy/opt/gz_tools_vendor/bin:/opt/ros/jazzy/opt/gz_ogre_next_vendor/bin:/opt/ros/jazzy/bin:/usr/local/sbin:/usr/local/bin:/usr/sbin:/usr/bin:/sbin:/bin', 'REMOTE_CONTAINERS_SOCKETS': '["/tmp/vscode-ssh-auth-4e417db4-7c1a-4b01-af48-e54fed4a36cc.sock","/home/robotik/.gnupg/S.gpg-agent"]', 'DISPLAY': ':1', 'LANG': 'C.UTF-8', 'PYTHONSTARTUP': '/home/robotik/.vscode-server/data/User/workspaceStorage/c9fa6eec5cd49662c868376ad1ad25b6/ms-python.python/pythonrc.py', 'LS_COLORS': 'rs=0:di=01;34:ln=01;36:mh=00:pi=40;33:so=01;35:do=01;35:bd=40;33;01:cd=40;33;01:or=40;31;01:mi=00:su=37;41:sg=30;43:ca=00:tw=30;42:ow=34;42:st=37;44:ex=01;32:*.tar=01;31:*.tgz=01;31:*.arc=01;31:*.arj=01;31:*.taz=01;31:*.lha=01;31:*.lz4=01;31:*.lzh=01;31:*.lzma=01;31:*.tlz=01;31:*.txz=01;31:*.tzo=01;31:*.t7z=01;31:*.zip=01;31:*.z=01;31:*.dz=01;31:*.gz=01;31:*.lrz=01;31:*.lz=01;31:*.lzo=01;31:*.xz=01;31:*.zst=01;31:*.tzst=01;31:*.bz2=01;31:*.bz=01;31:*.tbz=01;31:*.tbz2=01;31:*.tz=01;31:*.deb=01;31:*.rpm=01;31:*.jar=01;31:*.war=01;31:*.ear=01;31:*.sar=01;31:*.rar=01;31:*.alz=01;31:*.ace=01;31:*.zoo=01;31:*.cpio=01;31:*.7z=01;31:*.rz=01;31:*.cab=01;31:*.wim=01;31:*.swm=01;31:*.dwm=01;31:*.esd=01;31:*.avif=01;35:*.jpg=01;35:*.jpeg=01;35:*.mjpg=01;35:*.mjpeg=01;35:*.gif=01;35:*.bmp=01;35:*.pbm=01;35:*.pgm=01;35:*.ppm=01;35:*.tga=01;35:*.xbm=01;35:*.xpm=01;35:*.tif=01;35:*.tiff=01;35:*.png=01;35:*.svg=01;35:*.svgz=01;35:*.mng=01;35:*.pcx=01;35:*.mov=01;35:*.mpg=01;35:*.mpeg=01;35:*.m2v=01;35:*.mkv=01;35:*.webm=01;35:*.webp=01;35:*.ogm=01;35:*.mp4=01;35:*.m4v=01;35:*.mp4v=01;35:*.vob=01;35:*.qt=01;35:*.nuv=01;35:*.wmv=01;35:*.asf=01;35:*.rm=01;35:*.rmvb=01;35:*.flc=01;35:*.avi=01;35:*.fli=01;35:*.flv=01;35:*.gl=01;35:*.dl=01;35:*.xcf=01;35:*.xwd=01;35:*.yuv=01;35:*.cgm=01;35:*.emf=01;35:*.ogv=01;35:*.ogx=01;35:*.aac=00;36:*.au=00;36:*.flac=00;36:*.m4a=00;36:*.mid=00;36:*.midi=00;36:*.mka=00;36:*.mp3=00;36:*.mpc=00;36:*.ogg=00;36:*.ra=00;36:*.wav=00;36:*.oga=00;36:*.opus=00;36:*.spx=00;36:*.xspf=00;36:*~=00;90:*#=00;90:*.bak=00;90:*.crdownload=00;90:*.dpkg-dist=00;90:*.dpkg-new=00;90:*.dpkg-old=00;90:*.dpkg-tmp=00;90:*.old=00;90:*.orig=00;90:*.part=00;90:*.rej=00;90:*.rpmnew=00;90:*.rpmorig=00;90:*.rpmsave=00;90:*.swp=00;90:*.tmp=00;90:*.ucf-dist=00;90:*.ucf-new=00;90:*.ucf-old=00;90:', 'VSCODE_GIT_IPC_HANDLE': '/tmp/vscode-git-097b13c4b4.sock', 'TERM_PROGRAM': 'vscode', 'SSH_AUTH_SOCK': '/tmp/vscode-ssh-auth-4e417db4-7c1a-4b01-af48-e54fed4a36cc.sock', 'ROS_DOMAIN_ID': '42', 'AMENT_PREFIX_PATH': '/home/ws/install/opennav_coverage_bt:/home/ws/install/opennav_coverage:/home/ws/install/opennav_coverage_msgs:/home/ws/install/temizlik_navigation:/opt/ros/jazzy', 'SHELL': '/bin/bash', 'GK_GL_ADDR': 'http://127.0.0.1:40011', 'ROS_AUTOMATIC_DISCOVERY_RANGE': 'SUBNET', 'VSCODE_GIT_ASKPASS_EXTRA_ARGS': '', 'PWD': '/home/ws/build/opennav_coverage', 'TURTLEBOT3_MODEL': 'burger', 'LC_ALL': 'C.UTF-8', 'PYTHONPATH': '/home/ws/install/opennav_coverage_msgs/lib/python3.12/site-packages:/opt/ros/jazzy/lib/python3.12/site-packages', 'COLCON': '1', 'CMAKE_PREFIX_PATH': '/home/ws/install/opennav_coverage_msgs:/home/ws/install/fields2cover:/home/ws/install/opennav_coverage_bt:/home/ws/install/opennav_coverage:/home/ws/install/temizlik_navigation:/opt/ros/jazzy/opt/gz_sim_vendor:/opt/ros/jazzy/opt/gz_sensors_vendor:/opt/ros/jazzy/opt/gz_physics_vendor:/opt/ros/jazzy/opt/sdformat_vendor:/opt/ros/jazzy/opt/gz_gui_vendor:/opt/ros/jazzy/opt/gz_transport_vendor:/opt/ros/jazzy/opt/gz_rendering_vendor:/opt/ros/jazzy/opt/gz_plugin_vendor:/opt/ros/jazzy/opt/gz_fuel_tools_vendor:/opt/ros/jazzy/opt/gz_msgs_vendor:/opt/ros/jazzy/opt/gz_common_vendor:/opt/ros/jazzy/opt/gz_math_vendor:/opt/ros/jazzy/opt/gz_utils_vendor:/opt/ros/jazzy/opt/gz_tools_vendor:/opt/ros/jazzy/opt/gz_ogre_next_vendor:/opt/ros/jazzy/opt/gz_dartsim_vendor:/opt/ros/jazzy/opt/gz_cmake_vendor:/opt/ros/jazzy'}), 'shell': False}
[32.739952] (-) TimerEvent: {}
[32.768828] (opennav_coverage) StdoutLine: {'line': b'[  3%] \x1b[32mBuilding CXX object CMakeFiles/opennav_coverage_core.dir/src/swath_generator.cpp.o\x1b[0m\n'}
[32.769565] (opennav_coverage) StdoutLine: {'line': b'[  6%] \x1b[32mBuilding CXX object gtest/CMakeFiles/gtest.dir/src/gtest-all.cc.o\x1b[0m\n'}
[32.769645] (opennav_coverage) StdoutLine: {'line': b'[ 10%] \x1b[32mBuilding CXX object gtest/CMakeFiles/gtest_main.dir/src/gtest_main.cc.o\x1b[0m\n'}
[32.769695] (opennav_coverage) StdoutLine: {'line': b'[ 13%] \x1b[32mBuilding CXX object CMakeFiles/opennav_coverage_core.dir/src/headland_generator.cpp.o\x1b[0m\n'}
[32.769747] (opennav_coverage) StdoutLine: {'line': b'[ 17%] \x1b[32mBuilding CXX object CMakeFiles/opennav_coverage_core.dir/src/coverage_server.cpp.o\x1b[0m\n'}
[32.769787] (opennav_coverage) StdoutLine: {'line': b'[ 20%] \x1b[32mBuilding CXX object CMakeFiles/opennav_coverage_core.dir/src/route_generator.cpp.o\x1b[0m\n'}
[32.770035] (opennav_coverage) StdoutLine: {'line': b'[ 24%] \x1b[32mBuilding CXX object CMakeFiles/opennav_coverage_core.dir/src/visualizer.cpp.o\x1b[0m\n'}
[32.770348] (opennav_coverage) StdoutLine: {'line': b'[ 27%] \x1b[32mBuilding CXX object CMakeFiles/opennav_coverage_core.dir/src/path_generator.cpp.o\x1b[0m\n'}
[32.840062] (-) TimerEvent: {}
[32.940328] (-) TimerEvent: {}
[33.042331] (-) TimerEvent: {}
[33.142577] (-) TimerEvent: {}
[33.243355] (-) TimerEvent: {}
[33.345473] (-) TimerEvent: {}
[33.366720] (opennav_coverage) StdoutLine: {'line': b'[ 31%] \x1b[32m\x1b[1mLinking CXX static library libgtest_main.a\x1b[0m\n'}
[33.404974] (opennav_coverage) StdoutLine: {'line': b'[ 31%] Built target gtest_main\n'}
[33.445570] (-) TimerEvent: {}
[33.546341] (-) TimerEvent: {}
[33.646579] (-) TimerEvent: {}
[33.746825] (-) TimerEvent: {}
[33.847086] (-) TimerEvent: {}
[33.947338] (-) TimerEvent: {}
[34.047612] (-) TimerEvent: {}
[34.147866] (-) TimerEvent: {}
[34.248156] (-) TimerEvent: {}
[34.348905] (-) TimerEvent: {}
[34.449149] (-) TimerEvent: {}
[34.549394] (-) TimerEvent: {}
[34.649640] (-) TimerEvent: {}
[34.749893] (-) TimerEvent: {}
[34.850136] (-) TimerEvent: {}
[34.950336] (-) TimerEvent: {}
[35.050583] (-) TimerEvent: {}
[35.150830] (-) TimerEvent: {}
[35.251080] (-) TimerEvent: {}
[35.351334] (-) TimerEvent: {}
[35.451590] (-) TimerEvent: {}
[35.551823] (-) TimerEvent: {}
[35.653303] (-) TimerEvent: {}
[35.753572] (-) TimerEvent: {}
[35.855348] (-) TimerEvent: {}
[35.858567] (opennav_coverage) StdoutLine: {'line': b'[ 34%] \x1b[32m\x1b[1mLinking CXX static library libgtest.a\x1b[0m\n'}
[35.943387] (opennav_coverage) StdoutLine: {'line': b'[ 34%] Built target gtest\n'}
[35.955446] (-) TimerEvent: {}
[36.055688] (-) TimerEvent: {}
[36.155925] (-) TimerEvent: {}
[36.259361] (-) TimerEvent: {}
[36.359609] (-) TimerEvent: {}
[36.459868] (-) TimerEvent: {}
[36.560115] (-) TimerEvent: {}
[36.660338] (-) TimerEvent: {}
[36.760593] (-) TimerEvent: {}
[36.860848] (-) TimerEvent: {}
[36.961087] (-) TimerEvent: {}
[37.061334] (-) TimerEvent: {}
[37.161577] (-) TimerEvent: {}
[37.261808] (-) TimerEvent: {}
[37.362044] (-) TimerEvent: {}
[37.462284] (-) TimerEvent: {}
[37.562513] (-) TimerEvent: {}
[37.662734] (-) TimerEvent: {}
[37.762967] (-) TimerEvent: {}
[37.863195] (-) TimerEvent: {}
[37.963420] (-) TimerEvent: {}
[38.063645] (-) TimerEvent: {}
[38.163862] (-) TimerEvent: {}
[38.264078] (-) TimerEvent: {}
[38.364289] (-) TimerEvent: {}
[38.464505] (-) TimerEvent: {}
[38.564722] (-) TimerEvent: {}
[38.664933] (-) TimerEvent: {}
[38.765145] (-) TimerEvent: {}
[38.865329] (-) TimerEvent: {}
[38.965548] (-) TimerEvent: {}
[39.065784] (-) TimerEvent: {}
[39.100442] (opennav_coverage) StdoutLine: {'line': b'[ 37%] \x1b[32m\x1b[1mLinking CXX shared library libopennav_coverage_core.so\x1b[0m\n'}
[39.165889] (-) TimerEvent: {}
[39.266108] (-) TimerEvent: {}
[39.366348] (-) TimerEvent: {}
[39.367672] (opennav_coverage) StdoutLine: {'line': b'[ 37%] Built target opennav_coverage_core\n'}
[39.389408] (opennav_coverage) StdoutLine: {'line': b'[ 44%] \x1b[32mBuilding CXX object test/CMakeFiles/test_robot.dir/test_robot.cpp.o\x1b[0m\n'}
[39.389574] (opennav_coverage) StdoutLine: {'line': b'[ 44%] \x1b[32mBuilding CXX object test/CMakeFiles/test_server.dir/test_server.cpp.o\x1b[0m\n'}
[39.389624] (opennav_coverage) StdoutLine: {'line': b'[ 48%] \x1b[32mBuilding CXX object test/CMakeFiles/test_utils.dir/test_utils.cpp.o\x1b[0m\n'}
[39.390368] (opennav_coverage) StdoutLine: {'line': b'[ 55%] \x1b[32mBuilding CXX object test/CMakeFiles/test_swath.dir/test_swath.cpp.o\x1b[0m\n'}
[39.390450] (opennav_coverage) StdoutLine: {'line': b'[ 55%] \x1b[32mBuilding CXX object test/CMakeFiles/test_viz.dir/test_viz.cpp.o\x1b[0m\n'}
[39.390500] (opennav_coverage) StdoutLine: {'line': b'[ 58%] \x1b[32mBuilding CXX object test/CMakeFiles/test_headland.dir/test_headland.cpp.o\x1b[0m\n'}
[39.390564] (opennav_coverage) StdoutLine: {'line': b'[ 62%] \x1b[32mBuilding CXX object CMakeFiles/opennav_coverage.dir/src/main.cpp.o\x1b[0m\n'}
[39.390703] (opennav_coverage) StdoutLine: {'line': b'[ 65%] \x1b[32mBuilding CXX object test/CMakeFiles/test_route.dir/test_route.cpp.o\x1b[0m\n'}
[39.390944] (opennav_coverage) StdoutLine: {'line': b'[ 68%] \x1b[32mBuilding CXX object test/CMakeFiles/test_path.dir/test_path.cpp.o\x1b[0m\n'}
[39.466748] (-) TimerEvent: {}
[39.566989] (-) TimerEvent: {}
[39.667228] (-) TimerEvent: {}
[39.767475] (-) TimerEvent: {}
[39.867722] (-) TimerEvent: {}
[39.968052] (-) TimerEvent: {}
[40.068304] (-) TimerEvent: {}
[40.168547] (-) TimerEvent: {}
[40.268793] (-) TimerEvent: {}
[40.369039] (-) TimerEvent: {}
[40.469704] (-) TimerEvent: {}
[40.569963] (-) TimerEvent: {}
[40.670228] (-) TimerEvent: {}
[40.770531] (-) TimerEvent: {}
[40.870813] (-) TimerEvent: {}
[40.971067] (-) TimerEvent: {}
[41.071323] (-) TimerEvent: {}
[41.171582] (-) TimerEvent: {}
[41.271843] (-) TimerEvent: {}
[41.372107] (-) TimerEvent: {}
[41.472340] (-) TimerEvent: {}
[41.572598] (-) TimerEvent: {}
[41.672883] (-) TimerEvent: {}
[41.773144] (-) TimerEvent: {}
[41.873418] (-) TimerEvent: {}
[41.974372] (-) TimerEvent: {}
[42.074624] (-) TimerEvent: {}
[42.174880] (-) TimerEvent: {}
[42.275210] (-) TimerEvent: {}
[42.375858] (-) TimerEvent: {}
[42.476124] (-) TimerEvent: {}
[42.576402] (-) TimerEvent: {}
[42.677339] (-) TimerEvent: {}
[42.777606] (-) TimerEvent: {}
[42.877863] (-) TimerEvent: {}
[42.978137] (-) TimerEvent: {}
[43.080773] (-) TimerEvent: {}
[43.181037] (-) TimerEvent: {}
[43.281330] (-) TimerEvent: {}
[43.381584] (-) TimerEvent: {}
[43.481837] (-) TimerEvent: {}
[43.583357] (-) TimerEvent: {}
[43.626679] (opennav_coverage) StdoutLine: {'line': b'[ 72%] \x1b[32m\x1b[1mLinking CXX executable test_route\x1b[0m\n'}
[43.657419] (opennav_coverage) StdoutLine: {'line': b'[ 75%] \x1b[32m\x1b[1mLinking CXX executable test_path\x1b[0m\n'}
[43.683459] (-) TimerEvent: {}
[43.783719] (-) TimerEvent: {}
[43.883988] (-) TimerEvent: {}
[43.984227] (-) TimerEvent: {}
[43.995438] (opennav_coverage) StdoutLine: {'line': b'[ 79%] \x1b[32m\x1b[1mLinking CXX executable opennav_coverage\x1b[0m\n'}
[44.085336] (-) TimerEvent: {}
[44.087038] (opennav_coverage) StdoutLine: {'line': b'[ 82%] \x1b[32m\x1b[1mLinking CXX executable test_swath\x1b[0m\n'}
[44.137965] (opennav_coverage) StdoutLine: {'line': b'[ 82%] Built target test_route\n'}
[44.151419] (opennav_coverage) StdoutLine: {'line': b'[ 86%] \x1b[32m\x1b[1mLinking CXX executable test_headland\x1b[0m\n'}
[44.185449] (-) TimerEvent: {}
[44.188126] (opennav_coverage) StdoutLine: {'line': b'[ 89%] \x1b[32m\x1b[1mLinking CXX executable test_robot\x1b[0m\n'}
[44.276634] (opennav_coverage) StdoutLine: {'line': b'[ 89%] Built target test_path\n'}
[44.285553] (-) TimerEvent: {}
[44.329862] (opennav_coverage) StdoutLine: {'line': b'[ 93%] \x1b[32m\x1b[1mLinking CXX executable test_utils\x1b[0m\n'}
[44.385657] (-) TimerEvent: {}
[44.409103] (opennav_coverage) StdoutLine: {'line': b'[ 93%] Built target test_robot\n'}
[44.485756] (-) TimerEvent: {}
[44.504401] (opennav_coverage) StdoutLine: {'line': b'[ 93%] Built target opennav_coverage\n'}
[44.585856] (-) TimerEvent: {}
[44.606012] (opennav_coverage) StdoutLine: {'line': b'[ 93%] Built target test_swath\n'}
[44.653886] (opennav_coverage) StdoutLine: {'line': b'[ 93%] Built target test_headland\n'}
[44.683882] (opennav_coverage) StdoutLine: {'line': b'[ 93%] Built target test_utils\n'}
[44.685913] (-) TimerEvent: {}
[44.786084] (-) TimerEvent: {}
[44.886296] (-) TimerEvent: {}
[44.986505] (-) TimerEvent: {}
[45.086728] (-) TimerEvent: {}
[45.104692] (opennav_coverage) StdoutLine: {'line': b'[ 96%] \x1b[32m\x1b[1mLinking CXX executable test_server\x1b[0m\n'}
[45.186820] (-) TimerEvent: {}
[45.287031] (-) TimerEvent: {}
[45.387295] (-) TimerEvent: {}
[45.487524] (-) TimerEvent: {}
[45.547424] (opennav_coverage) StdoutLine: {'line': b'[ 96%] Built target test_server\n'}
[45.587611] (-) TimerEvent: {}
[45.687820] (-) TimerEvent: {}
[45.788036] (-) TimerEvent: {}
[45.888260] (-) TimerEvent: {}
[45.988478] (-) TimerEvent: {}
[46.088692] (-) TimerEvent: {}
[46.188913] (-) TimerEvent: {}
[46.289124] (-) TimerEvent: {}
[46.389337] (-) TimerEvent: {}
[46.489560] (-) TimerEvent: {}
[46.589774] (-) TimerEvent: {}
[46.690066] (-) TimerEvent: {}
[46.790295] (-) TimerEvent: {}
[46.890522] (-) TimerEvent: {}
[46.990733] (-) TimerEvent: {}
[47.090959] (-) TimerEvent: {}
[47.191178] (-) TimerEvent: {}
[47.291407] (-) TimerEvent: {}
[47.391617] (-) TimerEvent: {}
[47.491834] (-) TimerEvent: {}
[47.592054] (-) TimerEvent: {}
[47.692303] (-) TimerEvent: {}
[47.792515] (-) TimerEvent: {}
[47.892736] (-) TimerEvent: {}
[47.992944] (-) TimerEvent: {}
[48.093158] (-) TimerEvent: {}
[48.193340] (-) TimerEvent: {}
[48.293580] (-) TimerEvent: {}
[48.393821] (-) TimerEvent: {}
[48.494058] (-) TimerEvent: {}
[48.594296] (-) TimerEvent: {}
[48.694531] (-) TimerEvent: {}
[48.794768] (-) TimerEvent: {}
[48.895004] (-) TimerEvent: {}
[48.995240] (-) TimerEvent: {}
[49.095495] (-) TimerEvent: {}
[49.195724] (-) TimerEvent: {}
[49.295951] (-) TimerEvent: {}
[49.396167] (-) TimerEvent: {}
[49.496387] (-) TimerEvent: {}
[49.555947] (opennav_coverage) StdoutLine: {'line': b'[100%] \x1b[32m\x1b[1mLinking CXX executable test_viz\x1b[0m\n'}
[49.596482] (-) TimerEvent: {}
[49.696698] (-) TimerEvent: {}
[49.796926] (-) TimerEvent: {}
[49.897158] (-) TimerEvent: {}
[49.997333] (-) TimerEvent: {}
[50.097567] (-) TimerEvent: {}
[50.195054] (opennav_coverage) StdoutLine: {'line': b'[100%] Built target test_viz\n'}
[50.197624] (-) TimerEvent: {}
[50.206834] (opennav_coverage) CommandEnded: {'returncode': 0}
[50.207210] (opennav_coverage) JobProgress: {'identifier': 'opennav_coverage', 'progress': 'install'}
[50.207482] (opennav_coverage) Command: {'cmd': ['/usr/bin/cmake', '--install', '/home/ws/build/opennav_coverage'], 'cwd': '/home/ws/build/opennav_coverage', 'env': OrderedDict({'PYTHON_BASIC_REPL': '1', 'GZ_SIM_RESOURCE_PATH': '/opt/ros/jazzy/share', 'GZ_CONFIG_PATH': '/opt/ros/jazzy/opt/gz_sim_vendor/share/gz:/opt/ros/jazzy/opt/sdformat_vendor/share/gz:/opt/ros/jazzy/opt/gz_gui_vendor/share/gz:/opt/ros/jazzy/opt/gz_transport_vendor/share/gz:/opt/ros/jazzy/opt/gz_rendering_vendor/share/gz:/opt/ros/jazzy/opt/gz_plugin_vendor/share/gz:/opt/ros/jazzy/opt/gz_fuel_tools_vendor/share/gz:/opt/ros/jazzy/opt/gz_msgs_vendor/share/gz:/opt/ros/jazzy/opt/gz_common_vendor/share/gz', 'HOSTNAME': 'robotik-MS-7E27', 'GIT_ASKPASS': '/vscode/vscode-server/bin/linux-x64/0f0d87fa9e96c856c5212fc86db137ac0d783365/extensions/git/dist/askpass.sh', 'SHLVL': '2', 'LD_LIBRARY_PATH': '/home/ws/install/opennav_coverage_msgs/lib:/home/ws/install/fields2cover/lib:/home/ws/install/opennav_coverage_bt/lib:/home/ws/install/opennav_coverage/lib:/opt/ros/jazzy/opt/gz_sim_vendor/lib:/opt/ros/jazzy/opt/gz_sensors_vendor/lib:/opt/ros/jazzy/opt/gz_physics_vendor/lib:/opt/ros/jazzy/opt/sdformat_vendor/lib:/opt/ros/jazzy/opt/rviz_ogre_vendor/lib:/opt/ros/jazzy/lib/x86_64-linux-gnu:/opt/ros/jazzy/opt/gz_gui_vendor/lib:/opt/ros/jazzy/opt/gz_transport_vendor/lib:/opt/ros/jazzy/opt/gz_rendering_vendor/lib:/opt/ros/jazzy/opt/gz_plugin_vendor/lib:/opt/ros/jazzy/opt/gz_fuel_tools_vendor/lib:/opt/ros/jazzy/opt/gz_msgs_vendor/lib:/opt/ros/jazzy/opt/gz_common_vendor/lib:/opt/ros/jazzy/opt/gz_math_vendor/lib:/opt/ros/jazzy/opt/gz_utils_vendor/lib:/opt/ros/jazzy/opt/gz_tools_vendor/lib:/opt/ros/jazzy/opt/gz_ogre_next_vendor/lib:/opt/ros/jazzy/opt/gz_dartsim_vendor/lib:/opt/ros/jazzy/opt/gz_cmake_vendor/lib:/opt/ros/jazzy/lib', 'BROWSER': '/vscode/vscode-server/bin/linux-x64/0f0d87fa9e96c856c5212fc86db137ac0d783365/bin/helpers/browser.sh', 'HOME': '/home/robotik', 'OLDPWD': '/home/ws', 'TERM_PROGRAM_VERSION': '1.104.1', 'VSCODE_IPC_HOOK_CLI': '/tmp/vscode-ipc-34229b74-0b4a-4ada-80c6-49487c911e82.sock', 'ROS_PYTHON_VERSION': '3', 'GK_GL_PATH': '/tmp/gitkraken/gitlens/gitlens-ipc-server-51464-40011.json', 'VSCODE_GIT_ASKPASS_MAIN': '/vscode/vscode-server/bin/linux-x64/0f0d87fa9e96c856c5212fc86db137ac0d783365/extensions/git/dist/askpass-main.js', 'VSCODE_GIT_ASKPASS_NODE': '/vscode/vscode-server/bin/linux-x64/0f0d87fa9e96c856c5212fc86db137ac0d783365/node', 'VSCODE_PYTHON_AUTOACTIVATE_GUARD': '1', 'COLORTERM': 'truecolor', 'REMOTE_CONTAINERS': 'true', 'COLCON_PREFIX_PATH': '/home/ws/install', 'ROS_DISTRO': 'jazzy', 'REMOTE_CONTAINERS_IPC': '/tmp/vscode-remote-containers-ipc-4e417db4-7c1a-4b01-af48-e54fed4a36cc.sock', '_': '/usr/bin/colcon', 'ROS_VERSION': '2', 'PKG_CONFIG_PATH': '/home/ws/install/fields2cover/lib/x86_64-linux-gnu/pkgconfig:/home/ws/install/fields2cover/lib/pkgconfig', 'TERM': 'xterm-256color', 'ROS_LOCALHOST_ONLY': '1', 'QT_X11_NO_MITSHM': '1', 'PATH': '/vscode/vscode-server/bin/linux-x64/0f0d87fa9e96c856c5212fc86db137ac0d783365/bin/remote-cli:/opt/ros/jazzy/opt/gz_msgs_vendor/bin:/opt/ros/jazzy/opt/gz_tools_vendor/bin:/opt/ros/jazzy/opt/gz_ogre_next_vendor/bin:/opt/ros/jazzy/bin:/usr/local/sbin:/usr/local/bin:/usr/sbin:/usr/bin:/sbin:/bin', 'REMOTE_CONTAINERS_SOCKETS': '["/tmp/vscode-ssh-auth-4e417db4-7c1a-4b01-af48-e54fed4a36cc.sock","/home/robotik/.gnupg/S.gpg-agent"]', 'DISPLAY': ':1', 'LANG': 'C.UTF-8', 'PYTHONSTARTUP': '/home/robotik/.vscode-server/data/User/workspaceStorage/c9fa6eec5cd49662c868376ad1ad25b6/ms-python.python/pythonrc.py', 'LS_COLORS': 'rs=0:di=01;34:ln=01;36:mh=00:pi=40;33:so=01;35:do=01;35:bd=40;33;01:cd=40;33;01:or=40;31;01:mi=00:su=37;41:sg=30;43:ca=00:tw=30;42:ow=34;42:st=37;44:ex=01;32:*.tar=01;31:*.tgz=01;31:*.arc=01;31:*.arj=01;31:*.taz=01;31:*.lha=01;31:*.lz4=01;31:*.lzh=01;31:*.lzma=01;31:*.tlz=01;31:*.txz=01;31:*.tzo=01;31:*.t7z=01;31:*.zip=01;31:*.z=01;31:*.dz=01;31:*.gz=01;31:*.lrz=01;31:*.lz=01;31:*.lzo=01;31:*.xz=01;31:*.zst=01;31:*.tzst=01;31:*.bz2=01;31:*.bz=01;31:*.tbz=01;31:*.tbz2=01;31:*.tz=01;31:*.deb=01;31:*.rpm=01;31:*.jar=01;31:*.war=01;31:*.ear=01;31:*.sar=01;31:*.rar=01;31:*.alz=01;31:*.ace=01;31:*.zoo=01;31:*.cpio=01;31:*.7z=01;31:*.rz=01;31:*.cab=01;31:*.wim=01;31:*.swm=01;31:*.dwm=01;31:*.esd=01;31:*.avif=01;35:*.jpg=01;35:*.jpeg=01;35:*.mjpg=01;35:*.mjpeg=01;35:*.gif=01;35:*.bmp=01;35:*.pbm=01;35:*.pgm=01;35:*.ppm=01;35:*.tga=01;35:*.xbm=01;35:*.xpm=01;35:*.tif=01;35:*.tiff=01;35:*.png=01;35:*.svg=01;35:*.svgz=01;35:*.mng=01;35:*.pcx=01;35:*.mov=01;35:*.mpg=01;35:*.mpeg=01;35:*.m2v=01;35:*.mkv=01;35:*.webm=01;35:*.webp=01;35:*.ogm=01;35:*.mp4=01;35:*.m4v=01;35:*.mp4v=01;35:*.vob=01;35:*.qt=01;35:*.nuv=01;35:*.wmv=01;35:*.asf=01;35:*.rm=01;35:*.rmvb=01;35:*.flc=01;35:*.avi=01;35:*.fli=01;35:*.flv=01;35:*.gl=01;35:*.dl=01;35:*.xcf=01;35:*.xwd=01;35:*.yuv=01;35:*.cgm=01;35:*.emf=01;35:*.ogv=01;35:*.ogx=01;35:*.aac=00;36:*.au=00;36:*.flac=00;36:*.m4a=00;36:*.mid=00;36:*.midi=00;36:*.mka=00;36:*.mp3=00;36:*.mpc=00;36:*.ogg=00;36:*.ra=00;36:*.wav=00;36:*.oga=00;36:*.opus=00;36:*.spx=00;36:*.xspf=00;36:*~=00;90:*#=00;90:*.bak=00;90:*.crdownload=00;90:*.dpkg-dist=00;90:*.dpkg-new=00;90:*.dpkg-old=00;90:*.dpkg-tmp=00;90:*.old=00;90:*.orig=00;90:*.part=00;90:*.rej=00;90:*.rpmnew=00;90:*.rpmorig=00;90:*.rpmsave=00;90:*.swp=00;90:*.tmp=00;90:*.ucf-dist=00;90:*.ucf-new=00;90:*.ucf-old=00;90:', 'VSCODE_GIT_IPC_HANDLE': '/tmp/vscode-git-097b13c4b4.sock', 'TERM_PROGRAM': 'vscode', 'SSH_AUTH_SOCK': '/tmp/vscode-ssh-auth-4e417db4-7c1a-4b01-af48-e54fed4a36cc.sock', 'ROS_DOMAIN_ID': '42', 'AMENT_PREFIX_PATH': '/home/ws/install/opennav_coverage_bt:/home/ws/install/opennav_coverage:/home/ws/install/opennav_coverage_msgs:/home/ws/install/temizlik_navigation:/opt/ros/jazzy', 'SHELL': '/bin/bash', 'GK_GL_ADDR': 'http://127.0.0.1:40011', 'ROS_AUTOMATIC_DISCOVERY_RANGE': 'SUBNET', 'VSCODE_GIT_ASKPASS_EXTRA_ARGS': '', 'PWD': '/home/ws/build/opennav_coverage', 'TURTLEBOT3_MODEL': 'burger', 'LC_ALL': 'C.UTF-8', 'PYTHONPATH': '/home/ws/install/opennav_coverage_msgs/lib/python3.12/site-packages:/opt/ros/jazzy/lib/python3.12/site-packages', 'COLCON': '1', 'CMAKE_PREFIX_PATH': '/home/ws/install/opennav_coverage_msgs:/home/ws/install/fields2cover:/home/ws/install/opennav_coverage_bt:/home/ws/install/opennav_coverage:/home/ws/install/temizlik_navigation:/opt/ros/jazzy/opt/gz_sim_vendor:/opt/ros/jazzy/opt/gz_sensors_vendor:/opt/ros/jazzy/opt/gz_physics_vendor:/opt/ros/jazzy/opt/sdformat_vendor:/opt/ros/jazzy/opt/gz_gui_vendor:/opt/ros/jazzy/opt/gz_transport_vendor:/opt/ros/jazzy/opt/gz_rendering_vendor:/opt/ros/jazzy/opt/gz_plugin_vendor:/opt/ros/jazzy/opt/gz_fuel_tools_vendor:/opt/ros/jazzy/opt/gz_msgs_vendor:/opt/ros/jazzy/opt/gz_common_vendor:/opt/ros/jazzy/opt/gz_math_vendor:/opt/ros/jazzy/opt/gz_utils_vendor:/opt/ros/jazzy/opt/gz_tools_vendor:/opt/ros/jazzy/opt/gz_ogre_next_vendor:/opt/ros/jazzy/opt/gz_dartsim_vendor:/opt/ros/jazzy/opt/gz_cmake_vendor:/opt/ros/jazzy'}), 'shell': False}
[50.214972] (opennav_coverage) StdoutLine: {'line': b'-- Install configuration: ""\n'}
[50.215119] (opennav_coverage) StdoutLine: {'line': b'-- Installing: /home/ws/install/opennav_coverage/lib/libopennav_coverage_core.so\n'}
[50.219117] (opennav_coverage) StdoutLine: {'line': b'-- Set non-toolchain portion of runtime path of "/home/ws/install/opennav_coverage/lib/libopennav_coverage_core.so" to ""\n'}
[50.219215] (opennav_coverage) StdoutLine: {'line': b'-- Installing: /home/ws/install/opennav_coverage/lib/opennav_coverage/opennav_coverage\n'}
[50.219459] (opennav_coverage) StdoutLine: {'line': b'-- Set non-toolchain portion of runtime path of "/home/ws/install/opennav_coverage/lib/opennav_coverage/opennav_coverage" to ""\n'}
[50.219524] (opennav_coverage) StdoutLine: {'line': b'-- Installing: /home/ws/install/opennav_coverage/include/\n'}
[50.219655] (opennav_coverage) StdoutLine: {'line': b'-- Installing: /home/ws/install/opennav_coverage/include//opennav_coverage\n'}
[50.219694] (opennav_coverage) StdoutLine: {'line': b'-- Installing: /home/ws/install/opennav_coverage/include//opennav_coverage/visualizer.hpp\n'}
[50.219742] (opennav_coverage) StdoutLine: {'line': b'-- Installing: /home/ws/install/opennav_coverage/include//opennav_coverage/coverage_server.hpp\n'}
[50.219789] (opennav_coverage) StdoutLine: {'line': b'-- Installing: /home/ws/install/opennav_coverage/include//opennav_coverage/headland_generator.hpp\n'}
[50.219832] (opennav_coverage) StdoutLine: {'line': b'-- Installing: /home/ws/install/opennav_coverage/include//opennav_coverage/utils.hpp\n'}
[50.219917] (opennav_coverage) StdoutLine: {'line': b'-- Installing: /home/ws/install/opennav_coverage/include//opennav_coverage/swath_generator.hpp\n'}
[50.219993] (opennav_coverage) StdoutLine: {'line': b'-- Installing: /home/ws/install/opennav_coverage/include//opennav_coverage/robot_params.hpp\n'}
[50.220067] (opennav_coverage) StdoutLine: {'line': b'-- Installing: /home/ws/install/opennav_coverage/include//opennav_coverage/types.hpp\n'}
[50.220141] (opennav_coverage) StdoutLine: {'line': b'-- Installing: /home/ws/install/opennav_coverage/include//opennav_coverage/path_generator.hpp\n'}
[50.220219] (opennav_coverage) StdoutLine: {'line': b'-- Installing: /home/ws/install/opennav_coverage/include//opennav_coverage/route_generator.hpp\n'}
[50.220395] (opennav_coverage) StdoutLine: {'line': b'-- Installing: /home/ws/install/opennav_coverage/share/opennav_coverage/test_field.xml\n'}
[50.220478] (opennav_coverage) StdoutLine: {'line': b'-- Installing: /home/ws/install/opennav_coverage/share/opennav_coverage/cartesian_test_field.xml\n'}
[50.220549] (opennav_coverage) StdoutLine: {'line': b'-- Installing: /home/ws/install/opennav_coverage/share/opennav_coverage/irregular_test_field.xml\n'}
[50.220672] (opennav_coverage) StdoutLine: {'line': b'-- Installing: /home/ws/install/opennav_coverage/share/opennav_coverage/environment/library_path.sh\n'}
[50.220799] (opennav_coverage) StdoutLine: {'line': b'-- Installing: /home/ws/install/opennav_coverage/share/opennav_coverage/environment/library_path.dsv\n'}
[50.220989] (opennav_coverage) StdoutLine: {'line': b'-- Installing: /home/ws/install/opennav_coverage/share/ament_index/resource_index/package_run_dependencies/opennav_coverage\n'}
[50.221138] (opennav_coverage) StdoutLine: {'line': b'-- Installing: /home/ws/install/opennav_coverage/share/ament_index/resource_index/parent_prefix_path/opennav_coverage\n'}
[50.221261] (opennav_coverage) StdoutLine: {'line': b'-- Installing: /home/ws/install/opennav_coverage/share/opennav_coverage/environment/ament_prefix_path.sh\n'}
[50.221411] (opennav_coverage) StdoutLine: {'line': b'-- Installing: /home/ws/install/opennav_coverage/share/opennav_coverage/environment/ament_prefix_path.dsv\n'}
[50.221521] (opennav_coverage) StdoutLine: {'line': b'-- Installing: /home/ws/install/opennav_coverage/share/opennav_coverage/environment/path.sh\n'}
[50.221638] (opennav_coverage) StdoutLine: {'line': b'-- Installing: /home/ws/install/opennav_coverage/share/opennav_coverage/environment/path.dsv\n'}
[50.221741] (opennav_coverage) StdoutLine: {'line': b'-- Installing: /home/ws/install/opennav_coverage/share/opennav_coverage/local_setup.bash\n'}
[50.221843] (opennav_coverage) StdoutLine: {'line': b'-- Installing: /home/ws/install/opennav_coverage/share/opennav_coverage/local_setup.sh\n'}
[50.221951] (opennav_coverage) StdoutLine: {'line': b'-- Installing: /home/ws/install/opennav_coverage/share/opennav_coverage/local_setup.zsh\n'}
[50.222053] (opennav_coverage) StdoutLine: {'line': b'-- Installing: /home/ws/install/opennav_coverage/share/opennav_coverage/local_setup.dsv\n'}
[50.222155] (opennav_coverage) StdoutLine: {'line': b'-- Installing: /home/ws/install/opennav_coverage/share/opennav_coverage/package.dsv\n'}
[50.222295] (opennav_coverage) StdoutLine: {'line': b'-- Installing: /home/ws/install/opennav_coverage/share/ament_index/resource_index/packages/opennav_coverage\n'}
[50.222439] (opennav_coverage) StdoutLine: {'line': b'-- Installing: /home/ws/install/opennav_coverage/share/ament_index/resource_index/rclcpp_components/opennav_coverage\n'}
[50.222578] (opennav_coverage) StdoutLine: {'line': b'-- Installing: /home/ws/install/opennav_coverage/share/opennav_coverage/cmake/ament_cmake_export_include_directories-extras.cmake\n'}
[50.222684] (opennav_coverage) StdoutLine: {'line': b'-- Installing: /home/ws/install/opennav_coverage/share/opennav_coverage/cmake/ament_cmake_export_libraries-extras.cmake\n'}
[50.222772] (opennav_coverage) StdoutLine: {'line': b'-- Installing: /home/ws/install/opennav_coverage/share/opennav_coverage/cmake/ament_cmake_export_dependencies-extras.cmake\n'}
[50.222859] (opennav_coverage) StdoutLine: {'line': b'-- Installing: /home/ws/install/opennav_coverage/share/opennav_coverage/cmake/opennav_coverageConfig.cmake\n'}
[50.222932] (opennav_coverage) StdoutLine: {'line': b'-- Installing: /home/ws/install/opennav_coverage/share/opennav_coverage/cmake/opennav_coverageConfig-version.cmake\n'}
[50.223013] (opennav_coverage) StdoutLine: {'line': b'-- Installing: /home/ws/install/opennav_coverage/share/opennav_coverage/package.xml\n'}
[50.224764] (opennav_coverage) CommandEnded: {'returncode': 0}
[50.232658] (opennav_coverage) JobEnded: {'identifier': 'opennav_coverage', 'rc': 0}
[50.233065] (opennav_coverage_navigator) JobStarted: {'identifier': 'opennav_coverage_navigator'}
[50.236326] (opennav_row_coverage) JobStarted: {'identifier': 'opennav_row_coverage'}
[50.239152] (temizlik_navigation) JobStarted: {'identifier': 'temizlik_navigation'}
[50.245108] (opennav_coverage_navigator) JobProgress: {'identifier': 'opennav_coverage_navigator', 'progress': 'cmake'}
[50.245423] (opennav_coverage_navigator) Command: {'cmd': ['/usr/bin/cmake', '/home/ws/src/opennav_coverage/opennav_coverage_navigator', '-DCMAKE_INSTALL_PREFIX=/home/ws/install/opennav_coverage_navigator'], 'cwd': '/home/ws/build/opennav_coverage_navigator', 'env': OrderedDict({'PYTHON_BASIC_REPL': '1', 'GZ_SIM_RESOURCE_PATH': '/opt/ros/jazzy/share', 'GZ_CONFIG_PATH': '/opt/ros/jazzy/opt/gz_sim_vendor/share/gz:/opt/ros/jazzy/opt/sdformat_vendor/share/gz:/opt/ros/jazzy/opt/gz_gui_vendor/share/gz:/opt/ros/jazzy/opt/gz_transport_vendor/share/gz:/opt/ros/jazzy/opt/gz_rendering_vendor/share/gz:/opt/ros/jazzy/opt/gz_plugin_vendor/share/gz:/opt/ros/jazzy/opt/gz_fuel_tools_vendor/share/gz:/opt/ros/jazzy/opt/gz_msgs_vendor/share/gz:/opt/ros/jazzy/opt/gz_common_vendor/share/gz', 'HOSTNAME': 'robotik-MS-7E27', 'GIT_ASKPASS': '/vscode/vscode-server/bin/linux-x64/0f0d87fa9e96c856c5212fc86db137ac0d783365/extensions/git/dist/askpass.sh', 'SHLVL': '2', 'LD_LIBRARY_PATH': '/home/ws/install/opennav_coverage_bt/lib:/home/ws/install/opennav_coverage/lib:/home/ws/install/opennav_coverage_msgs/lib:/home/ws/install/fields2cover/lib:/opt/ros/jazzy/opt/gz_sim_vendor/lib:/opt/ros/jazzy/opt/gz_sensors_vendor/lib:/opt/ros/jazzy/opt/gz_physics_vendor/lib:/opt/ros/jazzy/opt/sdformat_vendor/lib:/opt/ros/jazzy/opt/rviz_ogre_vendor/lib:/opt/ros/jazzy/lib/x86_64-linux-gnu:/opt/ros/jazzy/opt/gz_gui_vendor/lib:/opt/ros/jazzy/opt/gz_transport_vendor/lib:/opt/ros/jazzy/opt/gz_rendering_vendor/lib:/opt/ros/jazzy/opt/gz_plugin_vendor/lib:/opt/ros/jazzy/opt/gz_fuel_tools_vendor/lib:/opt/ros/jazzy/opt/gz_msgs_vendor/lib:/opt/ros/jazzy/opt/gz_common_vendor/lib:/opt/ros/jazzy/opt/gz_math_vendor/lib:/opt/ros/jazzy/opt/gz_utils_vendor/lib:/opt/ros/jazzy/opt/gz_tools_vendor/lib:/opt/ros/jazzy/opt/gz_ogre_next_vendor/lib:/opt/ros/jazzy/opt/gz_dartsim_vendor/lib:/opt/ros/jazzy/opt/gz_cmake_vendor/lib:/opt/ros/jazzy/lib', 'BROWSER': '/vscode/vscode-server/bin/linux-x64/0f0d87fa9e96c856c5212fc86db137ac0d783365/bin/helpers/browser.sh', 'HOME': '/home/robotik', 'OLDPWD': '/home/ws', 'TERM_PROGRAM_VERSION': '1.104.1', 'VSCODE_IPC_HOOK_CLI': '/tmp/vscode-ipc-34229b74-0b4a-4ada-80c6-49487c911e82.sock', 'ROS_PYTHON_VERSION': '3', 'GK_GL_PATH': '/tmp/gitkraken/gitlens/gitlens-ipc-server-51464-40011.json', 'VSCODE_GIT_ASKPASS_MAIN': '/vscode/vscode-server/bin/linux-x64/0f0d87fa9e96c856c5212fc86db137ac0d783365/extensions/git/dist/askpass-main.js', 'VSCODE_GIT_ASKPASS_NODE': '/vscode/vscode-server/bin/linux-x64/0f0d87fa9e96c856c5212fc86db137ac0d783365/node', 'VSCODE_PYTHON_AUTOACTIVATE_GUARD': '1', 'COLORTERM': 'truecolor', 'REMOTE_CONTAINERS': 'true', 'COLCON_PREFIX_PATH': '/home/ws/install', 'ROS_DISTRO': 'jazzy', 'REMOTE_CONTAINERS_IPC': '/tmp/vscode-remote-containers-ipc-4e417db4-7c1a-4b01-af48-e54fed4a36cc.sock', '_': '/usr/bin/colcon', 'ROS_VERSION': '2', 'PKG_CONFIG_PATH': '/home/ws/install/fields2cover/lib/x86_64-linux-gnu/pkgconfig:/home/ws/install/fields2cover/lib/pkgconfig', 'TERM': 'xterm-256color', 'ROS_LOCALHOST_ONLY': '1', 'QT_X11_NO_MITSHM': '1', 'PATH': '/vscode/vscode-server/bin/linux-x64/0f0d87fa9e96c856c5212fc86db137ac0d783365/bin/remote-cli:/opt/ros/jazzy/opt/gz_msgs_vendor/bin:/opt/ros/jazzy/opt/gz_tools_vendor/bin:/opt/ros/jazzy/opt/gz_ogre_next_vendor/bin:/opt/ros/jazzy/bin:/usr/local/sbin:/usr/local/bin:/usr/sbin:/usr/bin:/sbin:/bin', 'REMOTE_CONTAINERS_SOCKETS': '["/tmp/vscode-ssh-auth-4e417db4-7c1a-4b01-af48-e54fed4a36cc.sock","/home/robotik/.gnupg/S.gpg-agent"]', 'DISPLAY': ':1', 'LANG': 'C.UTF-8', 'PYTHONSTARTUP': '/home/robotik/.vscode-server/data/User/workspaceStorage/c9fa6eec5cd49662c868376ad1ad25b6/ms-python.python/pythonrc.py', 'LS_COLORS': 'rs=0:di=01;34:ln=01;36:mh=00:pi=40;33:so=01;35:do=01;35:bd=40;33;01:cd=40;33;01:or=40;31;01:mi=00:su=37;41:sg=30;43:ca=00:tw=30;42:ow=34;42:st=37;44:ex=01;32:*.tar=01;31:*.tgz=01;31:*.arc=01;31:*.arj=01;31:*.taz=01;31:*.lha=01;31:*.lz4=01;31:*.lzh=01;31:*.lzma=01;31:*.tlz=01;31:*.txz=01;31:*.tzo=01;31:*.t7z=01;31:*.zip=01;31:*.z=01;31:*.dz=01;31:*.gz=01;31:*.lrz=01;31:*.lz=01;31:*.lzo=01;31:*.xz=01;31:*.zst=01;31:*.tzst=01;31:*.bz2=01;31:*.bz=01;31:*.tbz=01;31:*.tbz2=01;31:*.tz=01;31:*.deb=01;31:*.rpm=01;31:*.jar=01;31:*.war=01;31:*.ear=01;31:*.sar=01;31:*.rar=01;31:*.alz=01;31:*.ace=01;31:*.zoo=01;31:*.cpio=01;31:*.7z=01;31:*.rz=01;31:*.cab=01;31:*.wim=01;31:*.swm=01;31:*.dwm=01;31:*.esd=01;31:*.avif=01;35:*.jpg=01;35:*.jpeg=01;35:*.mjpg=01;35:*.mjpeg=01;35:*.gif=01;35:*.bmp=01;35:*.pbm=01;35:*.pgm=01;35:*.ppm=01;35:*.tga=01;35:*.xbm=01;35:*.xpm=01;35:*.tif=01;35:*.tiff=01;35:*.png=01;35:*.svg=01;35:*.svgz=01;35:*.mng=01;35:*.pcx=01;35:*.mov=01;35:*.mpg=01;35:*.mpeg=01;35:*.m2v=01;35:*.mkv=01;35:*.webm=01;35:*.webp=01;35:*.ogm=01;35:*.mp4=01;35:*.m4v=01;35:*.mp4v=01;35:*.vob=01;35:*.qt=01;35:*.nuv=01;35:*.wmv=01;35:*.asf=01;35:*.rm=01;35:*.rmvb=01;35:*.flc=01;35:*.avi=01;35:*.fli=01;35:*.flv=01;35:*.gl=01;35:*.dl=01;35:*.xcf=01;35:*.xwd=01;35:*.yuv=01;35:*.cgm=01;35:*.emf=01;35:*.ogv=01;35:*.ogx=01;35:*.aac=00;36:*.au=00;36:*.flac=00;36:*.m4a=00;36:*.mid=00;36:*.midi=00;36:*.mka=00;36:*.mp3=00;36:*.mpc=00;36:*.ogg=00;36:*.ra=00;36:*.wav=00;36:*.oga=00;36:*.opus=00;36:*.spx=00;36:*.xspf=00;36:*~=00;90:*#=00;90:*.bak=00;90:*.crdownload=00;90:*.dpkg-dist=00;90:*.dpkg-new=00;90:*.dpkg-old=00;90:*.dpkg-tmp=00;90:*.old=00;90:*.orig=00;90:*.part=00;90:*.rej=00;90:*.rpmnew=00;90:*.rpmorig=00;90:*.rpmsave=00;90:*.swp=00;90:*.tmp=00;90:*.ucf-dist=00;90:*.ucf-new=00;90:*.ucf-old=00;90:', 'VSCODE_GIT_IPC_HANDLE': '/tmp/vscode-git-097b13c4b4.sock', 'TERM_PROGRAM': 'vscode', 'SSH_AUTH_SOCK': '/tmp/vscode-ssh-auth-4e417db4-7c1a-4b01-af48-e54fed4a36cc.sock', 'ROS_DOMAIN_ID': '42', 'AMENT_PREFIX_PATH': '/home/ws/install/opennav_coverage_bt:/home/ws/install/opennav_coverage:/home/ws/install/opennav_coverage_msgs:/home/ws/install/temizlik_navigation:/opt/ros/jazzy', 'SHELL': '/bin/bash', 'GK_GL_ADDR': 'http://127.0.0.1:40011', 'ROS_AUTOMATIC_DISCOVERY_RANGE': 'SUBNET', 'VSCODE_GIT_ASKPASS_EXTRA_ARGS': '', 'PWD': '/home/ws/build/opennav_coverage_navigator', 'TURTLEBOT3_MODEL': 'burger', 'LC_ALL': 'C.UTF-8', 'PYTHONPATH': '/home/ws/install/opennav_coverage_msgs/lib/python3.12/site-packages:/opt/ros/jazzy/lib/python3.12/site-packages', 'COLCON': '1', 'CMAKE_PREFIX_PATH': '/home/ws/install/opennav_coverage_bt:/home/ws/install/opennav_coverage:/home/ws/install/opennav_coverage_msgs:/home/ws/install/fields2cover:/home/ws/install/temizlik_navigation:/opt/ros/jazzy/opt/gz_sim_vendor:/opt/ros/jazzy/opt/gz_sensors_vendor:/opt/ros/jazzy/opt/gz_physics_vendor:/opt/ros/jazzy/opt/sdformat_vendor:/opt/ros/jazzy/opt/gz_gui_vendor:/opt/ros/jazzy/opt/gz_transport_vendor:/opt/ros/jazzy/opt/gz_rendering_vendor:/opt/ros/jazzy/opt/gz_plugin_vendor:/opt/ros/jazzy/opt/gz_fuel_tools_vendor:/opt/ros/jazzy/opt/gz_msgs_vendor:/opt/ros/jazzy/opt/gz_common_vendor:/opt/ros/jazzy/opt/gz_math_vendor:/opt/ros/jazzy/opt/gz_utils_vendor:/opt/ros/jazzy/opt/gz_tools_vendor:/opt/ros/jazzy/opt/gz_ogre_next_vendor:/opt/ros/jazzy/opt/gz_dartsim_vendor:/opt/ros/jazzy/opt/gz_cmake_vendor:/opt/ros/jazzy'}), 'shell': False}
[50.246607] (opennav_row_coverage) JobProgress: {'identifier': 'opennav_row_coverage', 'progress': 'cmake'}
[50.246895] (opennav_row_coverage) Command: {'cmd': ['/usr/bin/cmake', '/home/ws/src/opennav_coverage/opennav_row_coverage', '-DCMAKE_INSTALL_PREFIX=/home/ws/install/opennav_row_coverage'], 'cwd': '/home/ws/build/opennav_row_coverage', 'env': OrderedDict({'PYTHON_BASIC_REPL': '1', 'GZ_SIM_RESOURCE_PATH': '/opt/ros/jazzy/share', 'GZ_CONFIG_PATH': '/opt/ros/jazzy/opt/gz_sim_vendor/share/gz:/opt/ros/jazzy/opt/sdformat_vendor/share/gz:/opt/ros/jazzy/opt/gz_gui_vendor/share/gz:/opt/ros/jazzy/opt/gz_transport_vendor/share/gz:/opt/ros/jazzy/opt/gz_rendering_vendor/share/gz:/opt/ros/jazzy/opt/gz_plugin_vendor/share/gz:/opt/ros/jazzy/opt/gz_fuel_tools_vendor/share/gz:/opt/ros/jazzy/opt/gz_msgs_vendor/share/gz:/opt/ros/jazzy/opt/gz_common_vendor/share/gz', 'HOSTNAME': 'robotik-MS-7E27', 'GIT_ASKPASS': '/vscode/vscode-server/bin/linux-x64/0f0d87fa9e96c856c5212fc86db137ac0d783365/extensions/git/dist/askpass.sh', 'SHLVL': '2', 'LD_LIBRARY_PATH': '/home/ws/install/opennav_coverage/lib:/home/ws/install/opennav_coverage_msgs/lib:/home/ws/install/fields2cover/lib:/home/ws/install/opennav_coverage_bt/lib:/opt/ros/jazzy/opt/gz_sim_vendor/lib:/opt/ros/jazzy/opt/gz_sensors_vendor/lib:/opt/ros/jazzy/opt/gz_physics_vendor/lib:/opt/ros/jazzy/opt/sdformat_vendor/lib:/opt/ros/jazzy/opt/rviz_ogre_vendor/lib:/opt/ros/jazzy/lib/x86_64-linux-gnu:/opt/ros/jazzy/opt/gz_gui_vendor/lib:/opt/ros/jazzy/opt/gz_transport_vendor/lib:/opt/ros/jazzy/opt/gz_rendering_vendor/lib:/opt/ros/jazzy/opt/gz_plugin_vendor/lib:/opt/ros/jazzy/opt/gz_fuel_tools_vendor/lib:/opt/ros/jazzy/opt/gz_msgs_vendor/lib:/opt/ros/jazzy/opt/gz_common_vendor/lib:/opt/ros/jazzy/opt/gz_math_vendor/lib:/opt/ros/jazzy/opt/gz_utils_vendor/lib:/opt/ros/jazzy/opt/gz_tools_vendor/lib:/opt/ros/jazzy/opt/gz_ogre_next_vendor/lib:/opt/ros/jazzy/opt/gz_dartsim_vendor/lib:/opt/ros/jazzy/opt/gz_cmake_vendor/lib:/opt/ros/jazzy/lib', 'BROWSER': '/vscode/vscode-server/bin/linux-x64/0f0d87fa9e96c856c5212fc86db137ac0d783365/bin/helpers/browser.sh', 'HOME': '/home/robotik', 'OLDPWD': '/home/ws', 'TERM_PROGRAM_VERSION': '1.104.1', 'VSCODE_IPC_HOOK_CLI': '/tmp/vscode-ipc-34229b74-0b4a-4ada-80c6-49487c911e82.sock', 'ROS_PYTHON_VERSION': '3', 'GK_GL_PATH': '/tmp/gitkraken/gitlens/gitlens-ipc-server-51464-40011.json', 'VSCODE_GIT_ASKPASS_MAIN': '/vscode/vscode-server/bin/linux-x64/0f0d87fa9e96c856c5212fc86db137ac0d783365/extensions/git/dist/askpass-main.js', 'VSCODE_GIT_ASKPASS_NODE': '/vscode/vscode-server/bin/linux-x64/0f0d87fa9e96c856c5212fc86db137ac0d783365/node', 'VSCODE_PYTHON_AUTOACTIVATE_GUARD': '1', 'COLORTERM': 'truecolor', 'REMOTE_CONTAINERS': 'true', 'COLCON_PREFIX_PATH': '/home/ws/install', 'ROS_DISTRO': 'jazzy', 'REMOTE_CONTAINERS_IPC': '/tmp/vscode-remote-containers-ipc-4e417db4-7c1a-4b01-af48-e54fed4a36cc.sock', '_': '/usr/bin/colcon', 'ROS_VERSION': '2', 'PKG_CONFIG_PATH': '/home/ws/install/fields2cover/lib/x86_64-linux-gnu/pkgconfig:/home/ws/install/fields2cover/lib/pkgconfig', 'TERM': 'xterm-256color', 'ROS_LOCALHOST_ONLY': '1', 'QT_X11_NO_MITSHM': '1', 'PATH': '/vscode/vscode-server/bin/linux-x64/0f0d87fa9e96c856c5212fc86db137ac0d783365/bin/remote-cli:/opt/ros/jazzy/opt/gz_msgs_vendor/bin:/opt/ros/jazzy/opt/gz_tools_vendor/bin:/opt/ros/jazzy/opt/gz_ogre_next_vendor/bin:/opt/ros/jazzy/bin:/usr/local/sbin:/usr/local/bin:/usr/sbin:/usr/bin:/sbin:/bin', 'REMOTE_CONTAINERS_SOCKETS': '["/tmp/vscode-ssh-auth-4e417db4-7c1a-4b01-af48-e54fed4a36cc.sock","/home/robotik/.gnupg/S.gpg-agent"]', 'DISPLAY': ':1', 'LANG': 'C.UTF-8', 'PYTHONSTARTUP': '/home/robotik/.vscode-server/data/User/workspaceStorage/c9fa6eec5cd49662c868376ad1ad25b6/ms-python.python/pythonrc.py', 'LS_COLORS': 'rs=0:di=01;34:ln=01;36:mh=00:pi=40;33:so=01;35:do=01;35:bd=40;33;01:cd=40;33;01:or=40;31;01:mi=00:su=37;41:sg=30;43:ca=00:tw=30;42:ow=34;42:st=37;44:ex=01;32:*.tar=01;31:*.tgz=01;31:*.arc=01;31:*.arj=01;31:*.taz=01;31:*.lha=01;31:*.lz4=01;31:*.lzh=01;31:*.lzma=01;31:*.tlz=01;31:*.txz=01;31:*.tzo=01;31:*.t7z=01;31:*.zip=01;31:*.z=01;31:*.dz=01;31:*.gz=01;31:*.lrz=01;31:*.lz=01;31:*.lzo=01;31:*.xz=01;31:*.zst=01;31:*.tzst=01;31:*.bz2=01;31:*.bz=01;31:*.tbz=01;31:*.tbz2=01;31:*.tz=01;31:*.deb=01;31:*.rpm=01;31:*.jar=01;31:*.war=01;31:*.ear=01;31:*.sar=01;31:*.rar=01;31:*.alz=01;31:*.ace=01;31:*.zoo=01;31:*.cpio=01;31:*.7z=01;31:*.rz=01;31:*.cab=01;31:*.wim=01;31:*.swm=01;31:*.dwm=01;31:*.esd=01;31:*.avif=01;35:*.jpg=01;35:*.jpeg=01;35:*.mjpg=01;35:*.mjpeg=01;35:*.gif=01;35:*.bmp=01;35:*.pbm=01;35:*.pgm=01;35:*.ppm=01;35:*.tga=01;35:*.xbm=01;35:*.xpm=01;35:*.tif=01;35:*.tiff=01;35:*.png=01;35:*.svg=01;35:*.svgz=01;35:*.mng=01;35:*.pcx=01;35:*.mov=01;35:*.mpg=01;35:*.mpeg=01;35:*.m2v=01;35:*.mkv=01;35:*.webm=01;35:*.webp=01;35:*.ogm=01;35:*.mp4=01;35:*.m4v=01;35:*.mp4v=01;35:*.vob=01;35:*.qt=01;35:*.nuv=01;35:*.wmv=01;35:*.asf=01;35:*.rm=01;35:*.rmvb=01;35:*.flc=01;35:*.avi=01;35:*.fli=01;35:*.flv=01;35:*.gl=01;35:*.dl=01;35:*.xcf=01;35:*.xwd=01;35:*.yuv=01;35:*.cgm=01;35:*.emf=01;35:*.ogv=01;35:*.ogx=01;35:*.aac=00;36:*.au=00;36:*.flac=00;36:*.m4a=00;36:*.mid=00;36:*.midi=00;36:*.mka=00;36:*.mp3=00;36:*.mpc=00;36:*.ogg=00;36:*.ra=00;36:*.wav=00;36:*.oga=00;36:*.opus=00;36:*.spx=00;36:*.xspf=00;36:*~=00;90:*#=00;90:*.bak=00;90:*.crdownload=00;90:*.dpkg-dist=00;90:*.dpkg-new=00;90:*.dpkg-old=00;90:*.dpkg-tmp=00;90:*.old=00;90:*.orig=00;90:*.part=00;90:*.rej=00;90:*.rpmnew=00;90:*.rpmorig=00;90:*.rpmsave=00;90:*.swp=00;90:*.tmp=00;90:*.ucf-dist=00;90:*.ucf-new=00;90:*.ucf-old=00;90:', 'VSCODE_GIT_IPC_HANDLE': '/tmp/vscode-git-097b13c4b4.sock', 'TERM_PROGRAM': 'vscode', 'SSH_AUTH_SOCK': '/tmp/vscode-ssh-auth-4e417db4-7c1a-4b01-af48-e54fed4a36cc.sock', 'ROS_DOMAIN_ID': '42', 'AMENT_PREFIX_PATH': '/home/ws/install/opennav_coverage_bt:/home/ws/install/opennav_coverage:/home/ws/install/opennav_coverage_msgs:/home/ws/install/temizlik_navigation:/opt/ros/jazzy', 'SHELL': '/bin/bash', 'GK_GL_ADDR': 'http://127.0.0.1:40011', 'ROS_AUTOMATIC_DISCOVERY_RANGE': 'SUBNET', 'VSCODE_GIT_ASKPASS_EXTRA_ARGS': '', 'PWD': '/home/ws/build/opennav_row_coverage', 'TURTLEBOT3_MODEL': 'burger', 'LC_ALL': 'C.UTF-8', 'PYTHONPATH': '/home/ws/install/opennav_coverage_msgs/lib/python3.12/site-packages:/opt/ros/jazzy/lib/python3.12/site-packages', 'COLCON': '1', 'CMAKE_PREFIX_PATH': '/home/ws/install/opennav_coverage:/home/ws/install/opennav_coverage_msgs:/home/ws/install/fields2cover:/home/ws/install/opennav_coverage_bt:/home/ws/install/temizlik_navigation:/opt/ros/jazzy/opt/gz_sim_vendor:/opt/ros/jazzy/opt/gz_sensors_vendor:/opt/ros/jazzy/opt/gz_physics_vendor:/opt/ros/jazzy/opt/sdformat_vendor:/opt/ros/jazzy/opt/gz_gui_vendor:/opt/ros/jazzy/opt/gz_transport_vendor:/opt/ros/jazzy/opt/gz_rendering_vendor:/opt/ros/jazzy/opt/gz_plugin_vendor:/opt/ros/jazzy/opt/gz_fuel_tools_vendor:/opt/ros/jazzy/opt/gz_msgs_vendor:/opt/ros/jazzy/opt/gz_common_vendor:/opt/ros/jazzy/opt/gz_math_vendor:/opt/ros/jazzy/opt/gz_utils_vendor:/opt/ros/jazzy/opt/gz_tools_vendor:/opt/ros/jazzy/opt/gz_ogre_next_vendor:/opt/ros/jazzy/opt/gz_dartsim_vendor:/opt/ros/jazzy/opt/gz_cmake_vendor:/opt/ros/jazzy'}), 'shell': False}
[50.248027] (temizlik_navigation) JobProgress: {'identifier': 'temizlik_navigation', 'progress': 'cmake'}
[50.248335] (temizlik_navigation) Command: {'cmd': ['/usr/bin/cmake', '/home/ws/src/temizlik_navigation', '-DCMAKE_INSTALL_PREFIX=/home/ws/install/temizlik_navigation'], 'cwd': '/home/ws/build/temizlik_navigation', 'env': OrderedDict({'PYTHON_BASIC_REPL': '1', 'GZ_SIM_RESOURCE_PATH': '/opt/ros/jazzy/share', 'GZ_CONFIG_PATH': '/opt/ros/jazzy/opt/gz_sim_vendor/share/gz:/opt/ros/jazzy/opt/sdformat_vendor/share/gz:/opt/ros/jazzy/opt/gz_gui_vendor/share/gz:/opt/ros/jazzy/opt/gz_transport_vendor/share/gz:/opt/ros/jazzy/opt/gz_rendering_vendor/share/gz:/opt/ros/jazzy/opt/gz_plugin_vendor/share/gz:/opt/ros/jazzy/opt/gz_fuel_tools_vendor/share/gz:/opt/ros/jazzy/opt/gz_msgs_vendor/share/gz:/opt/ros/jazzy/opt/gz_common_vendor/share/gz', 'HOSTNAME': 'robotik-MS-7E27', 'GIT_ASKPASS': '/vscode/vscode-server/bin/linux-x64/0f0d87fa9e96c856c5212fc86db137ac0d783365/extensions/git/dist/askpass.sh', 'SHLVL': '2', 'LD_LIBRARY_PATH': '/home/ws/install/opennav_coverage/lib:/home/ws/install/opennav_coverage_msgs/lib:/home/ws/install/fields2cover/lib:/home/ws/install/opennav_coverage_bt/lib:/opt/ros/jazzy/opt/gz_sim_vendor/lib:/opt/ros/jazzy/opt/gz_sensors_vendor/lib:/opt/ros/jazzy/opt/gz_physics_vendor/lib:/opt/ros/jazzy/opt/sdformat_vendor/lib:/opt/ros/jazzy/opt/rviz_ogre_vendor/lib:/opt/ros/jazzy/lib/x86_64-linux-gnu:/opt/ros/jazzy/opt/gz_gui_vendor/lib:/opt/ros/jazzy/opt/gz_transport_vendor/lib:/opt/ros/jazzy/opt/gz_rendering_vendor/lib:/opt/ros/jazzy/opt/gz_plugin_vendor/lib:/opt/ros/jazzy/opt/gz_fuel_tools_vendor/lib:/opt/ros/jazzy/opt/gz_msgs_vendor/lib:/opt/ros/jazzy/opt/gz_common_vendor/lib:/opt/ros/jazzy/opt/gz_math_vendor/lib:/opt/ros/jazzy/opt/gz_utils_vendor/lib:/opt/ros/jazzy/opt/gz_tools_vendor/lib:/opt/ros/jazzy/opt/gz_ogre_next_vendor/lib:/opt/ros/jazzy/opt/gz_dartsim_vendor/lib:/opt/ros/jazzy/opt/gz_cmake_vendor/lib:/opt/ros/jazzy/lib', 'BROWSER': '/vscode/vscode-server/bin/linux-x64/0f0d87fa9e96c856c5212fc86db137ac0d783365/bin/helpers/browser.sh', 'HOME': '/home/robotik', 'OLDPWD': '/home/ws', 'TERM_PROGRAM_VERSION': '1.104.1', 'VSCODE_IPC_HOOK_CLI': '/tmp/vscode-ipc-34229b74-0b4a-4ada-80c6-49487c911e82.sock', 'ROS_PYTHON_VERSION': '3', 'GK_GL_PATH': '/tmp/gitkraken/gitlens/gitlens-ipc-server-51464-40011.json', 'VSCODE_GIT_ASKPASS_MAIN': '/vscode/vscode-server/bin/linux-x64/0f0d87fa9e96c856c5212fc86db137ac0d783365/extensions/git/dist/askpass-main.js', 'VSCODE_GIT_ASKPASS_NODE': '/vscode/vscode-server/bin/linux-x64/0f0d87fa9e96c856c5212fc86db137ac0d783365/node', 'VSCODE_PYTHON_AUTOACTIVATE_GUARD': '1', 'COLORTERM': 'truecolor', 'REMOTE_CONTAINERS': 'true', 'COLCON_PREFIX_PATH': '/home/ws/install', 'ROS_DISTRO': 'jazzy', 'REMOTE_CONTAINERS_IPC': '/tmp/vscode-remote-containers-ipc-4e417db4-7c1a-4b01-af48-e54fed4a36cc.sock', '_': '/usr/bin/colcon', 'ROS_VERSION': '2', 'PKG_CONFIG_PATH': '/home/ws/install/fields2cover/lib/x86_64-linux-gnu/pkgconfig:/home/ws/install/fields2cover/lib/pkgconfig', 'TERM': 'xterm-256color', 'ROS_LOCALHOST_ONLY': '1', 'QT_X11_NO_MITSHM': '1', 'PATH': '/vscode/vscode-server/bin/linux-x64/0f0d87fa9e96c856c5212fc86db137ac0d783365/bin/remote-cli:/opt/ros/jazzy/opt/gz_msgs_vendor/bin:/opt/ros/jazzy/opt/gz_tools_vendor/bin:/opt/ros/jazzy/opt/gz_ogre_next_vendor/bin:/opt/ros/jazzy/bin:/usr/local/sbin:/usr/local/bin:/usr/sbin:/usr/bin:/sbin:/bin', 'REMOTE_CONTAINERS_SOCKETS': '["/tmp/vscode-ssh-auth-4e417db4-7c1a-4b01-af48-e54fed4a36cc.sock","/home/robotik/.gnupg/S.gpg-agent"]', 'DISPLAY': ':1', 'LANG': 'C.UTF-8', 'PYTHONSTARTUP': '/home/robotik/.vscode-server/data/User/workspaceStorage/c9fa6eec5cd49662c868376ad1ad25b6/ms-python.python/pythonrc.py', 'LS_COLORS': 'rs=0:di=01;34:ln=01;36:mh=00:pi=40;33:so=01;35:do=01;35:bd=40;33;01:cd=40;33;01:or=40;31;01:mi=00:su=37;41:sg=30;43:ca=00:tw=30;42:ow=34;42:st=37;44:ex=01;32:*.tar=01;31:*.tgz=01;31:*.arc=01;31:*.arj=01;31:*.taz=01;31:*.lha=01;31:*.lz4=01;31:*.lzh=01;31:*.lzma=01;31:*.tlz=01;31:*.txz=01;31:*.tzo=01;31:*.t7z=01;31:*.zip=01;31:*.z=01;31:*.dz=01;31:*.gz=01;31:*.lrz=01;31:*.lz=01;31:*.lzo=01;31:*.xz=01;31:*.zst=01;31:*.tzst=01;31:*.bz2=01;31:*.bz=01;31:*.tbz=01;31:*.tbz2=01;31:*.tz=01;31:*.deb=01;31:*.rpm=01;31:*.jar=01;31:*.war=01;31:*.ear=01;31:*.sar=01;31:*.rar=01;31:*.alz=01;31:*.ace=01;31:*.zoo=01;31:*.cpio=01;31:*.7z=01;31:*.rz=01;31:*.cab=01;31:*.wim=01;31:*.swm=01;31:*.dwm=01;31:*.esd=01;31:*.avif=01;35:*.jpg=01;35:*.jpeg=01;35:*.mjpg=01;35:*.mjpeg=01;35:*.gif=01;35:*.bmp=01;35:*.pbm=01;35:*.pgm=01;35:*.ppm=01;35:*.tga=01;35:*.xbm=01;35:*.xpm=01;35:*.tif=01;35:*.tiff=01;35:*.png=01;35:*.svg=01;35:*.svgz=01;35:*.mng=01;35:*.pcx=01;35:*.mov=01;35:*.mpg=01;35:*.mpeg=01;35:*.m2v=01;35:*.mkv=01;35:*.webm=01;35:*.webp=01;35:*.ogm=01;35:*.mp4=01;35:*.m4v=01;35:*.mp4v=01;35:*.vob=01;35:*.qt=01;35:*.nuv=01;35:*.wmv=01;35:*.asf=01;35:*.rm=01;35:*.rmvb=01;35:*.flc=01;35:*.avi=01;35:*.fli=01;35:*.flv=01;35:*.gl=01;35:*.dl=01;35:*.xcf=01;35:*.xwd=01;35:*.yuv=01;35:*.cgm=01;35:*.emf=01;35:*.ogv=01;35:*.ogx=01;35:*.aac=00;36:*.au=00;36:*.flac=00;36:*.m4a=00;36:*.mid=00;36:*.midi=00;36:*.mka=00;36:*.mp3=00;36:*.mpc=00;36:*.ogg=00;36:*.ra=00;36:*.wav=00;36:*.oga=00;36:*.opus=00;36:*.spx=00;36:*.xspf=00;36:*~=00;90:*#=00;90:*.bak=00;90:*.crdownload=00;90:*.dpkg-dist=00;90:*.dpkg-new=00;90:*.dpkg-old=00;90:*.dpkg-tmp=00;90:*.old=00;90:*.orig=00;90:*.part=00;90:*.rej=00;90:*.rpmnew=00;90:*.rpmorig=00;90:*.rpmsave=00;90:*.swp=00;90:*.tmp=00;90:*.ucf-dist=00;90:*.ucf-new=00;90:*.ucf-old=00;90:', 'VSCODE_GIT_IPC_HANDLE': '/tmp/vscode-git-097b13c4b4.sock', 'TERM_PROGRAM': 'vscode', 'SSH_AUTH_SOCK': '/tmp/vscode-ssh-auth-4e417db4-7c1a-4b01-af48-e54fed4a36cc.sock', 'ROS_DOMAIN_ID': '42', 'AMENT_PREFIX_PATH': '/home/ws/install/opennav_coverage_bt:/home/ws/install/opennav_coverage:/home/ws/install/opennav_coverage_msgs:/home/ws/install/temizlik_navigation:/opt/ros/jazzy', 'SHELL': '/bin/bash', 'GK_GL_ADDR': 'http://127.0.0.1:40011', 'ROS_AUTOMATIC_DISCOVERY_RANGE': 'SUBNET', 'VSCODE_GIT_ASKPASS_EXTRA_ARGS': '', 'PWD': '/home/ws/build/temizlik_navigation', 'TURTLEBOT3_MODEL': 'burger', 'LC_ALL': 'C.UTF-8', 'PYTHONPATH': '/home/ws/install/opennav_coverage_msgs/lib/python3.12/site-packages:/opt/ros/jazzy/lib/python3.12/site-packages', 'COLCON': '1', 'CMAKE_PREFIX_PATH': '/home/ws/install/opennav_coverage:/home/ws/install/opennav_coverage_msgs:/home/ws/install/fields2cover:/home/ws/install/opennav_coverage_bt:/home/ws/install/temizlik_navigation:/opt/ros/jazzy/opt/gz_sim_vendor:/opt/ros/jazzy/opt/gz_sensors_vendor:/opt/ros/jazzy/opt/gz_physics_vendor:/opt/ros/jazzy/opt/sdformat_vendor:/opt/ros/jazzy/opt/gz_gui_vendor:/opt/ros/jazzy/opt/gz_transport_vendor:/opt/ros/jazzy/opt/gz_rendering_vendor:/opt/ros/jazzy/opt/gz_plugin_vendor:/opt/ros/jazzy/opt/gz_fuel_tools_vendor:/opt/ros/jazzy/opt/gz_msgs_vendor:/opt/ros/jazzy/opt/gz_common_vendor:/opt/ros/jazzy/opt/gz_math_vendor:/opt/ros/jazzy/opt/gz_utils_vendor:/opt/ros/jazzy/opt/gz_tools_vendor:/opt/ros/jazzy/opt/gz_ogre_next_vendor:/opt/ros/jazzy/opt/gz_dartsim_vendor:/opt/ros/jazzy/opt/gz_cmake_vendor:/opt/ros/jazzy'}), 'shell': False}
[50.288351] (temizlik_navigation) StdoutLine: {'line': b'-- The C compiler identification is GNU 13.3.0\n'}
[50.288526] (opennav_coverage_navigator) StdoutLine: {'line': b'-- The C compiler identification is GNU 13.3.0\n'}
[50.288982] (opennav_row_coverage) StdoutLine: {'line': b'-- The C compiler identification is GNU 13.3.0\n'}
[50.297700] (-) TimerEvent: {}
[50.327226] (temizlik_navigation) StdoutLine: {'line': b'-- The CXX compiler identification is GNU 13.3.0\n'}
[50.327441] (opennav_coverage_navigator) StdoutLine: {'line': b'-- The CXX compiler identification is GNU 13.3.0\n'}
[50.328415] (opennav_row_coverage) StdoutLine: {'line': b'-- The CXX compiler identification is GNU 13.3.0\n'}
[50.339543] (opennav_coverage_navigator) StdoutLine: {'line': b'-- Detecting C compiler ABI info\n'}
[50.339710] (temizlik_navigation) StdoutLine: {'line': b'-- Detecting C compiler ABI info\n'}
[50.340564] (opennav_row_coverage) StdoutLine: {'line': b'-- Detecting C compiler ABI info\n'}
[50.397799] (-) TimerEvent: {}
[50.408256] (opennav_row_coverage) StdoutLine: {'line': b'-- Detecting C compiler ABI info - done\n'}
[50.408458] (temizlik_navigation) StdoutLine: {'line': b'-- Detecting C compiler ABI info - done\n'}
[50.408528] (opennav_coverage_navigator) StdoutLine: {'line': b'-- Detecting C compiler ABI info - done\n'}
[50.413994] (temizlik_navigation) StdoutLine: {'line': b'-- Check for working C compiler: /usr/bin/cc - skipped\n'}
[50.414104] (opennav_row_coverage) StdoutLine: {'line': b'-- Check for working C compiler: /usr/bin/cc - skipped\n'}
[50.414172] (temizlik_navigation) StdoutLine: {'line': b'-- Detecting C compile features\n'}
[50.414230] (opennav_row_coverage) StdoutLine: {'line': b'-- Detecting C compile features\n'}
[50.414381] (temizlik_navigation) StdoutLine: {'line': b'-- Detecting C compile features - done\n'}
[50.414542] (opennav_row_coverage) StdoutLine: {'line': b'-- Detecting C compile features - done\n'}
[50.416138] (opennav_coverage_navigator) StdoutLine: {'line': b'-- Check for working C compiler: /usr/bin/cc - skipped\n'}
[50.416292] (opennav_coverage_navigator) StdoutLine: {'line': b'-- Detecting C compile features\n'}
[50.416521] (opennav_coverage_navigator) StdoutLine: {'line': b'-- Detecting C compile features - done\n'}
[50.421146] (temizlik_navigation) StdoutLine: {'line': b'-- Detecting CXX compiler ABI info\n'}
[50.421220] (opennav_row_coverage) StdoutLine: {'line': b'-- Detecting CXX compiler ABI info\n'}
[50.422683] (opennav_coverage_navigator) StdoutLine: {'line': b'-- Detecting CXX compiler ABI info\n'}
[50.495375] (temizlik_navigation) StdoutLine: {'line': b'-- Detecting CXX compiler ABI info - done\n'}
[50.495537] (opennav_coverage_navigator) StdoutLine: {'line': b'-- Detecting CXX compiler ABI info - done\n'}
[50.495611] (opennav_row_coverage) StdoutLine: {'line': b'-- Detecting CXX compiler ABI info - done\n'}
[50.497853] (-) TimerEvent: {}
[50.500812] (temizlik_navigation) StdoutLine: {'line': b'-- Check for working CXX compiler: /usr/bin/c++ - skipped\n'}
[50.501006] (temizlik_navigation) StdoutLine: {'line': b'-- Detecting CXX compile features\n'}
[50.501098] (opennav_row_coverage) StdoutLine: {'line': b'-- Check for working CXX compiler: /usr/bin/c++ - skipped\n'}
[50.501297] (temizlik_navigation) StdoutLine: {'line': b'-- Detecting CXX compile features - done\n'}
[50.501369] (opennav_row_coverage) StdoutLine: {'line': b'-- Detecting CXX compile features\n'}
[50.501636] (opennav_row_coverage) StdoutLine: {'line': b'-- Detecting CXX compile features - done\n'}
[50.502460] (opennav_coverage_navigator) StdoutLine: {'line': b'-- Check for working CXX compiler: /usr/bin/c++ - skipped\n'}
[50.502660] (opennav_coverage_navigator) StdoutLine: {'line': b'-- Detecting CXX compile features\n'}
[50.503027] (opennav_coverage_navigator) StdoutLine: {'line': b'-- Detecting CXX compile features - done\n'}
[50.507251] (opennav_row_coverage) StdoutLine: {'line': b'-- Found ament_cmake: 2.5.5 (/opt/ros/jazzy/share/ament_cmake/cmake)\n'}
[50.507369] (temizlik_navigation) StdoutLine: {'line': b'-- Found ament_cmake: 2.5.5 (/opt/ros/jazzy/share/ament_cmake/cmake)\n'}
[50.508670] (opennav_coverage_navigator) StdoutLine: {'line': b'-- Found ament_cmake: 2.5.5 (/opt/ros/jazzy/share/ament_cmake/cmake)\n'}
[50.597945] (-) TimerEvent: {}
[50.620354] (temizlik_navigation) StdoutLine: {'line': b'-- Found Python3: /usr/bin/python3 (found version "3.12.3") found components: Interpreter \n'}
[50.620517] (opennav_row_coverage) StdoutLine: {'line': b'-- Found Python3: /usr/bin/python3 (found version "3.12.3") found components: Interpreter \n'}
[50.620561] (opennav_coverage_navigator) StdoutLine: {'line': b'-- Found Python3: /usr/bin/python3 (found version "3.12.3") found components: Interpreter \n'}
[50.698034] (-) TimerEvent: {}
[50.730075] (opennav_row_coverage) StdoutLine: {'line': b'-- Found rclcpp: 28.1.16 (/opt/ros/jazzy/share/rclcpp/cmake)\n'}
[50.734735] (opennav_coverage_navigator) StdoutLine: {'line': b'-- Found rclcpp: 28.1.16 (/opt/ros/jazzy/share/rclcpp/cmake)\n'}
[50.750433] (temizlik_navigation) StdoutLine: {'line': b'-- Found GDAL: /usr/lib/x86_64-linux-gnu/libgdal.so (found suitable version "3.8.4", minimum required is "3.0") \n'}
[50.755111] (temizlik_navigation) StdoutLine: {'line': b'-- Found rclcpp: 28.1.16 (/opt/ros/jazzy/share/rclcpp/cmake)\n'}
[50.784415] (opennav_row_coverage) StdoutLine: {'line': b'-- Found rosidl_generator_c: 4.6.7 (/opt/ros/jazzy/share/rosidl_generator_c/cmake)\n'}
[50.789673] (opennav_coverage_navigator) StdoutLine: {'line': b'-- Found rosidl_generator_c: 4.6.7 (/opt/ros/jazzy/share/rosidl_generator_c/cmake)\n'}
[50.798116] (-) TimerEvent: {}
[50.803396] (opennav_row_coverage) StdoutLine: {'line': b'-- Found rosidl_generator_cpp: 4.6.7 (/opt/ros/jazzy/share/rosidl_generator_cpp/cmake)\n'}
[50.805661] (temizlik_navigation) StdoutLine: {'line': b'-- Found rosidl_generator_c: 4.6.7 (/opt/ros/jazzy/share/rosidl_generator_c/cmake)\n'}
[50.808322] (opennav_coverage_navigator) StdoutLine: {'line': b'-- Found rosidl_generator_cpp: 4.6.7 (/opt/ros/jazzy/share/rosidl_generator_cpp/cmake)\n'}
[50.823172] (opennav_row_coverage) StdoutLine: {'line': b'-- Using all available rosidl_typesupport_c: rosidl_typesupport_fastrtps_c;rosidl_typesupport_introspection_c\n'}
[50.823470] (temizlik_navigation) StdoutLine: {'line': b'-- Found rosidl_generator_cpp: 4.6.7 (/opt/ros/jazzy/share/rosidl_generator_cpp/cmake)\n'}
[50.828015] (opennav_coverage_navigator) StdoutLine: {'line': b'-- Using all available rosidl_typesupport_c: rosidl_typesupport_fastrtps_c;rosidl_typesupport_introspection_c\n'}
[50.842683] (temizlik_navigation) StdoutLine: {'line': b'-- Using all available rosidl_typesupport_c: rosidl_typesupport_fastrtps_c;rosidl_typesupport_introspection_c\n'}
[50.843448] (opennav_row_coverage) StdoutLine: {'line': b'-- Using all available rosidl_typesupport_cpp: rosidl_typesupport_fastrtps_cpp;rosidl_typesupport_introspection_cpp\n'}
[50.849691] (opennav_coverage_navigator) StdoutLine: {'line': b'-- Using all available rosidl_typesupport_cpp: rosidl_typesupport_fastrtps_cpp;rosidl_typesupport_introspection_cpp\n'}
[50.862965] (temizlik_navigation) StdoutLine: {'line': b'-- Using all available rosidl_typesupport_cpp: rosidl_typesupport_fastrtps_cpp;rosidl_typesupport_introspection_cpp\n'}
[50.898204] (-) TimerEvent: {}
[50.923861] (opennav_row_coverage) StdoutLine: {'line': b'-- Found rmw_implementation_cmake: 7.3.3 (/opt/ros/jazzy/share/rmw_implementation_cmake/cmake)\n'}
[50.928984] (opennav_row_coverage) StdoutLine: {'line': b'-- Found rmw_fastrtps_cpp: 8.4.3 (/opt/ros/jazzy/share/rmw_fastrtps_cpp/cmake)\n'}
[50.931949] (opennav_coverage_navigator) StdoutLine: {'line': b'-- Found rmw_implementation_cmake: 7.3.3 (/opt/ros/jazzy/share/rmw_implementation_cmake/cmake)\n'}
[50.936936] (opennav_coverage_navigator) StdoutLine: {'line': b'-- Found rmw_fastrtps_cpp: 8.4.3 (/opt/ros/jazzy/share/rmw_fastrtps_cpp/cmake)\n'}
[50.942836] (temizlik_navigation) StdoutLine: {'line': b'-- Found rmw_implementation_cmake: 7.3.3 (/opt/ros/jazzy/share/rmw_implementation_cmake/cmake)\n'}
[50.948296] (temizlik_navigation) StdoutLine: {'line': b'-- Found rmw_fastrtps_cpp: 8.4.3 (/opt/ros/jazzy/share/rmw_fastrtps_cpp/cmake)\n'}
[50.998305] (-) TimerEvent: {}
[51.005128] (opennav_row_coverage) StdoutLine: {'line': b'-- Found OpenSSL: /usr/lib/x86_64-linux-gnu/libcrypto.so (found version "3.0.13")  \n'}
[51.013830] (opennav_coverage_navigator) StdoutLine: {'line': b'-- Found OpenSSL: /usr/lib/x86_64-linux-gnu/libcrypto.so (found version "3.0.13")  \n'}
[51.021986] (opennav_row_coverage) StdoutLine: {'line': b'-- Found FastRTPS: /opt/ros/jazzy/include (Required is at least version "2.13") \n'}
[51.023894] (temizlik_navigation) StdoutLine: {'line': b'-- Found OpenSSL: /usr/lib/x86_64-linux-gnu/libcrypto.so (found version "3.0.13")  \n'}
[51.027958] (opennav_coverage_navigator) StdoutLine: {'line': b'-- Found FastRTPS: /opt/ros/jazzy/include (Required is at least version "2.13") \n'}
[51.038197] (temizlik_navigation) StdoutLine: {'line': b'-- Found FastRTPS: /opt/ros/jazzy/include (Required is at least version "2.13") \n'}
[51.039877] (opennav_row_coverage) StdoutLine: {'line': b"-- Using RMW implementation 'rmw_fastrtps_cpp' as default\n"}
[51.043523] (opennav_coverage_navigator) StdoutLine: {'line': b"-- Using RMW implementation 'rmw_fastrtps_cpp' as default\n"}
[51.056393] (temizlik_navigation) StdoutLine: {'line': b"-- Using RMW implementation 'rmw_fastrtps_cpp' as default\n"}
[51.098396] (-) TimerEvent: {}
[51.114098] (opennav_coverage_navigator) StdoutLine: {'line': b'-- Found rclcpp_action: 28.1.16 (/opt/ros/jazzy/share/rclcpp_action/cmake)\n'}
[51.115414] (opennav_row_coverage) StdoutLine: {'line': b'-- Found rclcpp_components: 28.1.16 (/opt/ros/jazzy/share/rclcpp_components/cmake)\n'}
[51.129818] (temizlik_navigation) StdoutLine: {'line': b'-- Found rclcpp_action: 28.1.16 (/opt/ros/jazzy/share/rclcpp_action/cmake)\n'}
[51.154601] (opennav_row_coverage) StdoutLine: {'line': b'-- Found rclcpp_lifecycle: 28.1.16 (/opt/ros/jazzy/share/rclcpp_lifecycle/cmake)\n'}
[51.155270] (opennav_coverage_navigator) StdoutLine: {'line': b'-- Found std_msgs: 5.3.6 (/opt/ros/jazzy/share/std_msgs/cmake)\n'}
[51.168338] (opennav_coverage_navigator) StdoutLine: {'line': b'-- Found nav2_util: 1.3.10 (/opt/ros/jazzy/share/nav2_util/cmake)\n'}
[51.171622] (temizlik_navigation) StdoutLine: {'line': b'-- Found geometry_msgs: 5.3.6 (/opt/ros/jazzy/share/geometry_msgs/cmake)\n'}
[51.184573] (opennav_row_coverage) StdoutLine: {'line': b'-- Found nav2_util: 1.3.10 (/opt/ros/jazzy/share/nav2_util/cmake)\n'}
[51.198464] (-) TimerEvent: {}
[51.200478] (temizlik_navigation) StdoutLine: {'line': b'-- Found nav_msgs: 5.3.6 (/opt/ros/jazzy/share/nav_msgs/cmake)\n'}
[51.222995] (temizlik_navigation) StdoutLine: {'line': b'-- Found nav2_msgs: 1.3.10 (/opt/ros/jazzy/share/nav2_msgs/cmake)\n'}
[51.292751] (temizlik_navigation) StdoutLine: {'line': b'-- Found std_srvs: 5.3.6 (/opt/ros/jazzy/share/std_srvs/cmake)\n'}
[51.298550] (-) TimerEvent: {}
[51.308518] (temizlik_navigation) StdoutLine: {'line': b'-- Found visualization_msgs: 5.3.6 (/opt/ros/jazzy/share/visualization_msgs/cmake)\n'}
[51.381247] (opennav_coverage_navigator) StdoutLine: {'line': b'-- Found eigen3_cmake_module: 0.3.0 (/opt/ros/jazzy/share/eigen3_cmake_module/cmake)\n'}
[51.382172] (opennav_coverage_navigator) StdoutLine: {'line': b'-- Found Eigen3: TRUE (found version "3.4.0") \n'}
[51.382255] (opennav_coverage_navigator) StdoutLine: {'line': b'-- Ensuring Eigen3 include directory is part of orocos-kdl CMake target\n'}
[51.398634] (-) TimerEvent: {}
[51.408087] (temizlik_navigation) StdoutLine: {'line': b'-- Configuring done (1.2s)\n'}
[51.421217] (temizlik_navigation) StdoutLine: {'line': b'-- Generating done (0.0s)\n'}
[51.423993] (temizlik_navigation) StdoutLine: {'line': b'-- Build files have been written to: /home/ws/build/temizlik_navigation\n'}
[51.428288] (opennav_row_coverage) StdoutLine: {'line': b'-- Found eigen3_cmake_module: 0.3.0 (/opt/ros/jazzy/share/eigen3_cmake_module/cmake)\n'}
[51.429187] (opennav_row_coverage) StdoutLine: {'line': b'-- Found Eigen3: TRUE (found version "3.4.0") \n'}
[51.429358] (opennav_row_coverage) StdoutLine: {'line': b'-- Ensuring Eigen3 include directory is part of orocos-kdl CMake target\n'}
[51.431167] (temizlik_navigation) CommandEnded: {'returncode': 0}
[51.431502] (temizlik_navigation) JobProgress: {'identifier': 'temizlik_navigation', 'progress': 'build'}
[51.431757] (temizlik_navigation) Command: {'cmd': ['/usr/bin/cmake', '--build', '/home/ws/build/temizlik_navigation', '--', '-j12', '-l12'], 'cwd': '/home/ws/build/temizlik_navigation', 'env': OrderedDict({'PYTHON_BASIC_REPL': '1', 'GZ_SIM_RESOURCE_PATH': '/opt/ros/jazzy/share', 'GZ_CONFIG_PATH': '/opt/ros/jazzy/opt/gz_sim_vendor/share/gz:/opt/ros/jazzy/opt/sdformat_vendor/share/gz:/opt/ros/jazzy/opt/gz_gui_vendor/share/gz:/opt/ros/jazzy/opt/gz_transport_vendor/share/gz:/opt/ros/jazzy/opt/gz_rendering_vendor/share/gz:/opt/ros/jazzy/opt/gz_plugin_vendor/share/gz:/opt/ros/jazzy/opt/gz_fuel_tools_vendor/share/gz:/opt/ros/jazzy/opt/gz_msgs_vendor/share/gz:/opt/ros/jazzy/opt/gz_common_vendor/share/gz', 'HOSTNAME': 'robotik-MS-7E27', 'GIT_ASKPASS': '/vscode/vscode-server/bin/linux-x64/0f0d87fa9e96c856c5212fc86db137ac0d783365/extensions/git/dist/askpass.sh', 'SHLVL': '2', 'LD_LIBRARY_PATH': '/home/ws/install/opennav_coverage/lib:/home/ws/install/opennav_coverage_msgs/lib:/home/ws/install/fields2cover/lib:/home/ws/install/opennav_coverage_bt/lib:/opt/ros/jazzy/opt/gz_sim_vendor/lib:/opt/ros/jazzy/opt/gz_sensors_vendor/lib:/opt/ros/jazzy/opt/gz_physics_vendor/lib:/opt/ros/jazzy/opt/sdformat_vendor/lib:/opt/ros/jazzy/opt/rviz_ogre_vendor/lib:/opt/ros/jazzy/lib/x86_64-linux-gnu:/opt/ros/jazzy/opt/gz_gui_vendor/lib:/opt/ros/jazzy/opt/gz_transport_vendor/lib:/opt/ros/jazzy/opt/gz_rendering_vendor/lib:/opt/ros/jazzy/opt/gz_plugin_vendor/lib:/opt/ros/jazzy/opt/gz_fuel_tools_vendor/lib:/opt/ros/jazzy/opt/gz_msgs_vendor/lib:/opt/ros/jazzy/opt/gz_common_vendor/lib:/opt/ros/jazzy/opt/gz_math_vendor/lib:/opt/ros/jazzy/opt/gz_utils_vendor/lib:/opt/ros/jazzy/opt/gz_tools_vendor/lib:/opt/ros/jazzy/opt/gz_ogre_next_vendor/lib:/opt/ros/jazzy/opt/gz_dartsim_vendor/lib:/opt/ros/jazzy/opt/gz_cmake_vendor/lib:/opt/ros/jazzy/lib', 'BROWSER': '/vscode/vscode-server/bin/linux-x64/0f0d87fa9e96c856c5212fc86db137ac0d783365/bin/helpers/browser.sh', 'HOME': '/home/robotik', 'OLDPWD': '/home/ws', 'TERM_PROGRAM_VERSION': '1.104.1', 'VSCODE_IPC_HOOK_CLI': '/tmp/vscode-ipc-34229b74-0b4a-4ada-80c6-49487c911e82.sock', 'ROS_PYTHON_VERSION': '3', 'GK_GL_PATH': '/tmp/gitkraken/gitlens/gitlens-ipc-server-51464-40011.json', 'VSCODE_GIT_ASKPASS_MAIN': '/vscode/vscode-server/bin/linux-x64/0f0d87fa9e96c856c5212fc86db137ac0d783365/extensions/git/dist/askpass-main.js', 'VSCODE_GIT_ASKPASS_NODE': '/vscode/vscode-server/bin/linux-x64/0f0d87fa9e96c856c5212fc86db137ac0d783365/node', 'VSCODE_PYTHON_AUTOACTIVATE_GUARD': '1', 'COLORTERM': 'truecolor', 'REMOTE_CONTAINERS': 'true', 'COLCON_PREFIX_PATH': '/home/ws/install', 'ROS_DISTRO': 'jazzy', 'REMOTE_CONTAINERS_IPC': '/tmp/vscode-remote-containers-ipc-4e417db4-7c1a-4b01-af48-e54fed4a36cc.sock', '_': '/usr/bin/colcon', 'ROS_VERSION': '2', 'PKG_CONFIG_PATH': '/home/ws/install/fields2cover/lib/x86_64-linux-gnu/pkgconfig:/home/ws/install/fields2cover/lib/pkgconfig', 'TERM': 'xterm-256color', 'ROS_LOCALHOST_ONLY': '1', 'QT_X11_NO_MITSHM': '1', 'PATH': '/vscode/vscode-server/bin/linux-x64/0f0d87fa9e96c856c5212fc86db137ac0d783365/bin/remote-cli:/opt/ros/jazzy/opt/gz_msgs_vendor/bin:/opt/ros/jazzy/opt/gz_tools_vendor/bin:/opt/ros/jazzy/opt/gz_ogre_next_vendor/bin:/opt/ros/jazzy/bin:/usr/local/sbin:/usr/local/bin:/usr/sbin:/usr/bin:/sbin:/bin', 'REMOTE_CONTAINERS_SOCKETS': '["/tmp/vscode-ssh-auth-4e417db4-7c1a-4b01-af48-e54fed4a36cc.sock","/home/robotik/.gnupg/S.gpg-agent"]', 'DISPLAY': ':1', 'LANG': 'C.UTF-8', 'PYTHONSTARTUP': '/home/robotik/.vscode-server/data/User/workspaceStorage/c9fa6eec5cd49662c868376ad1ad25b6/ms-python.python/pythonrc.py', 'LS_COLORS': 'rs=0:di=01;34:ln=01;36:mh=00:pi=40;33:so=01;35:do=01;35:bd=40;33;01:cd=40;33;01:or=40;31;01:mi=00:su=37;41:sg=30;43:ca=00:tw=30;42:ow=34;42:st=37;44:ex=01;32:*.tar=01;31:*.tgz=01;31:*.arc=01;31:*.arj=01;31:*.taz=01;31:*.lha=01;31:*.lz4=01;31:*.lzh=01;31:*.lzma=01;31:*.tlz=01;31:*.txz=01;31:*.tzo=01;31:*.t7z=01;31:*.zip=01;31:*.z=01;31:*.dz=01;31:*.gz=01;31:*.lrz=01;31:*.lz=01;31:*.lzo=01;31:*.xz=01;31:*.zst=01;31:*.tzst=01;31:*.bz2=01;31:*.bz=01;31:*.tbz=01;31:*.tbz2=01;31:*.tz=01;31:*.deb=01;31:*.rpm=01;31:*.jar=01;31:*.war=01;31:*.ear=01;31:*.sar=01;31:*.rar=01;31:*.alz=01;31:*.ace=01;31:*.zoo=01;31:*.cpio=01;31:*.7z=01;31:*.rz=01;31:*.cab=01;31:*.wim=01;31:*.swm=01;31:*.dwm=01;31:*.esd=01;31:*.avif=01;35:*.jpg=01;35:*.jpeg=01;35:*.mjpg=01;35:*.mjpeg=01;35:*.gif=01;35:*.bmp=01;35:*.pbm=01;35:*.pgm=01;35:*.ppm=01;35:*.tga=01;35:*.xbm=01;35:*.xpm=01;35:*.tif=01;35:*.tiff=01;35:*.png=01;35:*.svg=01;35:*.svgz=01;35:*.mng=01;35:*.pcx=01;35:*.mov=01;35:*.mpg=01;35:*.mpeg=01;35:*.m2v=01;35:*.mkv=01;35:*.webm=01;35:*.webp=01;35:*.ogm=01;35:*.mp4=01;35:*.m4v=01;35:*.mp4v=01;35:*.vob=01;35:*.qt=01;35:*.nuv=01;35:*.wmv=01;35:*.asf=01;35:*.rm=01;35:*.rmvb=01;35:*.flc=01;35:*.avi=01;35:*.fli=01;35:*.flv=01;35:*.gl=01;35:*.dl=01;35:*.xcf=01;35:*.xwd=01;35:*.yuv=01;35:*.cgm=01;35:*.emf=01;35:*.ogv=01;35:*.ogx=01;35:*.aac=00;36:*.au=00;36:*.flac=00;36:*.m4a=00;36:*.mid=00;36:*.midi=00;36:*.mka=00;36:*.mp3=00;36:*.mpc=00;36:*.ogg=00;36:*.ra=00;36:*.wav=00;36:*.oga=00;36:*.opus=00;36:*.spx=00;36:*.xspf=00;36:*~=00;90:*#=00;90:*.bak=00;90:*.crdownload=00;90:*.dpkg-dist=00;90:*.dpkg-new=00;90:*.dpkg-old=00;90:*.dpkg-tmp=00;90:*.old=00;90:*.orig=00;90:*.part=00;90:*.rej=00;90:*.rpmnew=00;90:*.rpmorig=00;90:*.rpmsave=00;90:*.swp=00;90:*.tmp=00;90:*.ucf-dist=00;90:*.ucf-new=00;90:*.ucf-old=00;90:', 'VSCODE_GIT_IPC_HANDLE': '/tmp/vscode-git-097b13c4b4.sock', 'TERM_PROGRAM': 'vscode', 'SSH_AUTH_SOCK': '/tmp/vscode-ssh-auth-4e417db4-7c1a-4b01-af48-e54fed4a36cc.sock', 'ROS_DOMAIN_ID': '42', 'AMENT_PREFIX_PATH': '/home/ws/install/opennav_coverage_bt:/home/ws/install/opennav_coverage:/home/ws/install/opennav_coverage_msgs:/home/ws/install/temizlik_navigation:/opt/ros/jazzy', 'SHELL': '/bin/bash', 'GK_GL_ADDR': 'http://127.0.0.1:40011', 'ROS_AUTOMATIC_DISCOVERY_RANGE': 'SUBNET', 'VSCODE_GIT_ASKPASS_EXTRA_ARGS': '', 'PWD': '/home/ws/build/temizlik_navigation', 'TURTLEBOT3_MODEL': 'burger', 'LC_ALL': 'C.UTF-8', 'PYTHONPATH': '/home/ws/install/opennav_coverage_msgs/lib/python3.12/site-packages:/opt/ros/jazzy/lib/python3.12/site-packages', 'COLCON': '1', 'CMAKE_PREFIX_PATH': '/home/ws/install/opennav_coverage:/home/ws/install/opennav_coverage_msgs:/home/ws/install/fields2cover:/home/ws/install/opennav_coverage_bt:/home/ws/install/temizlik_navigation:/opt/ros/jazzy/opt/gz_sim_vendor:/opt/ros/jazzy/opt/gz_sensors_vendor:/opt/ros/jazzy/opt/gz_physics_vendor:/opt/ros/jazzy/opt/sdformat_vendor:/opt/ros/jazzy/opt/gz_gui_vendor:/opt/ros/jazzy/opt/gz_transport_vendor:/opt/ros/jazzy/opt/gz_rendering_vendor:/opt/ros/jazzy/opt/gz_plugin_vendor:/opt/ros/jazzy/opt/gz_fuel_tools_vendor:/opt/ros/jazzy/opt/gz_msgs_vendor:/opt/ros/jazzy/opt/gz_common_vendor:/opt/ros/jazzy/opt/gz_math_vendor:/opt/ros/jazzy/opt/gz_utils_vendor:/opt/ros/jazzy/opt/gz_tools_vendor:/opt/ros/jazzy/opt/gz_ogre_next_vendor:/opt/ros/jazzy/opt/gz_dartsim_vendor:/opt/ros/jazzy/opt/gz_cmake_vendor:/opt/ros/jazzy'}), 'shell': False}
[51.470868] (opennav_coverage_navigator) StdoutLine: {'line': b'-- Found nav2_core: 1.3.10 (/opt/ros/jazzy/share/nav2_core/cmake)\n'}
[51.481244] (temizlik_navigation) StdoutLine: {'line': b'[ 50%] \x1b[32mBuilding CXX object CMakeFiles/f2c_smoke_test.dir/src/f2c_smoke_test.cpp.o\x1b[0m\n'}
[51.481413] (temizlik_navigation) StdoutLine: {'line': b'[ 50%] \x1b[32mBuilding CXX object CMakeFiles/f2c_nav2_waypoint_node.dir/src/f2c_nav2_waypoint_node.cpp.o\x1b[0m\n'}
[51.490568] (opennav_row_coverage) StdoutLine: {'line': b'-- Found GDAL: /usr/lib/x86_64-linux-gnu/libgdal.so (found suitable version "3.8.4", minimum required is "3.0") \n'}
[51.491289] (opennav_row_coverage) StdoutLine: {'line': b'-- Found opennav_coverage: 0.0.1 (/home/ws/install/opennav_coverage/share/opennav_coverage/cmake)\n'}
[51.498703] (-) TimerEvent: {}
[51.598903] (-) TimerEvent: {}
[51.608246] (opennav_row_coverage) StdoutLine: {'line': b'-- Found ament_lint_auto: 0.17.4 (/opt/ros/jazzy/share/ament_lint_auto/cmake)\n'}
[51.614148] (opennav_row_coverage) StdoutLine: {'line': b'-- Found ament_cmake_gtest: 2.5.5 (/opt/ros/jazzy/share/ament_cmake_gtest/cmake)\n'}
[51.645141] (opennav_coverage_navigator) StdoutLine: {'line': b'-- Found opennav_coverage_msgs: 0.0.1 (/home/ws/install/opennav_coverage_msgs/share/opennav_coverage_msgs/cmake)\n'}
[51.699003] (-) TimerEvent: {}
[51.701431] (opennav_coverage_navigator) StdoutLine: {'line': b'-- Found ament_lint_auto: 0.17.4 (/opt/ros/jazzy/share/ament_lint_auto/cmake)\n'}
[51.706195] (opennav_coverage_navigator) StdoutLine: {'line': b'-- Found ament_cmake_gtest: 2.5.5 (/opt/ros/jazzy/share/ament_cmake_gtest/cmake)\n'}
[51.715533] (opennav_row_coverage) StdoutLine: {'line': b"-- Found gtest sources under '/opt/ros/jazzy/src/gtest_vendor': C++ tests using 'Google Test' will be built\n"}
[51.717164] (opennav_row_coverage) StdoutLine: {'line': b'-- Performing Test CMAKE_HAVE_LIBC_PTHREAD\n'}
[51.791118] (opennav_row_coverage) StdoutLine: {'line': b'-- Performing Test CMAKE_HAVE_LIBC_PTHREAD - Success\n'}
[51.791953] (opennav_row_coverage) StdoutLine: {'line': b'-- Found Threads: TRUE  \n'}
[51.799093] (-) TimerEvent: {}
[51.833772] (opennav_row_coverage) StdoutLine: {'line': b"-- Added test 'copyright' to check source files copyright and LICENSE\n"}
[51.835188] (opennav_row_coverage) StdoutLine: {'line': b"-- Added test 'cppcheck' to perform static code analysis on C / C++ code\n"}
[51.835550] (opennav_row_coverage) StdoutLine: {'line': b'-- Configured cppcheck include dirs: /home/ws/src/opennav_coverage/opennav_row_coverage/include\n'}
[51.835595] (opennav_row_coverage) StdoutLine: {'line': b'-- Configured cppcheck exclude dirs and/or files: \n'}
[51.836940] (opennav_row_coverage) StdoutLine: {'line': b"-- Added test 'cpplint' to check C / C++ code against the Google style\n"}
[51.836984] (opennav_row_coverage) StdoutLine: {'line': b'-- Configured cpplint exclude dirs and/or files: \n'}
[51.837830] (opennav_row_coverage) StdoutLine: {'line': b"-- Added test 'flake8' to check Python code syntax and style conventions\n"}
[51.837897] (opennav_row_coverage) StdoutLine: {'line': b"-- Configured 'flake8' exclude dirs and/or files: \n"}
[51.838874] (opennav_row_coverage) StdoutLine: {'line': b"-- Added test 'lint_cmake' to check CMake code style\n"}
[51.839626] (opennav_row_coverage) StdoutLine: {'line': b"-- Added test 'pep257' to check Python code against some of the docstring style conventions in PEP 257\n"}
[51.840797] (opennav_row_coverage) StdoutLine: {'line': b"-- Added test 'uncrustify' to check C / C++ code style\n"}
[51.840864] (opennav_row_coverage) StdoutLine: {'line': b'-- Configured uncrustify additional arguments: \n'}
[51.841470] (opennav_row_coverage) StdoutLine: {'line': b"-- Added test 'xmllint' to check XML markup files\n"}
[51.844239] (opennav_row_coverage) StdoutLine: {'line': b'-- Configuring done (1.6s)\n'}
[51.846638] (opennav_coverage_navigator) StdoutLine: {'line': b"-- Found gtest sources under '/opt/ros/jazzy/src/gtest_vendor': C++ tests using 'Google Test' will be built\n"}
[51.848567] (opennav_coverage_navigator) StdoutLine: {'line': b'-- Performing Test CMAKE_HAVE_LIBC_PTHREAD\n'}
[51.899189] (-) TimerEvent: {}
[51.925317] (opennav_coverage_navigator) StdoutLine: {'line': b'-- Performing Test CMAKE_HAVE_LIBC_PTHREAD - Success\n'}
[51.926312] (opennav_coverage_navigator) StdoutLine: {'line': b'-- Found Threads: TRUE  \n'}
[51.959938] (opennav_coverage_navigator) StdoutLine: {'line': b"-- Added test 'copyright' to check source files copyright and LICENSE\n"}
[51.961206] (opennav_coverage_navigator) StdoutLine: {'line': b"-- Added test 'cppcheck' to perform static code analysis on C / C++ code\n"}
[51.961493] (opennav_coverage_navigator) StdoutLine: {'line': b'-- Configured cppcheck include dirs: /home/ws/src/opennav_coverage/opennav_coverage_navigator/include\n'}
[51.961586] (opennav_coverage_navigator) StdoutLine: {'line': b'-- Configured cppcheck exclude dirs and/or files: \n'}
[51.962750] (opennav_coverage_navigator) StdoutLine: {'line': b"-- Added test 'cpplint' to check C / C++ code against the Google style\n"}
[51.962850] (opennav_coverage_navigator) StdoutLine: {'line': b'-- Configured cpplint exclude dirs and/or files: \n'}
[51.963599] (opennav_coverage_navigator) StdoutLine: {'line': b"-- Added test 'lint_cmake' to check CMake code style\n"}
[51.964778] (opennav_coverage_navigator) StdoutLine: {'line': b"-- Added test 'uncrustify' to check C / C++ code style\n"}
[51.964858] (opennav_coverage_navigator) StdoutLine: {'line': b'-- Configured uncrustify additional arguments: \n'}
[51.965442] (opennav_coverage_navigator) StdoutLine: {'line': b"-- Added test 'xmllint' to check XML markup files\n"}
[51.968098] (opennav_coverage_navigator) StdoutLine: {'line': b'-- Configuring done (1.7s)\n'}
[51.973872] (opennav_row_coverage) StdoutLine: {'line': b'-- Generating done (0.1s)\n'}
[51.984630] (opennav_row_coverage) StdoutLine: {'line': b'-- Build files have been written to: /home/ws/build/opennav_row_coverage\n'}
[51.996153] (opennav_row_coverage) CommandEnded: {'returncode': 0}
[51.996666] (opennav_row_coverage) JobProgress: {'identifier': 'opennav_row_coverage', 'progress': 'build'}
[51.997055] (opennav_row_coverage) Command: {'cmd': ['/usr/bin/cmake', '--build', '/home/ws/build/opennav_row_coverage', '--', '-j12', '-l12'], 'cwd': '/home/ws/build/opennav_row_coverage', 'env': OrderedDict({'PYTHON_BASIC_REPL': '1', 'GZ_SIM_RESOURCE_PATH': '/opt/ros/jazzy/share', 'GZ_CONFIG_PATH': '/opt/ros/jazzy/opt/gz_sim_vendor/share/gz:/opt/ros/jazzy/opt/sdformat_vendor/share/gz:/opt/ros/jazzy/opt/gz_gui_vendor/share/gz:/opt/ros/jazzy/opt/gz_transport_vendor/share/gz:/opt/ros/jazzy/opt/gz_rendering_vendor/share/gz:/opt/ros/jazzy/opt/gz_plugin_vendor/share/gz:/opt/ros/jazzy/opt/gz_fuel_tools_vendor/share/gz:/opt/ros/jazzy/opt/gz_msgs_vendor/share/gz:/opt/ros/jazzy/opt/gz_common_vendor/share/gz', 'HOSTNAME': 'robotik-MS-7E27', 'GIT_ASKPASS': '/vscode/vscode-server/bin/linux-x64/0f0d87fa9e96c856c5212fc86db137ac0d783365/extensions/git/dist/askpass.sh', 'SHLVL': '2', 'LD_LIBRARY_PATH': '/home/ws/install/opennav_coverage/lib:/home/ws/install/opennav_coverage_msgs/lib:/home/ws/install/fields2cover/lib:/home/ws/install/opennav_coverage_bt/lib:/opt/ros/jazzy/opt/gz_sim_vendor/lib:/opt/ros/jazzy/opt/gz_sensors_vendor/lib:/opt/ros/jazzy/opt/gz_physics_vendor/lib:/opt/ros/jazzy/opt/sdformat_vendor/lib:/opt/ros/jazzy/opt/rviz_ogre_vendor/lib:/opt/ros/jazzy/lib/x86_64-linux-gnu:/opt/ros/jazzy/opt/gz_gui_vendor/lib:/opt/ros/jazzy/opt/gz_transport_vendor/lib:/opt/ros/jazzy/opt/gz_rendering_vendor/lib:/opt/ros/jazzy/opt/gz_plugin_vendor/lib:/opt/ros/jazzy/opt/gz_fuel_tools_vendor/lib:/opt/ros/jazzy/opt/gz_msgs_vendor/lib:/opt/ros/jazzy/opt/gz_common_vendor/lib:/opt/ros/jazzy/opt/gz_math_vendor/lib:/opt/ros/jazzy/opt/gz_utils_vendor/lib:/opt/ros/jazzy/opt/gz_tools_vendor/lib:/opt/ros/jazzy/opt/gz_ogre_next_vendor/lib:/opt/ros/jazzy/opt/gz_dartsim_vendor/lib:/opt/ros/jazzy/opt/gz_cmake_vendor/lib:/opt/ros/jazzy/lib', 'BROWSER': '/vscode/vscode-server/bin/linux-x64/0f0d87fa9e96c856c5212fc86db137ac0d783365/bin/helpers/browser.sh', 'HOME': '/home/robotik', 'OLDPWD': '/home/ws', 'TERM_PROGRAM_VERSION': '1.104.1', 'VSCODE_IPC_HOOK_CLI': '/tmp/vscode-ipc-34229b74-0b4a-4ada-80c6-49487c911e82.sock', 'ROS_PYTHON_VERSION': '3', 'GK_GL_PATH': '/tmp/gitkraken/gitlens/gitlens-ipc-server-51464-40011.json', 'VSCODE_GIT_ASKPASS_MAIN': '/vscode/vscode-server/bin/linux-x64/0f0d87fa9e96c856c5212fc86db137ac0d783365/extensions/git/dist/askpass-main.js', 'VSCODE_GIT_ASKPASS_NODE': '/vscode/vscode-server/bin/linux-x64/0f0d87fa9e96c856c5212fc86db137ac0d783365/node', 'VSCODE_PYTHON_AUTOACTIVATE_GUARD': '1', 'COLORTERM': 'truecolor', 'REMOTE_CONTAINERS': 'true', 'COLCON_PREFIX_PATH': '/home/ws/install', 'ROS_DISTRO': 'jazzy', 'REMOTE_CONTAINERS_IPC': '/tmp/vscode-remote-containers-ipc-4e417db4-7c1a-4b01-af48-e54fed4a36cc.sock', '_': '/usr/bin/colcon', 'ROS_VERSION': '2', 'PKG_CONFIG_PATH': '/home/ws/install/fields2cover/lib/x86_64-linux-gnu/pkgconfig:/home/ws/install/fields2cover/lib/pkgconfig', 'TERM': 'xterm-256color', 'ROS_LOCALHOST_ONLY': '1', 'QT_X11_NO_MITSHM': '1', 'PATH': '/vscode/vscode-server/bin/linux-x64/0f0d87fa9e96c856c5212fc86db137ac0d783365/bin/remote-cli:/opt/ros/jazzy/opt/gz_msgs_vendor/bin:/opt/ros/jazzy/opt/gz_tools_vendor/bin:/opt/ros/jazzy/opt/gz_ogre_next_vendor/bin:/opt/ros/jazzy/bin:/usr/local/sbin:/usr/local/bin:/usr/sbin:/usr/bin:/sbin:/bin', 'REMOTE_CONTAINERS_SOCKETS': '["/tmp/vscode-ssh-auth-4e417db4-7c1a-4b01-af48-e54fed4a36cc.sock","/home/robotik/.gnupg/S.gpg-agent"]', 'DISPLAY': ':1', 'LANG': 'C.UTF-8', 'PYTHONSTARTUP': '/home/robotik/.vscode-server/data/User/workspaceStorage/c9fa6eec5cd49662c868376ad1ad25b6/ms-python.python/pythonrc.py', 'LS_COLORS': 'rs=0:di=01;34:ln=01;36:mh=00:pi=40;33:so=01;35:do=01;35:bd=40;33;01:cd=40;33;01:or=40;31;01:mi=00:su=37;41:sg=30;43:ca=00:tw=30;42:ow=34;42:st=37;44:ex=01;32:*.tar=01;31:*.tgz=01;31:*.arc=01;31:*.arj=01;31:*.taz=01;31:*.lha=01;31:*.lz4=01;31:*.lzh=01;31:*.lzma=01;31:*.tlz=01;31:*.txz=01;31:*.tzo=01;31:*.t7z=01;31:*.zip=01;31:*.z=01;31:*.dz=01;31:*.gz=01;31:*.lrz=01;31:*.lz=01;31:*.lzo=01;31:*.xz=01;31:*.zst=01;31:*.tzst=01;31:*.bz2=01;31:*.bz=01;31:*.tbz=01;31:*.tbz2=01;31:*.tz=01;31:*.deb=01;31:*.rpm=01;31:*.jar=01;31:*.war=01;31:*.ear=01;31:*.sar=01;31:*.rar=01;31:*.alz=01;31:*.ace=01;31:*.zoo=01;31:*.cpio=01;31:*.7z=01;31:*.rz=01;31:*.cab=01;31:*.wim=01;31:*.swm=01;31:*.dwm=01;31:*.esd=01;31:*.avif=01;35:*.jpg=01;35:*.jpeg=01;35:*.mjpg=01;35:*.mjpeg=01;35:*.gif=01;35:*.bmp=01;35:*.pbm=01;35:*.pgm=01;35:*.ppm=01;35:*.tga=01;35:*.xbm=01;35:*.xpm=01;35:*.tif=01;35:*.tiff=01;35:*.png=01;35:*.svg=01;35:*.svgz=01;35:*.mng=01;35:*.pcx=01;35:*.mov=01;35:*.mpg=01;35:*.mpeg=01;35:*.m2v=01;35:*.mkv=01;35:*.webm=01;35:*.webp=01;35:*.ogm=01;35:*.mp4=01;35:*.m4v=01;35:*.mp4v=01;35:*.vob=01;35:*.qt=01;35:*.nuv=01;35:*.wmv=01;35:*.asf=01;35:*.rm=01;35:*.rmvb=01;35:*.flc=01;35:*.avi=01;35:*.fli=01;35:*.flv=01;35:*.gl=01;35:*.dl=01;35:*.xcf=01;35:*.xwd=01;35:*.yuv=01;35:*.cgm=01;35:*.emf=01;35:*.ogv=01;35:*.ogx=01;35:*.aac=00;36:*.au=00;36:*.flac=00;36:*.m4a=00;36:*.mid=00;36:*.midi=00;36:*.mka=00;36:*.mp3=00;36:*.mpc=00;36:*.ogg=00;36:*.ra=00;36:*.wav=00;36:*.oga=00;36:*.opus=00;36:*.spx=00;36:*.xspf=00;36:*~=00;90:*#=00;90:*.bak=00;90:*.crdownload=00;90:*.dpkg-dist=00;90:*.dpkg-new=00;90:*.dpkg-old=00;90:*.dpkg-tmp=00;90:*.old=00;90:*.orig=00;90:*.part=00;90:*.rej=00;90:*.rpmnew=00;90:*.rpmorig=00;90:*.rpmsave=00;90:*.swp=00;90:*.tmp=00;90:*.ucf-dist=00;90:*.ucf-new=00;90:*.ucf-old=00;90:', 'VSCODE_GIT_IPC_HANDLE': '/tmp/vscode-git-097b13c4b4.sock', 'TERM_PROGRAM': 'vscode', 'SSH_AUTH_SOCK': '/tmp/vscode-ssh-auth-4e417db4-7c1a-4b01-af48-e54fed4a36cc.sock', 'ROS_DOMAIN_ID': '42', 'AMENT_PREFIX_PATH': '/home/ws/install/opennav_coverage_bt:/home/ws/install/opennav_coverage:/home/ws/install/opennav_coverage_msgs:/home/ws/install/temizlik_navigation:/opt/ros/jazzy', 'SHELL': '/bin/bash', 'GK_GL_ADDR': 'http://127.0.0.1:40011', 'ROS_AUTOMATIC_DISCOVERY_RANGE': 'SUBNET', 'VSCODE_GIT_ASKPASS_EXTRA_ARGS': '', 'PWD': '/home/ws/build/opennav_row_coverage', 'TURTLEBOT3_MODEL': 'burger', 'LC_ALL': 'C.UTF-8', 'PYTHONPATH': '/home/ws/install/opennav_coverage_msgs/lib/python3.12/site-packages:/opt/ros/jazzy/lib/python3.12/site-packages', 'COLCON': '1', 'CMAKE_PREFIX_PATH': '/home/ws/install/opennav_coverage:/home/ws/install/opennav_coverage_msgs:/home/ws/install/fields2cover:/home/ws/install/opennav_coverage_bt:/home/ws/install/temizlik_navigation:/opt/ros/jazzy/opt/gz_sim_vendor:/opt/ros/jazzy/opt/gz_sensors_vendor:/opt/ros/jazzy/opt/gz_physics_vendor:/opt/ros/jazzy/opt/sdformat_vendor:/opt/ros/jazzy/opt/gz_gui_vendor:/opt/ros/jazzy/opt/gz_transport_vendor:/opt/ros/jazzy/opt/gz_rendering_vendor:/opt/ros/jazzy/opt/gz_plugin_vendor:/opt/ros/jazzy/opt/gz_fuel_tools_vendor:/opt/ros/jazzy/opt/gz_msgs_vendor:/opt/ros/jazzy/opt/gz_common_vendor:/opt/ros/jazzy/opt/gz_math_vendor:/opt/ros/jazzy/opt/gz_utils_vendor:/opt/ros/jazzy/opt/gz_tools_vendor:/opt/ros/jazzy/opt/gz_ogre_next_vendor:/opt/ros/jazzy/opt/gz_dartsim_vendor:/opt/ros/jazzy/opt/gz_cmake_vendor:/opt/ros/jazzy'}), 'shell': False}
[51.999240] (-) TimerEvent: {}
[52.052208] (opennav_row_coverage) StdoutLine: {'line': b'[ 15%] \x1b[32mBuilding CXX object gtest/CMakeFiles/gtest_main.dir/src/gtest_main.cc.o\x1b[0m\n'}
[52.052388] (opennav_row_coverage) StdoutLine: {'line': b'[ 15%] \x1b[32mBuilding CXX object CMakeFiles/opennav_row_coverage_core.dir/src/row_coverage_server.cpp.o\x1b[0m\n'}
[52.053350] (opennav_row_coverage) StdoutLine: {'line': b'[ 23%] \x1b[32mBuilding CXX object CMakeFiles/opennav_row_coverage_core.dir/src/row_swath_generator.cpp.o\x1b[0m\n'}
[52.054449] (opennav_row_coverage) StdoutLine: {'line': b'[ 30%] \x1b[32mBuilding CXX object gtest/CMakeFiles/gtest.dir/src/gtest-all.cc.o\x1b[0m\n'}
[52.055891] (opennav_coverage_navigator) StdoutLine: {'line': b'-- Generating done (0.1s)\n'}
[52.065096] (opennav_coverage_navigator) StdoutLine: {'line': b'-- Build files have been written to: /home/ws/build/opennav_coverage_navigator\n'}
[52.079481] (opennav_coverage_navigator) CommandEnded: {'returncode': 0}
[52.079919] (opennav_coverage_navigator) JobProgress: {'identifier': 'opennav_coverage_navigator', 'progress': 'build'}
[52.080112] (opennav_coverage_navigator) Command: {'cmd': ['/usr/bin/cmake', '--build', '/home/ws/build/opennav_coverage_navigator', '--', '-j12', '-l12'], 'cwd': '/home/ws/build/opennav_coverage_navigator', 'env': OrderedDict({'PYTHON_BASIC_REPL': '1', 'GZ_SIM_RESOURCE_PATH': '/opt/ros/jazzy/share', 'GZ_CONFIG_PATH': '/opt/ros/jazzy/opt/gz_sim_vendor/share/gz:/opt/ros/jazzy/opt/sdformat_vendor/share/gz:/opt/ros/jazzy/opt/gz_gui_vendor/share/gz:/opt/ros/jazzy/opt/gz_transport_vendor/share/gz:/opt/ros/jazzy/opt/gz_rendering_vendor/share/gz:/opt/ros/jazzy/opt/gz_plugin_vendor/share/gz:/opt/ros/jazzy/opt/gz_fuel_tools_vendor/share/gz:/opt/ros/jazzy/opt/gz_msgs_vendor/share/gz:/opt/ros/jazzy/opt/gz_common_vendor/share/gz', 'HOSTNAME': 'robotik-MS-7E27', 'GIT_ASKPASS': '/vscode/vscode-server/bin/linux-x64/0f0d87fa9e96c856c5212fc86db137ac0d783365/extensions/git/dist/askpass.sh', 'SHLVL': '2', 'LD_LIBRARY_PATH': '/home/ws/install/opennav_coverage_bt/lib:/home/ws/install/opennav_coverage/lib:/home/ws/install/opennav_coverage_msgs/lib:/home/ws/install/fields2cover/lib:/opt/ros/jazzy/opt/gz_sim_vendor/lib:/opt/ros/jazzy/opt/gz_sensors_vendor/lib:/opt/ros/jazzy/opt/gz_physics_vendor/lib:/opt/ros/jazzy/opt/sdformat_vendor/lib:/opt/ros/jazzy/opt/rviz_ogre_vendor/lib:/opt/ros/jazzy/lib/x86_64-linux-gnu:/opt/ros/jazzy/opt/gz_gui_vendor/lib:/opt/ros/jazzy/opt/gz_transport_vendor/lib:/opt/ros/jazzy/opt/gz_rendering_vendor/lib:/opt/ros/jazzy/opt/gz_plugin_vendor/lib:/opt/ros/jazzy/opt/gz_fuel_tools_vendor/lib:/opt/ros/jazzy/opt/gz_msgs_vendor/lib:/opt/ros/jazzy/opt/gz_common_vendor/lib:/opt/ros/jazzy/opt/gz_math_vendor/lib:/opt/ros/jazzy/opt/gz_utils_vendor/lib:/opt/ros/jazzy/opt/gz_tools_vendor/lib:/opt/ros/jazzy/opt/gz_ogre_next_vendor/lib:/opt/ros/jazzy/opt/gz_dartsim_vendor/lib:/opt/ros/jazzy/opt/gz_cmake_vendor/lib:/opt/ros/jazzy/lib', 'BROWSER': '/vscode/vscode-server/bin/linux-x64/0f0d87fa9e96c856c5212fc86db137ac0d783365/bin/helpers/browser.sh', 'HOME': '/home/robotik', 'OLDPWD': '/home/ws', 'TERM_PROGRAM_VERSION': '1.104.1', 'VSCODE_IPC_HOOK_CLI': '/tmp/vscode-ipc-34229b74-0b4a-4ada-80c6-49487c911e82.sock', 'ROS_PYTHON_VERSION': '3', 'GK_GL_PATH': '/tmp/gitkraken/gitlens/gitlens-ipc-server-51464-40011.json', 'VSCODE_GIT_ASKPASS_MAIN': '/vscode/vscode-server/bin/linux-x64/0f0d87fa9e96c856c5212fc86db137ac0d783365/extensions/git/dist/askpass-main.js', 'VSCODE_GIT_ASKPASS_NODE': '/vscode/vscode-server/bin/linux-x64/0f0d87fa9e96c856c5212fc86db137ac0d783365/node', 'VSCODE_PYTHON_AUTOACTIVATE_GUARD': '1', 'COLORTERM': 'truecolor', 'REMOTE_CONTAINERS': 'true', 'COLCON_PREFIX_PATH': '/home/ws/install', 'ROS_DISTRO': 'jazzy', 'REMOTE_CONTAINERS_IPC': '/tmp/vscode-remote-containers-ipc-4e417db4-7c1a-4b01-af48-e54fed4a36cc.sock', '_': '/usr/bin/colcon', 'ROS_VERSION': '2', 'PKG_CONFIG_PATH': '/home/ws/install/fields2cover/lib/x86_64-linux-gnu/pkgconfig:/home/ws/install/fields2cover/lib/pkgconfig', 'TERM': 'xterm-256color', 'ROS_LOCALHOST_ONLY': '1', 'QT_X11_NO_MITSHM': '1', 'PATH': '/vscode/vscode-server/bin/linux-x64/0f0d87fa9e96c856c5212fc86db137ac0d783365/bin/remote-cli:/opt/ros/jazzy/opt/gz_msgs_vendor/bin:/opt/ros/jazzy/opt/gz_tools_vendor/bin:/opt/ros/jazzy/opt/gz_ogre_next_vendor/bin:/opt/ros/jazzy/bin:/usr/local/sbin:/usr/local/bin:/usr/sbin:/usr/bin:/sbin:/bin', 'REMOTE_CONTAINERS_SOCKETS': '["/tmp/vscode-ssh-auth-4e417db4-7c1a-4b01-af48-e54fed4a36cc.sock","/home/robotik/.gnupg/S.gpg-agent"]', 'DISPLAY': ':1', 'LANG': 'C.UTF-8', 'PYTHONSTARTUP': '/home/robotik/.vscode-server/data/User/workspaceStorage/c9fa6eec5cd49662c868376ad1ad25b6/ms-python.python/pythonrc.py', 'LS_COLORS': 'rs=0:di=01;34:ln=01;36:mh=00:pi=40;33:so=01;35:do=01;35:bd=40;33;01:cd=40;33;01:or=40;31;01:mi=00:su=37;41:sg=30;43:ca=00:tw=30;42:ow=34;42:st=37;44:ex=01;32:*.tar=01;31:*.tgz=01;31:*.arc=01;31:*.arj=01;31:*.taz=01;31:*.lha=01;31:*.lz4=01;31:*.lzh=01;31:*.lzma=01;31:*.tlz=01;31:*.txz=01;31:*.tzo=01;31:*.t7z=01;31:*.zip=01;31:*.z=01;31:*.dz=01;31:*.gz=01;31:*.lrz=01;31:*.lz=01;31:*.lzo=01;31:*.xz=01;31:*.zst=01;31:*.tzst=01;31:*.bz2=01;31:*.bz=01;31:*.tbz=01;31:*.tbz2=01;31:*.tz=01;31:*.deb=01;31:*.rpm=01;31:*.jar=01;31:*.war=01;31:*.ear=01;31:*.sar=01;31:*.rar=01;31:*.alz=01;31:*.ace=01;31:*.zoo=01;31:*.cpio=01;31:*.7z=01;31:*.rz=01;31:*.cab=01;31:*.wim=01;31:*.swm=01;31:*.dwm=01;31:*.esd=01;31:*.avif=01;35:*.jpg=01;35:*.jpeg=01;35:*.mjpg=01;35:*.mjpeg=01;35:*.gif=01;35:*.bmp=01;35:*.pbm=01;35:*.pgm=01;35:*.ppm=01;35:*.tga=01;35:*.xbm=01;35:*.xpm=01;35:*.tif=01;35:*.tiff=01;35:*.png=01;35:*.svg=01;35:*.svgz=01;35:*.mng=01;35:*.pcx=01;35:*.mov=01;35:*.mpg=01;35:*.mpeg=01;35:*.m2v=01;35:*.mkv=01;35:*.webm=01;35:*.webp=01;35:*.ogm=01;35:*.mp4=01;35:*.m4v=01;35:*.mp4v=01;35:*.vob=01;35:*.qt=01;35:*.nuv=01;35:*.wmv=01;35:*.asf=01;35:*.rm=01;35:*.rmvb=01;35:*.flc=01;35:*.avi=01;35:*.fli=01;35:*.flv=01;35:*.gl=01;35:*.dl=01;35:*.xcf=01;35:*.xwd=01;35:*.yuv=01;35:*.cgm=01;35:*.emf=01;35:*.ogv=01;35:*.ogx=01;35:*.aac=00;36:*.au=00;36:*.flac=00;36:*.m4a=00;36:*.mid=00;36:*.midi=00;36:*.mka=00;36:*.mp3=00;36:*.mpc=00;36:*.ogg=00;36:*.ra=00;36:*.wav=00;36:*.oga=00;36:*.opus=00;36:*.spx=00;36:*.xspf=00;36:*~=00;90:*#=00;90:*.bak=00;90:*.crdownload=00;90:*.dpkg-dist=00;90:*.dpkg-new=00;90:*.dpkg-old=00;90:*.dpkg-tmp=00;90:*.old=00;90:*.orig=00;90:*.part=00;90:*.rej=00;90:*.rpmnew=00;90:*.rpmorig=00;90:*.rpmsave=00;90:*.swp=00;90:*.tmp=00;90:*.ucf-dist=00;90:*.ucf-new=00;90:*.ucf-old=00;90:', 'VSCODE_GIT_IPC_HANDLE': '/tmp/vscode-git-097b13c4b4.sock', 'TERM_PROGRAM': 'vscode', 'SSH_AUTH_SOCK': '/tmp/vscode-ssh-auth-4e417db4-7c1a-4b01-af48-e54fed4a36cc.sock', 'ROS_DOMAIN_ID': '42', 'AMENT_PREFIX_PATH': '/home/ws/install/opennav_coverage_bt:/home/ws/install/opennav_coverage:/home/ws/install/opennav_coverage_msgs:/home/ws/install/temizlik_navigation:/opt/ros/jazzy', 'SHELL': '/bin/bash', 'GK_GL_ADDR': 'http://127.0.0.1:40011', 'ROS_AUTOMATIC_DISCOVERY_RANGE': 'SUBNET', 'VSCODE_GIT_ASKPASS_EXTRA_ARGS': '', 'PWD': '/home/ws/build/opennav_coverage_navigator', 'TURTLEBOT3_MODEL': 'burger', 'LC_ALL': 'C.UTF-8', 'PYTHONPATH': '/home/ws/install/opennav_coverage_msgs/lib/python3.12/site-packages:/opt/ros/jazzy/lib/python3.12/site-packages', 'COLCON': '1', 'CMAKE_PREFIX_PATH': '/home/ws/install/opennav_coverage_bt:/home/ws/install/opennav_coverage:/home/ws/install/opennav_coverage_msgs:/home/ws/install/fields2cover:/home/ws/install/temizlik_navigation:/opt/ros/jazzy/opt/gz_sim_vendor:/opt/ros/jazzy/opt/gz_sensors_vendor:/opt/ros/jazzy/opt/gz_physics_vendor:/opt/ros/jazzy/opt/sdformat_vendor:/opt/ros/jazzy/opt/gz_gui_vendor:/opt/ros/jazzy/opt/gz_transport_vendor:/opt/ros/jazzy/opt/gz_rendering_vendor:/opt/ros/jazzy/opt/gz_plugin_vendor:/opt/ros/jazzy/opt/gz_fuel_tools_vendor:/opt/ros/jazzy/opt/gz_msgs_vendor:/opt/ros/jazzy/opt/gz_common_vendor:/opt/ros/jazzy/opt/gz_math_vendor:/opt/ros/jazzy/opt/gz_utils_vendor:/opt/ros/jazzy/opt/gz_tools_vendor:/opt/ros/jazzy/opt/gz_ogre_next_vendor:/opt/ros/jazzy/opt/gz_dartsim_vendor:/opt/ros/jazzy/opt/gz_cmake_vendor:/opt/ros/jazzy'}), 'shell': False}
[52.099336] (-) TimerEvent: {}
[52.130533] (temizlik_navigation) StderrLine: {'line': b'\x1b[01m\x1b[K/home/ws/src/temizlik_navigation/src/f2c_smoke_test.cpp:\x1b[m\x1b[K In function \xe2\x80\x98\x1b[01m\x1b[Kint\x1b[01;32m\x1b[K main\x1b[m\x1b[K()\x1b[m\x1b[K\xe2\x80\x99:\n'}
[52.130697] (temizlik_navigation) StderrLine: {'line': b'\x1b[01m\x1b[K/home/ws/src/temizlik_navigation/src/f2c_smoke_test.cpp:7:36:\x1b[m\x1b[K \x1b[01;31m\x1b[Kerror: \x1b[m\x1b[Kno matching function for call to \xe2\x80\x98\x1b[01m\x1b[Kf2c::types::Robot::Robot(double, double, double, double)\x1b[m\x1b[K\xe2\x80\x99\n'}
[52.130746] (temizlik_navigation) StderrLine: {'line': b'    7 |   F2CRobot robot(0.4, 0.4, 1.0, 0.3\x1b[01;31m\x1b[K)\x1b[m\x1b[K;\n'}
[52.130782] (temizlik_navigation) StderrLine: {'line': b'      |                                    \x1b[01;31m\x1b[K^\x1b[m\x1b[K\n'}
[52.130817] (temizlik_navigation) StderrLine: {'line': b'In file included from \x1b[01m\x1b[K/home/ws/install/fields2cover/include/fields2cover/types.h:31\x1b[m\x1b[K,\n'}
[52.130851] (temizlik_navigation) StderrLine: {'line': b'                 from \x1b[01m\x1b[K/home/ws/install/fields2cover/include/fields2cover.h:11\x1b[m\x1b[K,\n'}
[52.130886] (temizlik_navigation) StderrLine: {'line': b'                 from \x1b[01m\x1b[K/home/ws/src/temizlik_navigation/src/f2c_smoke_test.cpp:4\x1b[m\x1b[K:\n'}
[52.130920] (temizlik_navigation) StderrLine: {'line': b'\x1b[01m\x1b[K/home/ws/install/fields2cover/include/fields2cover/types/Robot.h:51:3:\x1b[m\x1b[K \x1b[01;36m\x1b[Knote: \x1b[m\x1b[Kcandidate: \xe2\x80\x98\x1b[01m\x1b[Kconstexpr f2c::types::Robot::\x1b[01;32m\x1b[KRobot\x1b[m\x1b[K(f2c::types::Robot&&)\x1b[m\x1b[K\xe2\x80\x99\n'}
[52.130957] (temizlik_navigation) StderrLine: {'line': b'   51 |   \x1b[01;36m\x1b[KRobot\x1b[m\x1b[K(Robot &&) = default;\n'}
[52.130991] (temizlik_navigation) StderrLine: {'line': b'      |   \x1b[01;36m\x1b[K^~~~~\x1b[m\x1b[K\n'}
[52.131025] (temizlik_navigation) StderrLine: {'line': b'\x1b[01m\x1b[K/home/ws/install/fields2cover/include/fields2cover/types/Robot.h:51:3:\x1b[m\x1b[K \x1b[01;36m\x1b[Knote: \x1b[m\x1b[K  candidate expects 1 argument, 4 provided\n'}
[52.131060] (temizlik_navigation) StderrLine: {'line': b'\x1b[01m\x1b[K/home/ws/install/fields2cover/include/fields2cover/types/Robot.h:50:3:\x1b[m\x1b[K \x1b[01;36m\x1b[Knote: \x1b[m\x1b[Kcandidate: \xe2\x80\x98\x1b[01m\x1b[Kconstexpr f2c::types::Robot::\x1b[01;32m\x1b[KRobot\x1b[m\x1b[K(const f2c::types::Robot&)\x1b[m\x1b[K\xe2\x80\x99\n'}
[52.131099] (temizlik_navigation) StderrLine: {'line': b'   50 |   \x1b[01;36m\x1b[KRobot\x1b[m\x1b[K(const Robot&) = default;\n'}
[52.131132] (temizlik_navigation) StderrLine: {'line': b'      |   \x1b[01;36m\x1b[K^~~~~\x1b[m\x1b[K\n'}
[52.131248] (temizlik_navigation) StderrLine: {'line': b'\x1b[01m\x1b[K/home/ws/install/fields2cover/include/fields2cover/types/Robot.h:50:3:\x1b[m\x1b[K \x1b[01;36m\x1b[Knote: \x1b[m\x1b[K  candidate expects 1 argument, 4 provided\n'}
[52.131292] (temizlik_navigation) StderrLine: {'line': b'\x1b[01m\x1b[K/home/ws/install/fields2cover/include/fields2cover/types/Robot.h:48:3:\x1b[m\x1b[K \x1b[01;36m\x1b[Knote: \x1b[m\x1b[Kcandidate: \xe2\x80\x98\x1b[01m\x1b[Kconstexpr f2c::types::Robot::\x1b[01;32m\x1b[KRobot\x1b[m\x1b[K()\x1b[m\x1b[K\xe2\x80\x99\n'}
[52.131342] (temizlik_navigation) StderrLine: {'line': b'   48 |   \x1b[01;36m\x1b[KRobot\x1b[m\x1b[K() = default;\n'}
[52.131378] (temizlik_navigation) StderrLine: {'line': b'      |   \x1b[01;36m\x1b[K^~~~~\x1b[m\x1b[K\n'}
[52.131414] (temizlik_navigation) StderrLine: {'line': b'\x1b[01m\x1b[K/home/ws/install/fields2cover/include/fields2cover/types/Robot.h:48:3:\x1b[m\x1b[K \x1b[01;36m\x1b[Knote: \x1b[m\x1b[K  candidate expects 0 arguments, 4 provided\n'}
[52.131449] (temizlik_navigation) StderrLine: {'line': b'\x1b[01m\x1b[K/home/ws/install/fields2cover/include/fields2cover/types/Robot.h:37:12:\x1b[m\x1b[K \x1b[01;36m\x1b[Knote: \x1b[m\x1b[Kcandidate: \xe2\x80\x98\x1b[01m\x1b[Kf2c::types::Robot::\x1b[01;32m\x1b[KRobot\x1b[m\x1b[K(double, double)\x1b[m\x1b[K\xe2\x80\x99\n'}
[52.131485] (temizlik_navigation) StderrLine: {'line': b'   37 |   explicit \x1b[01;36m\x1b[KRobot\x1b[m\x1b[K(\n'}
[52.131519] (temizlik_navigation) StderrLine: {'line': b'      |            \x1b[01;36m\x1b[K^~~~~\x1b[m\x1b[K\n'}
[52.131553] (temizlik_navigation) StderrLine: {'line': b'\x1b[01m\x1b[K/home/ws/install/fields2cover/include/fields2cover/types/Robot.h:37:12:\x1b[m\x1b[K \x1b[01;36m\x1b[Knote: \x1b[m\x1b[K  candidate expects 2 arguments, 4 provided\n'}
[52.131588] (temizlik_navigation) StderrLine: {'line': b'\x1b[01m\x1b[K/home/ws/src/temizlik_navigation/src/f2c_smoke_test.cpp:12:8:\x1b[m\x1b[K \x1b[01;31m\x1b[Kerror: \x1b[m\x1b[K\xe2\x80\x98\x1b[01m\x1b[KOptions\x1b[m\x1b[K\xe2\x80\x99 is not a member of \xe2\x80\x98\x1b[01m\x1b[Kf2c\x1b[m\x1b[K\xe2\x80\x99\n'}
[52.131622] (temizlik_navigation) StderrLine: {'line': b'   12 |   f2c::\x1b[01;31m\x1b[KOptions\x1b[m\x1b[K options;\n'}
[52.131657] (temizlik_navigation) StderrLine: {'line': b'      |        \x1b[01;31m\x1b[K^~~~~~~\x1b[m\x1b[K\n'}
[52.134389] (temizlik_navigation) StderrLine: {'line': b'\x1b[01m\x1b[K/home/ws/src/temizlik_navigation/src/f2c_smoke_test.cpp:13:3:\x1b[m\x1b[K \x1b[01;31m\x1b[Kerror: \x1b[m\x1b[K\xe2\x80\x98\x1b[01m\x1b[Koptions\x1b[m\x1b[K\xe2\x80\x99 was not declared in this scope; did you mean \xe2\x80\x98\x1b[01m\x1b[Koptind\x1b[m\x1b[K\xe2\x80\x99?\n'}
[52.134531] (temizlik_navigation) StderrLine: {'line': b'   13 |   \x1b[01;31m\x1b[Koptions\x1b[m\x1b[K.pp_alg = f2c::PPAlg::DUBINS;\n'}
[52.134590] (temizlik_navigation) StderrLine: {'line': b'      |   \x1b[01;31m\x1b[K^~~~~~~\x1b[m\x1b[K\n'}
[52.134634] (temizlik_navigation) StderrLine: {'line': b'      |   \x1b[32m\x1b[Koptind\x1b[m\x1b[K\n'}
[52.134707] (temizlik_navigation) StderrLine: {'line': b'\x1b[01m\x1b[K/home/ws/src/temizlik_navigation/src/f2c_smoke_test.cpp:13:25:\x1b[m\x1b[K \x1b[01;31m\x1b[Kerror: \x1b[m\x1b[K\xe2\x80\x98\x1b[01m\x1b[Kf2c::PPAlg\x1b[m\x1b[K\xe2\x80\x99 has not been declared\n'}
[52.134766] (temizlik_navigation) StderrLine: {'line': b'   13 |   options.pp_alg = f2c::\x1b[01;31m\x1b[KPPAlg\x1b[m\x1b[K::DUBINS;\n'}
[52.134819] (temizlik_navigation) StderrLine: {'line': b'      |                         \x1b[01;31m\x1b[K^~~~~\x1b[m\x1b[K\n'}
[52.134973] (temizlik_navigation) StderrLine: {'line': b'\x1b[01m\x1b[K/home/ws/src/temizlik_navigation/src/f2c_smoke_test.cpp:15:23:\x1b[m\x1b[K \x1b[01;31m\x1b[Kerror: \x1b[m\x1b[K\xe2\x80\x98\x1b[01m\x1b[KplanCovPath\x1b[m\x1b[K\xe2\x80\x99 is not a member of \xe2\x80\x98\x1b[01m\x1b[Kf2c\x1b[m\x1b[K\xe2\x80\x99\n'}
[52.135043] (temizlik_navigation) StderrLine: {'line': b'   15 |   F2CPath path = f2c::\x1b[01;31m\x1b[KplanCovPath\x1b[m\x1b[K(robot, cell, options);\n'}
[52.135096] (temizlik_navigation) StderrLine: {'line': b'      |                       \x1b[01;31m\x1b[K^~~~~~~~~~~\x1b[m\x1b[K\n'}
[52.135180] (temizlik_navigation) StderrLine: {'line': b'\x1b[01m\x1b[K/home/ws/src/temizlik_navigation/src/f2c_smoke_test.cpp:17:28:\x1b[m\x1b[K \x1b[01;31m\x1b[Kerror: \x1b[m\x1b[K\xe2\x80\x98\x1b[01m\x1b[Kusing F2CCell = struct f2c::types::Cell\x1b[m\x1b[K\xe2\x80\x99 {aka \xe2\x80\x98\x1b[01m\x1b[Kstruct f2c::types::Cell\x1b[m\x1b[K\xe2\x80\x99} has no member named \xe2\x80\x98\x1b[01m\x1b[Karea\x1b[m\x1b[K\xe2\x80\x99\n'}
[52.135243] (temizlik_navigation) StderrLine: {'line': b'   17 |   const double area = cell.\x1b[01;31m\x1b[Karea\x1b[m\x1b[K();\n'}
[52.135300] (temizlik_navigation) StderrLine: {'line': b'      |                            \x1b[01;31m\x1b[K^~~~\x1b[m\x1b[K\n'}
[52.156417] (opennav_coverage_navigator) StdoutLine: {'line': b'[ 12%] \x1b[32mBuilding CXX object gtest/CMakeFiles/gtest.dir/src/gtest-all.cc.o\x1b[0m\n'}
[52.156603] (opennav_coverage_navigator) StdoutLine: {'line': b'[ 25%] \x1b[32mBuilding CXX object gtest/CMakeFiles/gtest_main.dir/src/gtest_main.cc.o\x1b[0m\n'}
[52.156653] (opennav_coverage_navigator) StdoutLine: {'line': b'[ 37%] \x1b[32mBuilding CXX object CMakeFiles/opennav_coverage_navigator.dir/src/coverage_navigator.cpp.o\x1b[0m\n'}
[52.204319] (-) TimerEvent: {}
[52.241954] (temizlik_navigation) StderrLine: {'line': b'gmake[2]: *** [CMakeFiles/f2c_smoke_test.dir/build.make:76: CMakeFiles/f2c_smoke_test.dir/src/f2c_smoke_test.cpp.o] Error 1\n'}
[52.242117] (temizlik_navigation) StderrLine: {'line': b'gmake[1]: *** [CMakeFiles/Makefile2:139: CMakeFiles/f2c_smoke_test.dir/all] Error 2\n'}
[52.242223] (temizlik_navigation) StderrLine: {'line': b'gmake[1]: *** Waiting for unfinished jobs....\n'}
[52.301310] (-) TimerEvent: {}
[52.401554] (-) TimerEvent: {}
[52.501803] (-) TimerEvent: {}
[52.602115] (-) TimerEvent: {}
[52.677064] (opennav_row_coverage) StdoutLine: {'line': b'[ 38%] \x1b[32m\x1b[1mLinking CXX static library libgtest_main.a\x1b[0m\n'}
[52.702216] (-) TimerEvent: {}
[52.725065] (opennav_row_coverage) StdoutLine: {'line': b'[ 38%] Built target gtest_main\n'}
[52.802326] (-) TimerEvent: {}
[52.815501] (opennav_coverage_navigator) StdoutLine: {'line': b'[ 50%] \x1b[32m\x1b[1mLinking CXX static library libgtest_main.a\x1b[0m\n'}
[52.859165] (opennav_coverage_navigator) StdoutLine: {'line': b'[ 50%] Built target gtest_main\n'}
[52.902424] (-) TimerEvent: {}
[53.002677] (-) TimerEvent: {}
[53.102942] (-) TimerEvent: {}
[53.203208] (-) TimerEvent: {}
[53.303490] (-) TimerEvent: {}
[53.403748] (-) TimerEvent: {}
[53.504001] (-) TimerEvent: {}
[53.604258] (-) TimerEvent: {}
[53.704525] (-) TimerEvent: {}
[53.804773] (-) TimerEvent: {}
[53.905034] (-) TimerEvent: {}
[53.964615] (temizlik_navigation) StderrLine: {'line': b'\x1b[01m\x1b[K/home/ws/src/temizlik_navigation/src/f2c_nav2_waypoint_node.cpp:83:8:\x1b[m\x1b[K \x1b[01;31m\x1b[Kerror: \x1b[m\x1b[K\xe2\x80\x98\x1b[01m\x1b[KPPAlg\x1b[m\x1b[K\xe2\x80\x99 in namespace \xe2\x80\x98\x1b[01m\x1b[Kf2c\x1b[m\x1b[K\xe2\x80\x99 does not name a type\n'}
[53.964799] (temizlik_navigation) StderrLine: {'line': b'   83 |   f2c::\x1b[01;31m\x1b[KPPAlg\x1b[m\x1b[K parse_pp_alg(const std::string &alg_name) {\n'}
[53.964868] (temizlik_navigation) StderrLine: {'line': b'      |        \x1b[01;31m\x1b[K^~~~~\x1b[m\x1b[K\n'}
[53.997950] (temizlik_navigation) StderrLine: {'line': b'\x1b[01m\x1b[K/home/ws/src/temizlik_navigation/src/f2c_nav2_waypoint_node.cpp:\x1b[m\x1b[K In member function \xe2\x80\x98\x1b[01m\x1b[Kvoid F2CNav2WaypointNode::\x1b[01;32m\x1b[Kgenerate_waypoints\x1b[m\x1b[K()\x1b[m\x1b[K\xe2\x80\x99:\n'}
[53.998125] (temizlik_navigation) StderrLine: {'line': b'\x1b[01m\x1b[K/home/ws/src/temizlik_navigation/src/f2c_nav2_waypoint_node.cpp:152:76:\x1b[m\x1b[K \x1b[01;31m\x1b[Kerror: \x1b[m\x1b[Kno matching function for call to \xe2\x80\x98\x1b[01m\x1b[Kf2c::types::Robot::Robot(double&, double&, double&, double&)\x1b[m\x1b[K\xe2\x80\x99\n'}
[53.998189] (temizlik_navigation) StderrLine: {'line': b'  152 |     F2CRobot robot(robot_width_, coverage_width_, max_curv_, max_diff_curv_\x1b[01;31m\x1b[K)\x1b[m\x1b[K;\n'}
[53.998237] (temizlik_navigation) StderrLine: {'line': b'      |                                                                            \x1b[01;31m\x1b[K^\x1b[m\x1b[K\n'}
[53.998286] (temizlik_navigation) StderrLine: {'line': b'In file included from \x1b[01m\x1b[K/home/ws/install/fields2cover/include/fields2cover/types.h:31\x1b[m\x1b[K,\n'}
[53.998338] (temizlik_navigation) StderrLine: {'line': b'                 from \x1b[01m\x1b[K/home/ws/install/fields2cover/include/fields2cover.h:11\x1b[m\x1b[K,\n'}
[53.998381] (temizlik_navigation) StderrLine: {'line': b'                 from \x1b[01m\x1b[K/home/ws/src/temizlik_navigation/src/f2c_nav2_waypoint_node.cpp:8\x1b[m\x1b[K:\n'}
[53.998424] (temizlik_navigation) StderrLine: {'line': b'\x1b[01m\x1b[K/home/ws/install/fields2cover/include/fields2cover/types/Robot.h:51:3:\x1b[m\x1b[K \x1b[01;36m\x1b[Knote: \x1b[m\x1b[Kcandidate: \xe2\x80\x98\x1b[01m\x1b[Kconstexpr f2c::types::Robot::\x1b[01;32m\x1b[KRobot\x1b[m\x1b[K(f2c::types::Robot&&)\x1b[m\x1b[K\xe2\x80\x99\n'}
[53.998468] (temizlik_navigation) StderrLine: {'line': b'   51 |   \x1b[01;36m\x1b[KRobot\x1b[m\x1b[K(Robot &&) = default;\n'}
[53.998513] (temizlik_navigation) StderrLine: {'line': b'      |   \x1b[01;36m\x1b[K^~~~~\x1b[m\x1b[K\n'}
[53.998553] (temizlik_navigation) StderrLine: {'line': b'\x1b[01m\x1b[K/home/ws/install/fields2cover/include/fields2cover/types/Robot.h:51:3:\x1b[m\x1b[K \x1b[01;36m\x1b[Knote: \x1b[m\x1b[K  candidate expects 1 argument, 4 provided\n'}
[53.998594] (temizlik_navigation) StderrLine: {'line': b'\x1b[01m\x1b[K/home/ws/install/fields2cover/include/fields2cover/types/Robot.h:50:3:\x1b[m\x1b[K \x1b[01;36m\x1b[Knote: \x1b[m\x1b[Kcandidate: \xe2\x80\x98\x1b[01m\x1b[Kconstexpr f2c::types::Robot::\x1b[01;32m\x1b[KRobot\x1b[m\x1b[K(const f2c::types::Robot&)\x1b[m\x1b[K\xe2\x80\x99\n'}
[53.998634] (temizlik_navigation) StderrLine: {'line': b'   50 |   \x1b[01;36m\x1b[KRobot\x1b[m\x1b[K(const Robot&) = default;\n'}
[53.998675] (temizlik_navigation) StderrLine: {'line': b'      |   \x1b[01;36m\x1b[K^~~~~\x1b[m\x1b[K\n'}
[53.998714] (temizlik_navigation) StderrLine: {'line': b'\x1b[01m\x1b[K/home/ws/install/fields2cover/include/fields2cover/types/Robot.h:50:3:\x1b[m\x1b[K \x1b[01;36m\x1b[Knote: \x1b[m\x1b[K  candidate expects 1 argument, 4 provided\n'}
[53.998751] (temizlik_navigation) StderrLine: {'line': b'\x1b[01m\x1b[K/home/ws/install/fields2cover/include/fields2cover/types/Robot.h:48:3:\x1b[m\x1b[K \x1b[01;36m\x1b[Knote: \x1b[m\x1b[Kcandidate: \xe2\x80\x98\x1b[01m\x1b[Kconstexpr f2c::types::Robot::\x1b[01;32m\x1b[KRobot\x1b[m\x1b[K()\x1b[m\x1b[K\xe2\x80\x99\n'}
[53.998790] (temizlik_navigation) StderrLine: {'line': b'   48 |   \x1b[01;36m\x1b[KRobot\x1b[m\x1b[K() = default;\n'}
[53.998836] (temizlik_navigation) StderrLine: {'line': b'      |   \x1b[01;36m\x1b[K^~~~~\x1b[m\x1b[K\n'}
[53.998882] (temizlik_navigation) StderrLine: {'line': b'\x1b[01m\x1b[K/home/ws/install/fields2cover/include/fields2cover/types/Robot.h:48:3:\x1b[m\x1b[K \x1b[01;36m\x1b[Knote: \x1b[m\x1b[K  candidate expects 0 arguments, 4 provided\n'}
[53.998926] (temizlik_navigation) StderrLine: {'line': b'\x1b[01m\x1b[K/home/ws/install/fields2cover/include/fields2cover/types/Robot.h:37:12:\x1b[m\x1b[K \x1b[01;36m\x1b[Knote: \x1b[m\x1b[Kcandidate: \xe2\x80\x98\x1b[01m\x1b[Kf2c::types::Robot::\x1b[01;32m\x1b[KRobot\x1b[m\x1b[K(double, double)\x1b[m\x1b[K\xe2\x80\x99\n'}
[53.998970] (temizlik_navigation) StderrLine: {'line': b'   37 |   explicit \x1b[01;36m\x1b[KRobot\x1b[m\x1b[K(\n'}
[53.999065] (temizlik_navigation) StderrLine: {'line': b'      |            \x1b[01;36m\x1b[K^~~~~\x1b[m\x1b[K\n'}
[53.999107] (temizlik_navigation) StderrLine: {'line': b'\x1b[01m\x1b[K/home/ws/install/fields2cover/include/fields2cover/types/Robot.h:37:12:\x1b[m\x1b[K \x1b[01;36m\x1b[Knote: \x1b[m\x1b[K  candidate expects 2 arguments, 4 provided\n'}
[53.999154] (temizlik_navigation) StderrLine: {'line': b'\x1b[01m\x1b[K/home/ws/src/temizlik_navigation/src/f2c_nav2_waypoint_node.cpp:170:43:\x1b[m\x1b[K \x1b[01;31m\x1b[Kerror: \x1b[m\x1b[K\xe2\x80\x98\x1b[01m\x1b[Kusing F2CCells = struct f2c::types::Cells\x1b[m\x1b[K\xe2\x80\x99 {aka \xe2\x80\x98\x1b[01m\x1b[Kstruct f2c::types::Cells\x1b[m\x1b[K\xe2\x80\x99} has no member named \xe2\x80\x98\x1b[01m\x1b[Kdifference\x1b[m\x1b[K\xe2\x80\x99; did you mean \xe2\x80\x98\x1b[01m\x1b[KDifference\x1b[m\x1b[K\xe2\x80\x99?\n'}
[53.999203] (temizlik_navigation) StderrLine: {'line': b'  170 |       const auto diff_cells = work_cells_.\x1b[01;31m\x1b[Kdifference\x1b[m\x1b[K(ex_cell);\n'}
[53.999247] (temizlik_navigation) StderrLine: {'line': b'      |                                           \x1b[01;31m\x1b[K^~~~~~~~~~\x1b[m\x1b[K\n'}
[53.999299] (temizlik_navigation) StderrLine: {'line': b'      |                                           \x1b[32m\x1b[KDifference\x1b[m\x1b[K\n'}
[54.000068] (temizlik_navigation) StderrLine: {'line': b'\x1b[01m\x1b[K/home/ws/src/temizlik_navigation/src/f2c_nav2_waypoint_node.cpp:180:10:\x1b[m\x1b[K \x1b[01;31m\x1b[Kerror: \x1b[m\x1b[K\xe2\x80\x98\x1b[01m\x1b[KOptions\x1b[m\x1b[K\xe2\x80\x99 is not a member of \xe2\x80\x98\x1b[01m\x1b[Kf2c\x1b[m\x1b[K\xe2\x80\x99\n'}
[54.000157] (temizlik_navigation) StderrLine: {'line': b'  180 |     f2c::\x1b[01;31m\x1b[KOptions\x1b[m\x1b[K options;\n'}
[54.000213] (temizlik_navigation) StderrLine: {'line': b'      |          \x1b[01;31m\x1b[K^~~~~~~\x1b[m\x1b[K\n'}
[54.005098] (-) TimerEvent: {}
[54.006720] (temizlik_navigation) StderrLine: {'line': b'\x1b[01m\x1b[K/home/ws/src/temizlik_navigation/src/f2c_nav2_waypoint_node.cpp:181:5:\x1b[m\x1b[K \x1b[01;31m\x1b[Kerror: \x1b[m\x1b[K\xe2\x80\x98\x1b[01m\x1b[Koptions\x1b[m\x1b[K\xe2\x80\x99 was not declared in this scope; did you mean \xe2\x80\x98\x1b[01m\x1b[Koptind\x1b[m\x1b[K\xe2\x80\x99?\n'}
[54.006833] (temizlik_navigation) StderrLine: {'line': b'  181 |     \x1b[01;31m\x1b[Koptions\x1b[m\x1b[K.pp_alg = parse_pp_alg(pp_alg_);\n'}
[54.006890] (temizlik_navigation) StderrLine: {'line': b'      |     \x1b[01;31m\x1b[K^~~~~~~\x1b[m\x1b[K\n'}
[54.006940] (temizlik_navigation) StderrLine: {'line': b'      |     \x1b[32m\x1b[Koptind\x1b[m\x1b[K\n'}
[54.016974] (temizlik_navigation) StderrLine: {'line': b'\x1b[01m\x1b[K/home/ws/src/temizlik_navigation/src/f2c_nav2_waypoint_node.cpp:181:22:\x1b[m\x1b[K \x1b[01;31m\x1b[Kerror: \x1b[m\x1b[K\xe2\x80\x98\x1b[01m\x1b[Kparse_pp_alg\x1b[m\x1b[K\xe2\x80\x99 was not declared in this scope\n'}
[54.017145] (temizlik_navigation) StderrLine: {'line': b'  181 |     options.pp_alg = \x1b[01;31m\x1b[Kparse_pp_alg\x1b[m\x1b[K(pp_alg_);\n'}
[54.017208] (temizlik_navigation) StderrLine: {'line': b'      |                      \x1b[01;31m\x1b[K^~~~~~~~~~~~\x1b[m\x1b[K\n'}
[54.018101] (temizlik_navigation) StderrLine: {'line': b'\x1b[01m\x1b[K/home/ws/src/temizlik_navigation/src/f2c_nav2_waypoint_node.cpp:183:31:\x1b[m\x1b[K \x1b[01;31m\x1b[Kerror: \x1b[m\x1b[K\xe2\x80\x98\x1b[01m\x1b[KplanCovPath\x1b[m\x1b[K\xe2\x80\x99 is not a member of \xe2\x80\x98\x1b[01m\x1b[Kf2c\x1b[m\x1b[K\xe2\x80\x99\n'}
[54.018205] (temizlik_navigation) StderrLine: {'line': b'  183 |     const F2CPath path = f2c::\x1b[01;31m\x1b[KplanCovPath\x1b[m\x1b[K(robot, field_cell_, options);\n'}
[54.018265] (temizlik_navigation) StderrLine: {'line': b'      |                               \x1b[01;31m\x1b[K^~~~~~~~~~~\x1b[m\x1b[K\n'}
[54.018364] (temizlik_navigation) StderrLine: {'line': b'\x1b[01m\x1b[K/home/ws/src/temizlik_navigation/src/f2c_nav2_waypoint_node.cpp:197:35:\x1b[m\x1b[K \x1b[01;31m\x1b[Kerror: \x1b[m\x1b[K\xe2\x80\x98\x1b[01m\x1b[Kconst F2CPath\x1b[m\x1b[K\xe2\x80\x99 {aka \xe2\x80\x98\x1b[01m\x1b[Kconst struct f2c::types::Path\x1b[m\x1b[K\xe2\x80\x99} has no member named \xe2\x80\x98\x1b[01m\x1b[KgetStates\x1b[m\x1b[K\xe2\x80\x99; did you mean \xe2\x80\x98\x1b[01m\x1b[Kstates\x1b[m\x1b[K\xe2\x80\x99?\n'}
[54.018452] (temizlik_navigation) StderrLine: {'line': b'  197 |     for (const auto &state : path.\x1b[01;31m\x1b[KgetStates\x1b[m\x1b[K()) {\n'}
[54.018506] (temizlik_navigation) StderrLine: {'line': b'      |                                   \x1b[01;31m\x1b[K^~~~~~~~~\x1b[m\x1b[K\n'}
[54.018552] (temizlik_navigation) StderrLine: {'line': b'      |                                   \x1b[32m\x1b[Kstates\x1b[m\x1b[K\n'}
[54.105207] (-) TimerEvent: {}
[54.205478] (-) TimerEvent: {}
[54.305746] (-) TimerEvent: {}
[54.385489] (opennav_row_coverage) StdoutLine: {'line': b'[ 46%] \x1b[32m\x1b[1mLinking CXX static library libgtest.a\x1b[0m\n'}
[54.405847] (-) TimerEvent: {}
[54.443441] (opennav_row_coverage) StdoutLine: {'line': b'[ 46%] Built target gtest\n'}
[54.505948] (-) TimerEvent: {}
[54.606211] (-) TimerEvent: {}
[54.706477] (-) TimerEvent: {}
[54.796862] (opennav_coverage_navigator) StdoutLine: {'line': b'[ 62%] \x1b[32m\x1b[1mLinking CXX static library libgtest.a\x1b[0m\n'}
[54.806572] (-) TimerEvent: {}
[54.849555] (opennav_coverage_navigator) StdoutLine: {'line': b'[ 62%] Built target gtest\n'}
[54.906666] (-) TimerEvent: {}
[55.006895] (-) TimerEvent: {}
[55.107144] (-) TimerEvent: {}
[55.207390] (-) TimerEvent: {}
[55.307621] (-) TimerEvent: {}
[55.348937] (temizlik_navigation) StderrLine: {'line': b'gmake[2]: *** [CMakeFiles/f2c_nav2_waypoint_node.dir/build.make:76: CMakeFiles/f2c_nav2_waypoint_node.dir/src/f2c_nav2_waypoint_node.cpp.o] Error 1\n'}
[55.349114] (temizlik_navigation) StderrLine: {'line': b'gmake[1]: *** [CMakeFiles/Makefile2:165: CMakeFiles/f2c_nav2_waypoint_node.dir/all] Error 2\n'}
[55.349289] (temizlik_navigation) StderrLine: {'line': b'gmake: *** [Makefile:146: all] Error 2\n'}
[55.351115] (temizlik_navigation) CommandEnded: {'returncode': 2}
[55.353713] (temizlik_navigation) JobEnded: {'identifier': 'temizlik_navigation', 'rc': 2}
[55.407716] (-) TimerEvent: {}
[55.507937] (-) TimerEvent: {}
[55.608179] (-) TimerEvent: {}
[55.708423] (-) TimerEvent: {}
[55.808658] (-) TimerEvent: {}
[55.908898] (-) TimerEvent: {}
[56.009136] (-) TimerEvent: {}
[56.109333] (-) TimerEvent: {}
[56.209581] (-) TimerEvent: {}
[56.309834] (-) TimerEvent: {}
[56.410067] (-) TimerEvent: {}
[56.510311] (-) TimerEvent: {}
[56.610553] (-) TimerEvent: {}
[56.710793] (-) TimerEvent: {}
[56.811045] (-) TimerEvent: {}
[56.911304] (-) TimerEvent: {}
[57.011548] (-) TimerEvent: {}
[57.111794] (-) TimerEvent: {}
[57.212041] (-) TimerEvent: {}
[57.312292] (-) TimerEvent: {}
[57.412542] (-) TimerEvent: {}
[57.512788] (-) TimerEvent: {}
[57.613028] (-) TimerEvent: {}
[57.713261] (-) TimerEvent: {}
[57.813502] (-) TimerEvent: {}
[57.913726] (-) TimerEvent: {}
[57.995497] (opennav_row_coverage) StdoutLine: {'line': b'[ 53%] \x1b[32m\x1b[1mLinking CXX shared library libopennav_row_coverage_core.so\x1b[0m\n'}
[58.013802] (-) TimerEvent: {}
[58.114024] (-) TimerEvent: {}
[58.214259] (-) TimerEvent: {}
[58.314485] (-) TimerEvent: {}
[58.341856] (opennav_row_coverage) StdoutLine: {'line': b'[ 53%] Built target opennav_row_coverage_core\n'}
[58.360218] (opennav_row_coverage) StdoutLine: {'line': b'[ 76%] \x1b[32mBuilding CXX object CMakeFiles/opennav_row_coverage.dir/src/main.cpp.o\x1b[0m\n'}
[58.360379] (opennav_row_coverage) StdoutLine: {'line': b'[ 76%] \x1b[32mBuilding CXX object test/CMakeFiles/test_utils.dir/test_utils.cpp.o\x1b[0m\n'}
[58.360425] (opennav_row_coverage) StdoutLine: {'line': b'[ 76%] \x1b[32mBuilding CXX object test/CMakeFiles/test_swath_generator.dir/test_swath_generator.cpp.o\x1b[0m\n'}
[58.414582] (-) TimerEvent: {}
[58.514818] (-) TimerEvent: {}
[58.615046] (-) TimerEvent: {}
[58.715264] (-) TimerEvent: {}
[58.815495] (-) TimerEvent: {}
[58.879337] (opennav_coverage_navigator) StdoutLine: {'line': b'[ 75%] \x1b[32m\x1b[1mLinking CXX shared library libopennav_coverage_navigator.so\x1b[0m\n'}
[58.915590] (-) TimerEvent: {}
[59.015828] (-) TimerEvent: {}
[59.116058] (-) TimerEvent: {}
[59.216301] (-) TimerEvent: {}
[59.248721] (opennav_coverage_navigator) StdoutLine: {'line': b'[ 75%] Built target opennav_coverage_navigator\n'}
[59.269438] (opennav_coverage_navigator) StdoutLine: {'line': b'[ 87%] \x1b[32mBuilding CXX object test/CMakeFiles/test_coverage_navigator.dir/test_coverage_navigator.cpp.o\x1b[0m\n'}
[59.316392] (-) TimerEvent: {}
[59.416615] (-) TimerEvent: {}
[59.516850] (-) TimerEvent: {}
[59.617078] (-) TimerEvent: {}
[59.717334] (-) TimerEvent: {}
[59.817590] (-) TimerEvent: {}
[59.917842] (-) TimerEvent: {}
[60.018085] (-) TimerEvent: {}
[60.118325] (-) TimerEvent: {}
[60.218576] (-) TimerEvent: {}
[60.318832] (-) TimerEvent: {}
[60.419086] (-) TimerEvent: {}
[60.519341] (-) TimerEvent: {}
[60.619566] (-) TimerEvent: {}
[60.719802] (-) TimerEvent: {}
[60.820059] (-) TimerEvent: {}
[60.920292] (-) TimerEvent: {}
[61.020522] (-) TimerEvent: {}
[61.120759] (-) TimerEvent: {}
[61.220992] (-) TimerEvent: {}
[61.321223] (-) TimerEvent: {}
[61.421459] (-) TimerEvent: {}
[61.521692] (-) TimerEvent: {}
[61.563953] (opennav_row_coverage) StdoutLine: {'line': b'[ 84%] \x1b[32m\x1b[1mLinking CXX executable test_utils\x1b[0m\n'}
[61.621793] (-) TimerEvent: {}
[61.705048] (opennav_row_coverage) StdoutLine: {'line': b'[ 92%] \x1b[32m\x1b[1mLinking CXX executable opennav_row_coverage\x1b[0m\n'}
[61.721888] (-) TimerEvent: {}
[61.822147] (-) TimerEvent: {}
[61.824874] (opennav_row_coverage) StdoutLine: {'line': b'[100%] \x1b[32m\x1b[1mLinking CXX executable test_swath_generator\x1b[0m\n'}
[61.922243] (-) TimerEvent: {}
[61.990515] (opennav_row_coverage) StdoutLine: {'line': b'[100%] Built target test_utils\n'}
[62.022329] (-) TimerEvent: {}
[62.110517] (opennav_row_coverage) StdoutLine: {'line': b'[100%] Built target opennav_row_coverage\n'}
[62.122427] (-) TimerEvent: {}
[62.222656] (-) TimerEvent: {}
[62.322893] (-) TimerEvent: {}
[62.357482] (opennav_row_coverage) StdoutLine: {'line': b'[100%] Built target test_swath_generator\n'}
[62.367566] (opennav_row_coverage) JobEnded: {'identifier': 'opennav_row_coverage', 'rc': 'SIGINT'}
[62.422986] (-) TimerEvent: {}
[62.523197] (-) TimerEvent: {}
[62.623423] (-) TimerEvent: {}
[62.723664] (-) TimerEvent: {}
[62.823897] (-) TimerEvent: {}
[62.924133] (-) TimerEvent: {}
[63.024367] (-) TimerEvent: {}
[63.124615] (-) TimerEvent: {}
[63.224842] (-) TimerEvent: {}
[63.325062] (-) TimerEvent: {}
[63.425312] (-) TimerEvent: {}
[63.525542] (-) TimerEvent: {}
[63.625776] (-) TimerEvent: {}
[63.726025] (-) TimerEvent: {}
[63.826233] (-) TimerEvent: {}
[63.926458] (-) TimerEvent: {}
[64.026673] (-) TimerEvent: {}
[64.126889] (-) TimerEvent: {}
[64.227118] (-) TimerEvent: {}
[64.327331] (-) TimerEvent: {}
[64.427560] (-) TimerEvent: {}
[64.527782] (-) TimerEvent: {}
[64.628002] (-) TimerEvent: {}
[64.728221] (-) TimerEvent: {}
[64.828461] (-) TimerEvent: {}
[64.928684] (-) TimerEvent: {}
[65.028907] (-) TimerEvent: {}
[65.129128] (-) TimerEvent: {}
[65.229326] (-) TimerEvent: {}
[65.329544] (-) TimerEvent: {}
[65.429764] (-) TimerEvent: {}
[65.529975] (-) TimerEvent: {}
[65.630202] (-) TimerEvent: {}
[65.730425] (-) TimerEvent: {}
[65.830639] (-) TimerEvent: {}
[65.930855] (-) TimerEvent: {}
[66.031070] (-) TimerEvent: {}
[66.131292] (-) TimerEvent: {}
[66.231503] (-) TimerEvent: {}
[66.331715] (-) TimerEvent: {}
[66.431933] (-) TimerEvent: {}
[66.532152] (-) TimerEvent: {}
[66.632365] (-) TimerEvent: {}
[66.732581] (-) TimerEvent: {}
[66.832798] (-) TimerEvent: {}
[66.933017] (-) TimerEvent: {}
[67.033235] (-) TimerEvent: {}
[67.133473] (-) TimerEvent: {}
[67.233689] (-) TimerEvent: {}
[67.333908] (-) TimerEvent: {}
[67.434127] (-) TimerEvent: {}
[67.534326] (-) TimerEvent: {}
[67.634545] (-) TimerEvent: {}
[67.734778] (-) TimerEvent: {}
[67.835028] (-) TimerEvent: {}
[67.935244] (-) TimerEvent: {}
[68.035478] (-) TimerEvent: {}
[68.135698] (-) TimerEvent: {}
[68.235924] (-) TimerEvent: {}
[68.336141] (-) TimerEvent: {}
[68.436407] (-) TimerEvent: {}
[68.536624] (-) TimerEvent: {}
[68.636844] (-) TimerEvent: {}
[68.737067] (-) TimerEvent: {}
[68.837296] (-) TimerEvent: {}
[68.880676] (opennav_coverage_navigator) StdoutLine: {'line': b'[100%] \x1b[32m\x1b[1mLinking CXX executable test_coverage_navigator\x1b[0m\n'}
[68.937393] (-) TimerEvent: {}
[69.037631] (-) TimerEvent: {}
[69.137876] (-) TimerEvent: {}
[69.238100] (-) TimerEvent: {}
[69.338327] (-) TimerEvent: {}
[69.438546] (-) TimerEvent: {}
[69.538768] (-) TimerEvent: {}
[69.565520] (opennav_coverage_navigator) StdoutLine: {'line': b'[100%] Built target test_coverage_navigator\n'}
[69.577268] (opennav_coverage_navigator) JobEnded: {'identifier': 'opennav_coverage_navigator', 'rc': 'SIGINT'}
[69.587537] (opennav_coverage_demo) JobSkipped: {'identifier': 'opennav_coverage_demo'}
[69.587603] (-) EventReactorShutdown: {}
