[0.061s] DEBUG:colcon:Command line arguments: ['/usr/bin/colcon', 'build']
[0.061s] DEBUG:colcon:Parsed command line arguments: Namespace(log_base=None, log_level=None, verb_name='build', build_base='build', install_base='install', merge_install=False, symlink_install=False, test_result_base=None, continue_on_error=False, executor='parallel', parallel_workers=12, event_handlers=None, ignore_user_meta=False, metas=['./colcon.meta'], base_paths=['.'], packages_ignore=None, packages_ignore_regex=None, paths=None, packages_up_to=None, packages_up_to_regex=None, packages_above=None, packages_above_and_dependencies=None, packages_above_depth=None, packages_select_by_dep=None, packages_skip_by_dep=None, packages_skip_up_to=None, packages_select_build_failed=False, packages_skip_build_finished=False, packages_select_test_failures=False, packages_skip_test_passed=False, packages_select=None, packages_skip=None, packages_select_regex=None, packages_skip_regex=None, packages_start=None, packages_end=None, cmake_args=None, cmake_target=None, cmake_target_skip_unavailable=False, cmake_clean_cache=False, cmake_clean_first=False, cmake_force_configure=False, ament_cmake_args=None, catkin_cmake_args=None, catkin_skip_building_tests=False, mixin_files=None, mixin=None, verb_parser=<colcon_mixin.mixin.mixin_argument.MixinArgumentDecorator object at 0x78b3976b9b80>, verb_extension=<colcon_core.verb.build.BuildVerb object at 0x78b397669400>, main=<bound method BuildVerb.main of <colcon_core.verb.build.BuildVerb object at 0x78b397669400>>, mixin_verb=('build',))
[0.084s] Level 1:colcon.colcon_core.package_discovery:discover_packages(colcon_meta) check parameters
[0.084s] Level 1:colcon.colcon_core.package_discovery:discover_packages(recursive) check parameters
[0.084s] Level 1:colcon.colcon_core.package_discovery:discover_packages(ignore) check parameters
[0.084s] Level 1:colcon.colcon_core.package_discovery:discover_packages(path) check parameters
[0.084s] Level 1:colcon.colcon_core.package_discovery:discover_packages(colcon_meta) discover
[0.084s] Level 1:colcon.colcon_core.package_discovery:discover_packages(recursive) discover
[0.084s] INFO:colcon.colcon_core.package_discovery:Crawling recursively for packages in '/home/ws'
[0.084s] Level 1:colcon.colcon_core.package_identification:_identify(.) by extensions ['ignore', 'ignore_ament_install']
[0.084s] Level 1:colcon.colcon_core.package_identification:_identify(.) by extension 'ignore'
[0.084s] Level 1:colcon.colcon_core.package_identification:_identify(.) by extension 'ignore_ament_install'
[0.084s] Level 1:colcon.colcon_core.package_identification:_identify(.) by extensions ['colcon_pkg']
[0.084s] Level 1:colcon.colcon_core.package_identification:_identify(.) by extension 'colcon_pkg'
[0.084s] Level 1:colcon.colcon_core.package_identification:_identify(.) by extensions ['colcon_meta']
[0.084s] Level 1:colcon.colcon_core.package_identification:_identify(.) by extension 'colcon_meta'
[0.084s] Level 1:colcon.colcon_core.package_identification:_identify(.) by extensions ['ros']
[0.084s] Level 1:colcon.colcon_core.package_identification:_identify(.) by extension 'ros'
[0.098s] Level 1:colcon.colcon_core.package_identification:_identify(.) by extensions ['cmake', 'python']
[0.098s] Level 1:colcon.colcon_core.package_identification:_identify(.) by extension 'cmake'
[0.099s] Level 1:colcon.colcon_core.package_identification:_identify(.) by extension 'python'
[0.099s] Level 1:colcon.colcon_core.package_identification:_identify(.) by extensions ['python_setup_py']
[0.099s] Level 1:colcon.colcon_core.package_identification:_identify(.) by extension 'python_setup_py'
[0.099s] Level 1:colcon.colcon_core.package_identification:_identify(build) by extensions ['ignore', 'ignore_ament_install']
[0.099s] Level 1:colcon.colcon_core.package_identification:_identify(build) by extension 'ignore'
[0.099s] Level 1:colcon.colcon_core.package_identification:_identify(build) ignored
[0.099s] Level 1:colcon.colcon_core.package_identification:_identify(install) by extensions ['ignore', 'ignore_ament_install']
[0.099s] Level 1:colcon.colcon_core.package_identification:_identify(install) by extension 'ignore'
[0.099s] Level 1:colcon.colcon_core.package_identification:_identify(install) ignored
[0.099s] Level 1:colcon.colcon_core.package_identification:_identify(log) by extensions ['ignore', 'ignore_ament_install']
[0.099s] Level 1:colcon.colcon_core.package_identification:_identify(log) by extension 'ignore'
[0.099s] Level 1:colcon.colcon_core.package_identification:_identify(log) ignored
[0.099s] Level 1:colcon.colcon_core.package_identification:_identify(src) by extensions ['ignore', 'ignore_ament_install']
[0.099s] Level 1:colcon.colcon_core.package_identification:_identify(src) by extension 'ignore'
[0.099s] Level 1:colcon.colcon_core.package_identification:_identify(src) by extension 'ignore_ament_install'
[0.099s] Level 1:colcon.colcon_core.package_identification:_identify(src) by extensions ['colcon_pkg']
[0.099s] Level 1:colcon.colcon_core.package_identification:_identify(src) by extension 'colcon_pkg'
[0.099s] Level 1:colcon.colcon_core.package_identification:_identify(src) by extensions ['colcon_meta']
[0.099s] Level 1:colcon.colcon_core.package_identification:_identify(src) by extension 'colcon_meta'
[0.099s] Level 1:colcon.colcon_core.package_identification:_identify(src) by extensions ['ros']
[0.099s] Level 1:colcon.colcon_core.package_identification:_identify(src) by extension 'ros'
[0.099s] Level 1:colcon.colcon_core.package_identification:_identify(src) by extensions ['cmake', 'python']
[0.099s] Level 1:colcon.colcon_core.package_identification:_identify(src) by extension 'cmake'
[0.099s] Level 1:colcon.colcon_core.package_identification:_identify(src) by extension 'python'
[0.099s] Level 1:colcon.colcon_core.package_identification:_identify(src) by extensions ['python_setup_py']
[0.099s] Level 1:colcon.colcon_core.package_identification:_identify(src) by extension 'python_setup_py'
[0.099s] Level 1:colcon.colcon_core.package_identification:_identify(src/Fields2Cover) by extensions ['ignore', 'ignore_ament_install']
[0.099s] Level 1:colcon.colcon_core.package_identification:_identify(src/Fields2Cover) by extension 'ignore'
[0.099s] Level 1:colcon.colcon_core.package_identification:_identify(src/Fields2Cover) by extension 'ignore_ament_install'
[0.099s] Level 1:colcon.colcon_core.package_identification:_identify(src/Fields2Cover) by extensions ['colcon_pkg']
[0.099s] Level 1:colcon.colcon_core.package_identification:_identify(src/Fields2Cover) by extension 'colcon_pkg'
[0.099s] Level 1:colcon.colcon_core.package_identification:_identify(src/Fields2Cover) by extensions ['colcon_meta']
[0.099s] Level 1:colcon.colcon_core.package_identification:_identify(src/Fields2Cover) by extension 'colcon_meta'
[0.099s] Level 1:colcon.colcon_core.package_identification:_identify(src/Fields2Cover) by extensions ['ros']
[0.099s] Level 1:colcon.colcon_core.package_identification:_identify(src/Fields2Cover) by extension 'ros'
[0.101s] DEBUG:colcon.colcon_core.package_identification:Package 'src/Fields2Cover' with type 'ros.cmake' and name 'fields2cover'
[0.101s] Level 1:colcon.colcon_core.package_identification:_identify(src/opennav_coverage) by extensions ['ignore', 'ignore_ament_install']
[0.101s] Level 1:colcon.colcon_core.package_identification:_identify(src/opennav_coverage) by extension 'ignore'
[0.101s] Level 1:colcon.colcon_core.package_identification:_identify(src/opennav_coverage) by extension 'ignore_ament_install'
[0.101s] Level 1:colcon.colcon_core.package_identification:_identify(src/opennav_coverage) by extensions ['colcon_pkg']
[0.101s] Level 1:colcon.colcon_core.package_identification:_identify(src/opennav_coverage) by extension 'colcon_pkg'
[0.101s] Level 1:colcon.colcon_core.package_identification:_identify(src/opennav_coverage) by extensions ['colcon_meta']
[0.101s] Level 1:colcon.colcon_core.package_identification:_identify(src/opennav_coverage) by extension 'colcon_meta'
[0.101s] Level 1:colcon.colcon_core.package_identification:_identify(src/opennav_coverage) by extensions ['ros']
[0.101s] Level 1:colcon.colcon_core.package_identification:_identify(src/opennav_coverage) by extension 'ros'
[0.101s] Level 1:colcon.colcon_core.package_identification:_identify(src/opennav_coverage) by extensions ['cmake', 'python']
[0.101s] Level 1:colcon.colcon_core.package_identification:_identify(src/opennav_coverage) by extension 'cmake'
[0.101s] Level 1:colcon.colcon_core.package_identification:_identify(src/opennav_coverage) by extension 'python'
[0.101s] Level 1:colcon.colcon_core.package_identification:_identify(src/opennav_coverage) by extensions ['python_setup_py']
[0.101s] Level 1:colcon.colcon_core.package_identification:_identify(src/opennav_coverage) by extension 'python_setup_py'
[0.101s] Level 1:colcon.colcon_core.package_identification:_identify(src/opennav_coverage/opennav_coverage) by extensions ['ignore', 'ignore_ament_install']
[0.101s] Level 1:colcon.colcon_core.package_identification:_identify(src/opennav_coverage/opennav_coverage) by extension 'ignore'
[0.101s] Level 1:colcon.colcon_core.package_identification:_identify(src/opennav_coverage/opennav_coverage) by extension 'ignore_ament_install'
[0.101s] Level 1:colcon.colcon_core.package_identification:_identify(src/opennav_coverage/opennav_coverage) by extensions ['colcon_pkg']
[0.101s] Level 1:colcon.colcon_core.package_identification:_identify(src/opennav_coverage/opennav_coverage) by extension 'colcon_pkg'
[0.101s] Level 1:colcon.colcon_core.package_identification:_identify(src/opennav_coverage/opennav_coverage) by extensions ['colcon_meta']
[0.101s] Level 1:colcon.colcon_core.package_identification:_identify(src/opennav_coverage/opennav_coverage) by extension 'colcon_meta'
[0.101s] Level 1:colcon.colcon_core.package_identification:_identify(src/opennav_coverage/opennav_coverage) by extensions ['ros']
[0.101s] Level 1:colcon.colcon_core.package_identification:_identify(src/opennav_coverage/opennav_coverage) by extension 'ros'
[0.102s] DEBUG:colcon.colcon_core.package_identification:Package 'src/opennav_coverage/opennav_coverage' with type 'ros.ament_cmake' and name 'opennav_coverage'
[0.102s] Level 1:colcon.colcon_core.package_identification:_identify(src/opennav_coverage/opennav_coverage_bt) by extensions ['ignore', 'ignore_ament_install']
[0.102s] Level 1:colcon.colcon_core.package_identification:_identify(src/opennav_coverage/opennav_coverage_bt) by extension 'ignore'
[0.102s] Level 1:colcon.colcon_core.package_identification:_identify(src/opennav_coverage/opennav_coverage_bt) by extension 'ignore_ament_install'
[0.102s] Level 1:colcon.colcon_core.package_identification:_identify(src/opennav_coverage/opennav_coverage_bt) by extensions ['colcon_pkg']
[0.102s] Level 1:colcon.colcon_core.package_identification:_identify(src/opennav_coverage/opennav_coverage_bt) by extension 'colcon_pkg'
[0.102s] Level 1:colcon.colcon_core.package_identification:_identify(src/opennav_coverage/opennav_coverage_bt) by extensions ['colcon_meta']
[0.102s] Level 1:colcon.colcon_core.package_identification:_identify(src/opennav_coverage/opennav_coverage_bt) by extension 'colcon_meta'
[0.102s] Level 1:colcon.colcon_core.package_identification:_identify(src/opennav_coverage/opennav_coverage_bt) by extensions ['ros']
[0.102s] Level 1:colcon.colcon_core.package_identification:_identify(src/opennav_coverage/opennav_coverage_bt) by extension 'ros'
[0.103s] DEBUG:colcon.colcon_core.package_identification:Package 'src/opennav_coverage/opennav_coverage_bt' with type 'ros.ament_cmake' and name 'opennav_coverage_bt'
[0.103s] Level 1:colcon.colcon_core.package_identification:_identify(src/opennav_coverage/opennav_coverage_demo) by extensions ['ignore', 'ignore_ament_install']
[0.103s] Level 1:colcon.colcon_core.package_identification:_identify(src/opennav_coverage/opennav_coverage_demo) by extension 'ignore'
[0.103s] Level 1:colcon.colcon_core.package_identification:_identify(src/opennav_coverage/opennav_coverage_demo) by extension 'ignore_ament_install'
[0.103s] Level 1:colcon.colcon_core.package_identification:_identify(src/opennav_coverage/opennav_coverage_demo) by extensions ['colcon_pkg']
[0.103s] Level 1:colcon.colcon_core.package_identification:_identify(src/opennav_coverage/opennav_coverage_demo) by extension 'colcon_pkg'
[0.103s] Level 1:colcon.colcon_core.package_identification:_identify(src/opennav_coverage/opennav_coverage_demo) by extensions ['colcon_meta']
[0.103s] Level 1:colcon.colcon_core.package_identification:_identify(src/opennav_coverage/opennav_coverage_demo) by extension 'colcon_meta'
[0.103s] Level 1:colcon.colcon_core.package_identification:_identify(src/opennav_coverage/opennav_coverage_demo) by extensions ['ros']
[0.103s] Level 1:colcon.colcon_core.package_identification:_identify(src/opennav_coverage/opennav_coverage_demo) by extension 'ros'
[0.103s] DEBUG:colcon.colcon_core.package_identification:Package 'src/opennav_coverage/opennav_coverage_demo' with type 'ros.ament_python' and name 'opennav_coverage_demo'
[0.103s] Level 1:colcon.colcon_core.package_identification:_identify(src/opennav_coverage/opennav_coverage_msgs) by extensions ['ignore', 'ignore_ament_install']
[0.103s] Level 1:colcon.colcon_core.package_identification:_identify(src/opennav_coverage/opennav_coverage_msgs) by extension 'ignore'
[0.103s] Level 1:colcon.colcon_core.package_identification:_identify(src/opennav_coverage/opennav_coverage_msgs) by extension 'ignore_ament_install'
[0.103s] Level 1:colcon.colcon_core.package_identification:_identify(src/opennav_coverage/opennav_coverage_msgs) by extensions ['colcon_pkg']
[0.103s] Level 1:colcon.colcon_core.package_identification:_identify(src/opennav_coverage/opennav_coverage_msgs) by extension 'colcon_pkg'
[0.103s] Level 1:colcon.colcon_core.package_identification:_identify(src/opennav_coverage/opennav_coverage_msgs) by extensions ['colcon_meta']
[0.103s] Level 1:colcon.colcon_core.package_identification:_identify(src/opennav_coverage/opennav_coverage_msgs) by extension 'colcon_meta'
[0.103s] Level 1:colcon.colcon_core.package_identification:_identify(src/opennav_coverage/opennav_coverage_msgs) by extensions ['ros']
[0.104s] Level 1:colcon.colcon_core.package_identification:_identify(src/opennav_coverage/opennav_coverage_msgs) by extension 'ros'
[0.104s] DEBUG:colcon.colcon_core.package_identification:Package 'src/opennav_coverage/opennav_coverage_msgs' with type 'ros.ament_cmake' and name 'opennav_coverage_msgs'
[0.104s] Level 1:colcon.colcon_core.package_identification:_identify(src/opennav_coverage/opennav_coverage_navigator) by extensions ['ignore', 'ignore_ament_install']
[0.104s] Level 1:colcon.colcon_core.package_identification:_identify(src/opennav_coverage/opennav_coverage_navigator) by extension 'ignore'
[0.104s] Level 1:colcon.colcon_core.package_identification:_identify(src/opennav_coverage/opennav_coverage_navigator) by extension 'ignore_ament_install'
[0.104s] Level 1:colcon.colcon_core.package_identification:_identify(src/opennav_coverage/opennav_coverage_navigator) by extensions ['colcon_pkg']
[0.104s] Level 1:colcon.colcon_core.package_identification:_identify(src/opennav_coverage/opennav_coverage_navigator) by extension 'colcon_pkg'
[0.104s] Level 1:colcon.colcon_core.package_identification:_identify(src/opennav_coverage/opennav_coverage_navigator) by extensions ['colcon_meta']
[0.104s] Level 1:colcon.colcon_core.package_identification:_identify(src/opennav_coverage/opennav_coverage_navigator) by extension 'colcon_meta'
[0.104s] Level 1:colcon.colcon_core.package_identification:_identify(src/opennav_coverage/opennav_coverage_navigator) by extensions ['ros']
[0.104s] Level 1:colcon.colcon_core.package_identification:_identify(src/opennav_coverage/opennav_coverage_navigator) by extension 'ros'
[0.105s] DEBUG:colcon.colcon_core.package_identification:Package 'src/opennav_coverage/opennav_coverage_navigator' with type 'ros.ament_cmake' and name 'opennav_coverage_navigator'
[0.105s] Level 1:colcon.colcon_core.package_identification:_identify(src/opennav_coverage/opennav_row_coverage) by extensions ['ignore', 'ignore_ament_install']
[0.105s] Level 1:colcon.colcon_core.package_identification:_identify(src/opennav_coverage/opennav_row_coverage) by extension 'ignore'
[0.105s] Level 1:colcon.colcon_core.package_identification:_identify(src/opennav_coverage/opennav_row_coverage) by extension 'ignore_ament_install'
[0.105s] Level 1:colcon.colcon_core.package_identification:_identify(src/opennav_coverage/opennav_row_coverage) by extensions ['colcon_pkg']
[0.105s] Level 1:colcon.colcon_core.package_identification:_identify(src/opennav_coverage/opennav_row_coverage) by extension 'colcon_pkg'
[0.105s] Level 1:colcon.colcon_core.package_identification:_identify(src/opennav_coverage/opennav_row_coverage) by extensions ['colcon_meta']
[0.105s] Level 1:colcon.colcon_core.package_identification:_identify(src/opennav_coverage/opennav_row_coverage) by extension 'colcon_meta'
[0.105s] Level 1:colcon.colcon_core.package_identification:_identify(src/opennav_coverage/opennav_row_coverage) by extensions ['ros']
[0.105s] Level 1:colcon.colcon_core.package_identification:_identify(src/opennav_coverage/opennav_row_coverage) by extension 'ros'
[0.105s] DEBUG:colcon.colcon_core.package_identification:Package 'src/opennav_coverage/opennav_row_coverage' with type 'ros.ament_cmake' and name 'opennav_row_coverage'
[0.105s] Level 1:colcon.colcon_core.package_identification:_identify(src/temizlik_navigation) by extensions ['ignore', 'ignore_ament_install']
[0.105s] Level 1:colcon.colcon_core.package_identification:_identify(src/temizlik_navigation) by extension 'ignore'
[0.105s] Level 1:colcon.colcon_core.package_identification:_identify(src/temizlik_navigation) by extension 'ignore_ament_install'
[0.105s] Level 1:colcon.colcon_core.package_identification:_identify(src/temizlik_navigation) by extensions ['colcon_pkg']
[0.105s] Level 1:colcon.colcon_core.package_identification:_identify(src/temizlik_navigation) by extension 'colcon_pkg'
[0.105s] Level 1:colcon.colcon_core.package_identification:_identify(src/temizlik_navigation) by extensions ['colcon_meta']
[0.105s] Level 1:colcon.colcon_core.package_identification:_identify(src/temizlik_navigation) by extension 'colcon_meta'
[0.105s] Level 1:colcon.colcon_core.package_identification:_identify(src/temizlik_navigation) by extensions ['ros']
[0.105s] Level 1:colcon.colcon_core.package_identification:_identify(src/temizlik_navigation) by extension 'ros'
[0.106s] DEBUG:colcon.colcon_core.package_identification:Package 'src/temizlik_navigation' with type 'ros.ament_cmake' and name 'temizlik_navigation'
[0.106s] Level 1:colcon.colcon_core.package_discovery:discover_packages(recursive) using defaults
[0.106s] Level 1:colcon.colcon_core.package_discovery:discover_packages(ignore) discover
[0.106s] Level 1:colcon.colcon_core.package_discovery:discover_packages(ignore) using defaults
[0.106s] Level 1:colcon.colcon_core.package_discovery:discover_packages(path) discover
[0.106s] Level 1:colcon.colcon_core.package_discovery:discover_packages(path) using defaults
[0.117s] Level 5:colcon.colcon_core.verb:set package 'fields2cover' build argument 'cmake_args' from command line to 'None'
[0.117s] Level 5:colcon.colcon_core.verb:set package 'fields2cover' build argument 'cmake_target' from command line to 'None'
[0.117s] Level 5:colcon.colcon_core.verb:set package 'fields2cover' build argument 'cmake_target_skip_unavailable' from command line to 'False'
[0.117s] Level 5:colcon.colcon_core.verb:set package 'fields2cover' build argument 'cmake_clean_cache' from command line to 'False'
[0.117s] Level 5:colcon.colcon_core.verb:set package 'fields2cover' build argument 'cmake_clean_first' from command line to 'False'
[0.117s] Level 5:colcon.colcon_core.verb:set package 'fields2cover' build argument 'cmake_force_configure' from command line to 'False'
[0.117s] Level 5:colcon.colcon_core.verb:set package 'fields2cover' build argument 'ament_cmake_args' from command line to 'None'
[0.117s] Level 5:colcon.colcon_core.verb:set package 'fields2cover' build argument 'catkin_cmake_args' from command line to 'None'
[0.117s] Level 5:colcon.colcon_core.verb:set package 'fields2cover' build argument 'catkin_skip_building_tests' from command line to 'False'
[0.117s] DEBUG:colcon.colcon_core.verb:Building package 'fields2cover' with the following arguments: {'ament_cmake_args': None, 'build_base': '/home/ws/build/fields2cover', 'catkin_cmake_args': None, 'catkin_skip_building_tests': False, 'cmake_args': None, 'cmake_clean_cache': False, 'cmake_clean_first': False, 'cmake_force_configure': False, 'cmake_target': None, 'cmake_target_skip_unavailable': False, 'install_base': '/home/ws/install/fields2cover', 'merge_install': False, 'path': '/home/ws/src/Fields2Cover', 'symlink_install': False, 'test_result_base': None}
[0.117s] Level 5:colcon.colcon_core.verb:set package 'opennav_coverage_msgs' build argument 'cmake_args' from command line to 'None'
[0.117s] Level 5:colcon.colcon_core.verb:set package 'opennav_coverage_msgs' build argument 'cmake_target' from command line to 'None'
[0.117s] Level 5:colcon.colcon_core.verb:set package 'opennav_coverage_msgs' build argument 'cmake_target_skip_unavailable' from command line to 'False'
[0.117s] Level 5:colcon.colcon_core.verb:set package 'opennav_coverage_msgs' build argument 'cmake_clean_cache' from command line to 'False'
[0.117s] Level 5:colcon.colcon_core.verb:set package 'opennav_coverage_msgs' build argument 'cmake_clean_first' from command line to 'False'
[0.117s] Level 5:colcon.colcon_core.verb:set package 'opennav_coverage_msgs' build argument 'cmake_force_configure' from command line to 'False'
[0.117s] Level 5:colcon.colcon_core.verb:set package 'opennav_coverage_msgs' build argument 'ament_cmake_args' from command line to 'None'
[0.117s] Level 5:colcon.colcon_core.verb:set package 'opennav_coverage_msgs' build argument 'catkin_cmake_args' from command line to 'None'
[0.117s] Level 5:colcon.colcon_core.verb:set package 'opennav_coverage_msgs' build argument 'catkin_skip_building_tests' from command line to 'False'
[0.117s] DEBUG:colcon.colcon_core.verb:Building package 'opennav_coverage_msgs' with the following arguments: {'ament_cmake_args': None, 'build_base': '/home/ws/build/opennav_coverage_msgs', 'catkin_cmake_args': None, 'catkin_skip_building_tests': False, 'cmake_args': None, 'cmake_clean_cache': False, 'cmake_clean_first': False, 'cmake_force_configure': False, 'cmake_target': None, 'cmake_target_skip_unavailable': False, 'install_base': '/home/ws/install/opennav_coverage_msgs', 'merge_install': False, 'path': '/home/ws/src/opennav_coverage/opennav_coverage_msgs', 'symlink_install': False, 'test_result_base': None}
[0.117s] Level 5:colcon.colcon_core.verb:set package 'opennav_coverage' build argument 'cmake_args' from command line to 'None'
[0.117s] Level 5:colcon.colcon_core.verb:set package 'opennav_coverage' build argument 'cmake_target' from command line to 'None'
[0.117s] Level 5:colcon.colcon_core.verb:set package 'opennav_coverage' build argument 'cmake_target_skip_unavailable' from command line to 'False'
[0.117s] Level 5:colcon.colcon_core.verb:set package 'opennav_coverage' build argument 'cmake_clean_cache' from command line to 'False'
[0.117s] Level 5:colcon.colcon_core.verb:set package 'opennav_coverage' build argument 'cmake_clean_first' from command line to 'False'
[0.117s] Level 5:colcon.colcon_core.verb:set package 'opennav_coverage' build argument 'cmake_force_configure' from command line to 'False'
[0.117s] Level 5:colcon.colcon_core.verb:set package 'opennav_coverage' build argument 'ament_cmake_args' from command line to 'None'
[0.117s] Level 5:colcon.colcon_core.verb:set package 'opennav_coverage' build argument 'catkin_cmake_args' from command line to 'None'
[0.117s] Level 5:colcon.colcon_core.verb:set package 'opennav_coverage' build argument 'catkin_skip_building_tests' from command line to 'False'
[0.117s] DEBUG:colcon.colcon_core.verb:Building package 'opennav_coverage' with the following arguments: {'ament_cmake_args': None, 'build_base': '/home/ws/build/opennav_coverage', 'catkin_cmake_args': None, 'catkin_skip_building_tests': False, 'cmake_args': None, 'cmake_clean_cache': False, 'cmake_clean_first': False, 'cmake_force_configure': False, 'cmake_target': None, 'cmake_target_skip_unavailable': False, 'install_base': '/home/ws/install/opennav_coverage', 'merge_install': False, 'path': '/home/ws/src/opennav_coverage/opennav_coverage', 'symlink_install': False, 'test_result_base': None}
[0.118s] Level 5:colcon.colcon_core.verb:set package 'opennav_coverage_bt' build argument 'cmake_args' from command line to 'None'
[0.118s] Level 5:colcon.colcon_core.verb:set package 'opennav_coverage_bt' build argument 'cmake_target' from command line to 'None'
[0.118s] Level 5:colcon.colcon_core.verb:set package 'opennav_coverage_bt' build argument 'cmake_target_skip_unavailable' from command line to 'False'
[0.118s] Level 5:colcon.colcon_core.verb:set package 'opennav_coverage_bt' build argument 'cmake_clean_cache' from command line to 'False'
[0.118s] Level 5:colcon.colcon_core.verb:set package 'opennav_coverage_bt' build argument 'cmake_clean_first' from command line to 'False'
[0.118s] Level 5:colcon.colcon_core.verb:set package 'opennav_coverage_bt' build argument 'cmake_force_configure' from command line to 'False'
[0.118s] Level 5:colcon.colcon_core.verb:set package 'opennav_coverage_bt' build argument 'ament_cmake_args' from command line to 'None'
[0.118s] Level 5:colcon.colcon_core.verb:set package 'opennav_coverage_bt' build argument 'catkin_cmake_args' from command line to 'None'
[0.118s] Level 5:colcon.colcon_core.verb:set package 'opennav_coverage_bt' build argument 'catkin_skip_building_tests' from command line to 'False'
[0.118s] DEBUG:colcon.colcon_core.verb:Building package 'opennav_coverage_bt' with the following arguments: {'ament_cmake_args': None, 'build_base': '/home/ws/build/opennav_coverage_bt', 'catkin_cmake_args': None, 'catkin_skip_building_tests': False, 'cmake_args': None, 'cmake_clean_cache': False, 'cmake_clean_first': False, 'cmake_force_configure': False, 'cmake_target': None, 'cmake_target_skip_unavailable': False, 'install_base': '/home/ws/install/opennav_coverage_bt', 'merge_install': False, 'path': '/home/ws/src/opennav_coverage/opennav_coverage_bt', 'symlink_install': False, 'test_result_base': None}
[0.118s] Level 5:colcon.colcon_core.verb:set package 'opennav_coverage_navigator' build argument 'cmake_args' from command line to 'None'
[0.118s] Level 5:colcon.colcon_core.verb:set package 'opennav_coverage_navigator' build argument 'cmake_target' from command line to 'None'
[0.118s] Level 5:colcon.colcon_core.verb:set package 'opennav_coverage_navigator' build argument 'cmake_target_skip_unavailable' from command line to 'False'
[0.118s] Level 5:colcon.colcon_core.verb:set package 'opennav_coverage_navigator' build argument 'cmake_clean_cache' from command line to 'False'
[0.118s] Level 5:colcon.colcon_core.verb:set package 'opennav_coverage_navigator' build argument 'cmake_clean_first' from command line to 'False'
[0.118s] Level 5:colcon.colcon_core.verb:set package 'opennav_coverage_navigator' build argument 'cmake_force_configure' from command line to 'False'
[0.118s] Level 5:colcon.colcon_core.verb:set package 'opennav_coverage_navigator' build argument 'ament_cmake_args' from command line to 'None'
[0.118s] Level 5:colcon.colcon_core.verb:set package 'opennav_coverage_navigator' build argument 'catkin_cmake_args' from command line to 'None'
[0.118s] Level 5:colcon.colcon_core.verb:set package 'opennav_coverage_navigator' build argument 'catkin_skip_building_tests' from command line to 'False'
[0.118s] DEBUG:colcon.colcon_core.verb:Building package 'opennav_coverage_navigator' with the following arguments: {'ament_cmake_args': None, 'build_base': '/home/ws/build/opennav_coverage_navigator', 'catkin_cmake_args': None, 'catkin_skip_building_tests': False, 'cmake_args': None, 'cmake_clean_cache': False, 'cmake_clean_first': False, 'cmake_force_configure': False, 'cmake_target': None, 'cmake_target_skip_unavailable': False, 'install_base': '/home/ws/install/opennav_coverage_navigator', 'merge_install': False, 'path': '/home/ws/src/opennav_coverage/opennav_coverage_navigator', 'symlink_install': False, 'test_result_base': None}
[0.118s] Level 5:colcon.colcon_core.verb:set package 'opennav_row_coverage' build argument 'cmake_args' from command line to 'None'
[0.118s] Level 5:colcon.colcon_core.verb:set package 'opennav_row_coverage' build argument 'cmake_target' from command line to 'None'
[0.118s] Level 5:colcon.colcon_core.verb:set package 'opennav_row_coverage' build argument 'cmake_target_skip_unavailable' from command line to 'False'
[0.118s] Level 5:colcon.colcon_core.verb:set package 'opennav_row_coverage' build argument 'cmake_clean_cache' from command line to 'False'
[0.118s] Level 5:colcon.colcon_core.verb:set package 'opennav_row_coverage' build argument 'cmake_clean_first' from command line to 'False'
[0.118s] Level 5:colcon.colcon_core.verb:set package 'opennav_row_coverage' build argument 'cmake_force_configure' from command line to 'False'
[0.118s] Level 5:colcon.colcon_core.verb:set package 'opennav_row_coverage' build argument 'ament_cmake_args' from command line to 'None'
[0.118s] Level 5:colcon.colcon_core.verb:set package 'opennav_row_coverage' build argument 'catkin_cmake_args' from command line to 'None'
[0.118s] Level 5:colcon.colcon_core.verb:set package 'opennav_row_coverage' build argument 'catkin_skip_building_tests' from command line to 'False'
[0.118s] DEBUG:colcon.colcon_core.verb:Building package 'opennav_row_coverage' with the following arguments: {'ament_cmake_args': None, 'build_base': '/home/ws/build/opennav_row_coverage', 'catkin_cmake_args': None, 'catkin_skip_building_tests': False, 'cmake_args': None, 'cmake_clean_cache': False, 'cmake_clean_first': False, 'cmake_force_configure': False, 'cmake_target': None, 'cmake_target_skip_unavailable': False, 'install_base': '/home/ws/install/opennav_row_coverage', 'merge_install': False, 'path': '/home/ws/src/opennav_coverage/opennav_row_coverage', 'symlink_install': False, 'test_result_base': None}
[0.118s] Level 5:colcon.colcon_core.verb:set package 'temizlik_navigation' build argument 'cmake_args' from command line to 'None'
[0.118s] Level 5:colcon.colcon_core.verb:set package 'temizlik_navigation' build argument 'cmake_target' from command line to 'None'
[0.118s] Level 5:colcon.colcon_core.verb:set package 'temizlik_navigation' build argument 'cmake_target_skip_unavailable' from command line to 'False'
[0.118s] Level 5:colcon.colcon_core.verb:set package 'temizlik_navigation' build argument 'cmake_clean_cache' from command line to 'False'
[0.118s] Level 5:colcon.colcon_core.verb:set package 'temizlik_navigation' build argument 'cmake_clean_first' from command line to 'False'
[0.118s] Level 5:colcon.colcon_core.verb:set package 'temizlik_navigation' build argument 'cmake_force_configure' from command line to 'False'
[0.118s] Level 5:colcon.colcon_core.verb:set package 'temizlik_navigation' build argument 'ament_cmake_args' from command line to 'None'
[0.118s] Level 5:colcon.colcon_core.verb:set package 'temizlik_navigation' build argument 'catkin_cmake_args' from command line to 'None'
[0.118s] Level 5:colcon.colcon_core.verb:set package 'temizlik_navigation' build argument 'catkin_skip_building_tests' from command line to 'False'
[0.118s] DEBUG:colcon.colcon_core.verb:Building package 'temizlik_navigation' with the following arguments: {'ament_cmake_args': None, 'build_base': '/home/ws/build/temizlik_navigation', 'catkin_cmake_args': None, 'catkin_skip_building_tests': False, 'cmake_args': None, 'cmake_clean_cache': False, 'cmake_clean_first': False, 'cmake_force_configure': False, 'cmake_target': None, 'cmake_target_skip_unavailable': False, 'install_base': '/home/ws/install/temizlik_navigation', 'merge_install': False, 'path': '/home/ws/src/temizlik_navigation', 'symlink_install': False, 'test_result_base': None}
[0.118s] Level 5:colcon.colcon_core.verb:set package 'opennav_coverage_demo' build argument 'cmake_args' from command line to 'None'
[0.118s] Level 5:colcon.colcon_core.verb:set package 'opennav_coverage_demo' build argument 'cmake_target' from command line to 'None'
[0.118s] Level 5:colcon.colcon_core.verb:set package 'opennav_coverage_demo' build argument 'cmake_target_skip_unavailable' from command line to 'False'
[0.118s] Level 5:colcon.colcon_core.verb:set package 'opennav_coverage_demo' build argument 'cmake_clean_cache' from command line to 'False'
[0.119s] Level 5:colcon.colcon_core.verb:set package 'opennav_coverage_demo' build argument 'cmake_clean_first' from command line to 'False'
[0.119s] Level 5:colcon.colcon_core.verb:set package 'opennav_coverage_demo' build argument 'cmake_force_configure' from command line to 'False'
[0.119s] Level 5:colcon.colcon_core.verb:set package 'opennav_coverage_demo' build argument 'ament_cmake_args' from command line to 'None'
[0.119s] Level 5:colcon.colcon_core.verb:set package 'opennav_coverage_demo' build argument 'catkin_cmake_args' from command line to 'None'
[0.119s] Level 5:colcon.colcon_core.verb:set package 'opennav_coverage_demo' build argument 'catkin_skip_building_tests' from command line to 'False'
[0.119s] DEBUG:colcon.colcon_core.verb:Building package 'opennav_coverage_demo' with the following arguments: {'ament_cmake_args': None, 'build_base': '/home/ws/build/opennav_coverage_demo', 'catkin_cmake_args': None, 'catkin_skip_building_tests': False, 'cmake_args': None, 'cmake_clean_cache': False, 'cmake_clean_first': False, 'cmake_force_configure': False, 'cmake_target': None, 'cmake_target_skip_unavailable': False, 'install_base': '/home/ws/install/opennav_coverage_demo', 'merge_install': False, 'path': '/home/ws/src/opennav_coverage/opennav_coverage_demo', 'symlink_install': False, 'test_result_base': None}
[0.119s] INFO:colcon.colcon_core.executor:Executing jobs using 'parallel' executor
[0.119s] DEBUG:colcon.colcon_parallel_executor.executor.parallel:run_until_complete
[0.119s] INFO:colcon.colcon_ros.task.ament_cmake.build:Building ROS package in '/home/ws/src/opennav_coverage/opennav_coverage_msgs' with build type 'ament_cmake'
[0.119s] INFO:colcon.colcon_cmake.task.cmake.build:Building CMake package in '/home/ws/src/opennav_coverage/opennav_coverage_msgs'
[0.120s] INFO:colcon.colcon_core.plugin_system:Skipping extension 'colcon_core.shell.bat': Not used on non-Windows systems
[0.121s] INFO:colcon.colcon_core.shell:Skip shell extension 'powershell' for command environment: Not usable outside of PowerShell
[0.121s] DEBUG:colcon.colcon_core.shell:Skip shell extension 'dsv' for command environment
[0.121s] WARNING:colcon.colcon_ros.prefix_path.ament:The path '/home/ws/install/opennav_coverage_bt' in the environment variable AMENT_PREFIX_PATH doesn't exist
[0.121s] WARNING:colcon.colcon_ros.prefix_path.ament:The path '/home/ws/install/opennav_coverage' in the environment variable AMENT_PREFIX_PATH doesn't exist
[0.121s] WARNING:colcon.colcon_ros.prefix_path.ament:The path '/home/ws/install/opennav_coverage_msgs' in the environment variable AMENT_PREFIX_PATH doesn't exist
[0.121s] WARNING:colcon.colcon_ros.prefix_path.ament:The path '/home/ws/install/temizlik_navigation' in the environment variable AMENT_PREFIX_PATH doesn't exist
[0.121s] WARNING:colcon.colcon_ros.prefix_path.catkin:The path '/home/ws/install/opennav_coverage_bt' in the environment variable CMAKE_PREFIX_PATH doesn't exist
[0.121s] WARNING:colcon.colcon_ros.prefix_path.catkin:The path '/home/ws/install/opennav_coverage' in the environment variable CMAKE_PREFIX_PATH doesn't exist
[0.121s] WARNING:colcon.colcon_ros.prefix_path.catkin:The path '/home/ws/install/opennav_coverage_msgs' in the environment variable CMAKE_PREFIX_PATH doesn't exist
[0.121s] WARNING:colcon.colcon_ros.prefix_path.catkin:The path '/home/ws/install/fields2cover' in the environment variable CMAKE_PREFIX_PATH doesn't exist
[0.121s] WARNING:colcon.colcon_ros.prefix_path.catkin:The path '/home/ws/install/temizlik_navigation' in the environment variable CMAKE_PREFIX_PATH doesn't exist
[0.124s] INFO:colcon.colcon_ros.task.cmake.build:Building ROS package in '/home/ws/src/Fields2Cover' with build type 'cmake'
[0.124s] INFO:colcon.colcon_cmake.task.cmake.build:Building CMake package in '/home/ws/src/Fields2Cover'
[0.124s] INFO:colcon.colcon_core.shell:Skip shell extension 'powershell' for command environment: Not usable outside of PowerShell
[0.124s] DEBUG:colcon.colcon_core.shell:Skip shell extension 'dsv' for command environment
[0.129s] DEBUG:colcon.colcon_core.event_handler.log_command:Invoking command in '/home/ws/build/opennav_coverage_msgs': CMAKE_PREFIX_PATH=${CMAKE_PREFIX_PATH}:/opt/ros/jazzy /usr/bin/cmake /home/ws/src/opennav_coverage/opennav_coverage_msgs -DCMAKE_INSTALL_PREFIX=/home/ws/install/opennav_coverage_msgs
[0.131s] DEBUG:colcon.colcon_core.event_handler.log_command:Invoking command in '/home/ws/build/fields2cover': CMAKE_PREFIX_PATH=${CMAKE_PREFIX_PATH}:/opt/ros/jazzy /usr/bin/cmake /home/ws/src/Fields2Cover -DCMAKE_INSTALL_PREFIX=/home/ws/install/fields2cover
[2.580s] DEBUG:colcon.colcon_core.event_handler.log_command:Invoked command in '/home/ws/build/opennav_coverage_msgs' returned '0': CMAKE_PREFIX_PATH=${CMAKE_PREFIX_PATH}:/opt/ros/jazzy /usr/bin/cmake /home/ws/src/opennav_coverage/opennav_coverage_msgs -DCMAKE_INSTALL_PREFIX=/home/ws/install/opennav_coverage_msgs
[2.581s] DEBUG:colcon.colcon_core.event_handler.log_command:Invoking command in '/home/ws/build/opennav_coverage_msgs': CMAKE_PREFIX_PATH=${CMAKE_PREFIX_PATH}:/opt/ros/jazzy /usr/bin/cmake --build /home/ws/build/opennav_coverage_msgs -- -j12 -l12
[9.138s] DEBUG:colcon.colcon_core.event_handler.log_command:Invoked command in '/home/ws/build/opennav_coverage_msgs' returned '0': CMAKE_PREFIX_PATH=${CMAKE_PREFIX_PATH}:/opt/ros/jazzy /usr/bin/cmake --build /home/ws/build/opennav_coverage_msgs -- -j12 -l12
[9.146s] DEBUG:colcon.colcon_core.event_handler.log_command:Invoking command in '/home/ws/build/opennav_coverage_msgs': CMAKE_PREFIX_PATH=${CMAKE_PREFIX_PATH}:/opt/ros/jazzy /usr/bin/cmake --install /home/ws/build/opennav_coverage_msgs
[9.241s] Level 1:colcon.colcon_core.environment:create_environment_scripts_only(opennav_coverage_msgs)
[9.241s] DEBUG:colcon.colcon_core.event_handler.log_command:Invoked command in '/home/ws/build/opennav_coverage_msgs' returned '0': CMAKE_PREFIX_PATH=${CMAKE_PREFIX_PATH}:/opt/ros/jazzy /usr/bin/cmake --install /home/ws/build/opennav_coverage_msgs
[9.243s] Level 1:colcon.colcon_core.environment:checking '/home/ws/install/opennav_coverage_msgs' for CMake module files
[9.243s] Level 1:colcon.colcon_core.environment:checking '/home/ws/install/opennav_coverage_msgs' for CMake config files
[9.243s] Level 1:colcon.colcon_core.shell:create_environment_hook('opennav_coverage_msgs', 'cmake_prefix_path')
[9.243s] INFO:colcon.colcon_core.shell:Creating environment hook '/home/ws/install/opennav_coverage_msgs/share/opennav_coverage_msgs/hook/cmake_prefix_path.ps1'
[9.244s] INFO:colcon.colcon_core.shell:Creating environment descriptor '/home/ws/install/opennav_coverage_msgs/share/opennav_coverage_msgs/hook/cmake_prefix_path.dsv'
[9.244s] INFO:colcon.colcon_core.shell:Creating environment hook '/home/ws/install/opennav_coverage_msgs/share/opennav_coverage_msgs/hook/cmake_prefix_path.sh'
[9.244s] Level 1:colcon.colcon_core.environment:checking '/home/ws/install/opennav_coverage_msgs/lib'
[9.244s] Level 1:colcon.colcon_core.shell:create_environment_hook('opennav_coverage_msgs', 'ld_library_path_lib')
[9.245s] INFO:colcon.colcon_core.shell:Creating environment hook '/home/ws/install/opennav_coverage_msgs/share/opennav_coverage_msgs/hook/ld_library_path_lib.ps1'
[9.245s] INFO:colcon.colcon_core.shell:Creating environment descriptor '/home/ws/install/opennav_coverage_msgs/share/opennav_coverage_msgs/hook/ld_library_path_lib.dsv'
[9.245s] INFO:colcon.colcon_core.shell:Creating environment hook '/home/ws/install/opennav_coverage_msgs/share/opennav_coverage_msgs/hook/ld_library_path_lib.sh'
[9.245s] Level 1:colcon.colcon_core.environment:checking '/home/ws/install/opennav_coverage_msgs/bin'
[9.245s] Level 1:colcon.colcon_core.environment:checking '/home/ws/install/opennav_coverage_msgs/lib/pkgconfig/opennav_coverage_msgs.pc'
[9.246s] Level 1:colcon.colcon_core.environment:checking '/home/ws/install/opennav_coverage_msgs/lib/python3.12/site-packages'
[9.246s] Level 1:colcon.colcon_core.shell:create_environment_hook('opennav_coverage_msgs', 'pythonpath')
[9.246s] INFO:colcon.colcon_core.shell:Creating environment hook '/home/ws/install/opennav_coverage_msgs/share/opennav_coverage_msgs/hook/pythonpath.ps1'
[9.247s] INFO:colcon.colcon_core.shell:Creating environment descriptor '/home/ws/install/opennav_coverage_msgs/share/opennav_coverage_msgs/hook/pythonpath.dsv'
[9.247s] INFO:colcon.colcon_core.shell:Creating environment hook '/home/ws/install/opennav_coverage_msgs/share/opennav_coverage_msgs/hook/pythonpath.sh'
[9.247s] Level 1:colcon.colcon_core.environment:checking '/home/ws/install/opennav_coverage_msgs/bin'
[9.247s] INFO:colcon.colcon_core.shell:Creating package script '/home/ws/install/opennav_coverage_msgs/share/opennav_coverage_msgs/package.ps1'
[9.248s] INFO:colcon.colcon_core.shell:Creating package descriptor '/home/ws/install/opennav_coverage_msgs/share/opennav_coverage_msgs/package.dsv'
[9.248s] INFO:colcon.colcon_core.shell:Creating package script '/home/ws/install/opennav_coverage_msgs/share/opennav_coverage_msgs/package.sh'
[9.249s] INFO:colcon.colcon_core.shell:Creating package script '/home/ws/install/opennav_coverage_msgs/share/opennav_coverage_msgs/package.bash'
[9.249s] INFO:colcon.colcon_core.shell:Creating package script '/home/ws/install/opennav_coverage_msgs/share/opennav_coverage_msgs/package.zsh'
[9.249s] Level 1:colcon.colcon_core.environment:create_file_with_runtime_dependencies(/home/ws/install/opennav_coverage_msgs/share/colcon-core/packages/opennav_coverage_msgs)
[9.249s] Level 1:colcon.colcon_core.environment:create_environment_scripts_only(opennav_coverage_msgs)
[9.249s] Level 1:colcon.colcon_core.environment:checking '/home/ws/install/opennav_coverage_msgs' for CMake module files
[9.250s] Level 1:colcon.colcon_core.environment:checking '/home/ws/install/opennav_coverage_msgs' for CMake config files
[9.250s] Level 1:colcon.colcon_core.shell:create_environment_hook('opennav_coverage_msgs', 'cmake_prefix_path')
[9.250s] INFO:colcon.colcon_core.shell:Creating environment hook '/home/ws/install/opennav_coverage_msgs/share/opennav_coverage_msgs/hook/cmake_prefix_path.ps1'
[9.251s] INFO:colcon.colcon_core.shell:Creating environment descriptor '/home/ws/install/opennav_coverage_msgs/share/opennav_coverage_msgs/hook/cmake_prefix_path.dsv'
[9.251s] INFO:colcon.colcon_core.shell:Creating environment hook '/home/ws/install/opennav_coverage_msgs/share/opennav_coverage_msgs/hook/cmake_prefix_path.sh'
[9.251s] Level 1:colcon.colcon_core.environment:checking '/home/ws/install/opennav_coverage_msgs/lib'
[9.251s] Level 1:colcon.colcon_core.shell:create_environment_hook('opennav_coverage_msgs', 'ld_library_path_lib')
[9.251s] INFO:colcon.colcon_core.shell:Creating environment hook '/home/ws/install/opennav_coverage_msgs/share/opennav_coverage_msgs/hook/ld_library_path_lib.ps1'
[9.251s] INFO:colcon.colcon_core.shell:Creating environment descriptor '/home/ws/install/opennav_coverage_msgs/share/opennav_coverage_msgs/hook/ld_library_path_lib.dsv'
[9.251s] INFO:colcon.colcon_core.shell:Creating environment hook '/home/ws/install/opennav_coverage_msgs/share/opennav_coverage_msgs/hook/ld_library_path_lib.sh'
[9.252s] Level 1:colcon.colcon_core.environment:checking '/home/ws/install/opennav_coverage_msgs/bin'
[9.252s] Level 1:colcon.colcon_core.environment:checking '/home/ws/install/opennav_coverage_msgs/lib/pkgconfig/opennav_coverage_msgs.pc'
[9.252s] Level 1:colcon.colcon_core.environment:checking '/home/ws/install/opennav_coverage_msgs/lib/python3.12/site-packages'
[9.252s] Level 1:colcon.colcon_core.shell:create_environment_hook('opennav_coverage_msgs', 'pythonpath')
[9.252s] INFO:colcon.colcon_core.shell:Creating environment hook '/home/ws/install/opennav_coverage_msgs/share/opennav_coverage_msgs/hook/pythonpath.ps1'
[9.252s] INFO:colcon.colcon_core.shell:Creating environment descriptor '/home/ws/install/opennav_coverage_msgs/share/opennav_coverage_msgs/hook/pythonpath.dsv'
[9.252s] INFO:colcon.colcon_core.shell:Creating environment hook '/home/ws/install/opennav_coverage_msgs/share/opennav_coverage_msgs/hook/pythonpath.sh'
[9.253s] Level 1:colcon.colcon_core.environment:checking '/home/ws/install/opennav_coverage_msgs/bin'
[9.253s] INFO:colcon.colcon_core.shell:Creating package script '/home/ws/install/opennav_coverage_msgs/share/opennav_coverage_msgs/package.ps1'
[9.253s] INFO:colcon.colcon_core.shell:Creating package descriptor '/home/ws/install/opennav_coverage_msgs/share/opennav_coverage_msgs/package.dsv'
[9.283s] INFO:colcon.colcon_core.shell:Creating package script '/home/ws/install/opennav_coverage_msgs/share/opennav_coverage_msgs/package.sh'
[9.283s] INFO:colcon.colcon_core.shell:Creating package script '/home/ws/install/opennav_coverage_msgs/share/opennav_coverage_msgs/package.bash'
[9.284s] INFO:colcon.colcon_core.shell:Creating package script '/home/ws/install/opennav_coverage_msgs/share/opennav_coverage_msgs/package.zsh'
[9.284s] Level 1:colcon.colcon_core.environment:create_file_with_runtime_dependencies(/home/ws/install/opennav_coverage_msgs/share/colcon-core/packages/opennav_coverage_msgs)
[9.284s] INFO:colcon.colcon_ros.task.ament_cmake.build:Building ROS package in '/home/ws/src/opennav_coverage/opennav_coverage_bt' with build type 'ament_cmake'
[9.284s] INFO:colcon.colcon_cmake.task.cmake.build:Building CMake package in '/home/ws/src/opennav_coverage/opennav_coverage_bt'
[9.284s] INFO:colcon.colcon_core.shell:Skip shell extension 'powershell' for command environment: Not usable outside of PowerShell
[9.284s] DEBUG:colcon.colcon_core.shell:Skip shell extension 'dsv' for command environment
[9.293s] DEBUG:colcon.colcon_core.event_handler.log_command:Invoking command in '/home/ws/build/opennav_coverage_bt': CMAKE_PREFIX_PATH=/home/ws/install/opennav_coverage_msgs:/home/ws/install/opennav_coverage_bt:/home/ws/install/opennav_coverage:/home/ws/install/fields2cover:/home/ws/install/temizlik_navigation:/opt/ros/jazzy/opt/gz_sim_vendor:/opt/ros/jazzy/opt/gz_sensors_vendor:/opt/ros/jazzy/opt/gz_physics_vendor:/opt/ros/jazzy/opt/sdformat_vendor:/opt/ros/jazzy/opt/gz_gui_vendor:/opt/ros/jazzy/opt/gz_transport_vendor:/opt/ros/jazzy/opt/gz_rendering_vendor:/opt/ros/jazzy/opt/gz_plugin_vendor:/opt/ros/jazzy/opt/gz_fuel_tools_vendor:/opt/ros/jazzy/opt/gz_msgs_vendor:/opt/ros/jazzy/opt/gz_common_vendor:/opt/ros/jazzy/opt/gz_math_vendor:/opt/ros/jazzy/opt/gz_utils_vendor:/opt/ros/jazzy/opt/gz_tools_vendor:/opt/ros/jazzy/opt/gz_ogre_next_vendor:/opt/ros/jazzy/opt/gz_dartsim_vendor:/opt/ros/jazzy/opt/gz_cmake_vendor:/opt/ros/jazzy LD_LIBRARY_PATH=/home/ws/install/opennav_coverage_msgs/lib:/home/ws/install/opennav_coverage_bt/lib:/home/ws/install/opennav_coverage/lib:/home/ws/install/fields2cover/lib:/opt/ros/jazzy/opt/gz_sim_vendor/lib:/opt/ros/jazzy/opt/gz_sensors_vendor/lib:/opt/ros/jazzy/opt/gz_physics_vendor/lib:/opt/ros/jazzy/opt/sdformat_vendor/lib:/opt/ros/jazzy/opt/rviz_ogre_vendor/lib:/opt/ros/jazzy/lib/x86_64-linux-gnu:/opt/ros/jazzy/opt/gz_gui_vendor/lib:/opt/ros/jazzy/opt/gz_transport_vendor/lib:/opt/ros/jazzy/opt/gz_rendering_vendor/lib:/opt/ros/jazzy/opt/gz_plugin_vendor/lib:/opt/ros/jazzy/opt/gz_fuel_tools_vendor/lib:/opt/ros/jazzy/opt/gz_msgs_vendor/lib:/opt/ros/jazzy/opt/gz_common_vendor/lib:/opt/ros/jazzy/opt/gz_math_vendor/lib:/opt/ros/jazzy/opt/gz_utils_vendor/lib:/opt/ros/jazzy/opt/gz_tools_vendor/lib:/opt/ros/jazzy/opt/gz_ogre_next_vendor/lib:/opt/ros/jazzy/opt/gz_dartsim_vendor/lib:/opt/ros/jazzy/opt/gz_cmake_vendor/lib:/opt/ros/jazzy/lib /usr/bin/cmake /home/ws/src/opennav_coverage/opennav_coverage_bt -DCMAKE_INSTALL_PREFIX=/home/ws/install/opennav_coverage_bt
[10.474s] DEBUG:colcon.colcon_core.event_handler.log_command:Invoked command in '/home/ws/build/fields2cover' returned '0': CMAKE_PREFIX_PATH=${CMAKE_PREFIX_PATH}:/opt/ros/jazzy /usr/bin/cmake /home/ws/src/Fields2Cover -DCMAKE_INSTALL_PREFIX=/home/ws/install/fields2cover
[10.475s] DEBUG:colcon.colcon_core.event_handler.log_command:Invoking command in '/home/ws/build/fields2cover': CMAKE_PREFIX_PATH=${CMAKE_PREFIX_PATH}:/opt/ros/jazzy /usr/bin/cmake --build /home/ws/build/fields2cover -- -j12 -l12
[11.858s] DEBUG:colcon.colcon_core.event_handler.log_command:Invoked command in '/home/ws/build/opennav_coverage_bt' returned '0': CMAKE_PREFIX_PATH=/home/ws/install/opennav_coverage_msgs:/home/ws/install/opennav_coverage_bt:/home/ws/install/opennav_coverage:/home/ws/install/fields2cover:/home/ws/install/temizlik_navigation:/opt/ros/jazzy/opt/gz_sim_vendor:/opt/ros/jazzy/opt/gz_sensors_vendor:/opt/ros/jazzy/opt/gz_physics_vendor:/opt/ros/jazzy/opt/sdformat_vendor:/opt/ros/jazzy/opt/gz_gui_vendor:/opt/ros/jazzy/opt/gz_transport_vendor:/opt/ros/jazzy/opt/gz_rendering_vendor:/opt/ros/jazzy/opt/gz_plugin_vendor:/opt/ros/jazzy/opt/gz_fuel_tools_vendor:/opt/ros/jazzy/opt/gz_msgs_vendor:/opt/ros/jazzy/opt/gz_common_vendor:/opt/ros/jazzy/opt/gz_math_vendor:/opt/ros/jazzy/opt/gz_utils_vendor:/opt/ros/jazzy/opt/gz_tools_vendor:/opt/ros/jazzy/opt/gz_ogre_next_vendor:/opt/ros/jazzy/opt/gz_dartsim_vendor:/opt/ros/jazzy/opt/gz_cmake_vendor:/opt/ros/jazzy LD_LIBRARY_PATH=/home/ws/install/opennav_coverage_msgs/lib:/home/ws/install/opennav_coverage_bt/lib:/home/ws/install/opennav_coverage/lib:/home/ws/install/fields2cover/lib:/opt/ros/jazzy/opt/gz_sim_vendor/lib:/opt/ros/jazzy/opt/gz_sensors_vendor/lib:/opt/ros/jazzy/opt/gz_physics_vendor/lib:/opt/ros/jazzy/opt/sdformat_vendor/lib:/opt/ros/jazzy/opt/rviz_ogre_vendor/lib:/opt/ros/jazzy/lib/x86_64-linux-gnu:/opt/ros/jazzy/opt/gz_gui_vendor/lib:/opt/ros/jazzy/opt/gz_transport_vendor/lib:/opt/ros/jazzy/opt/gz_rendering_vendor/lib:/opt/ros/jazzy/opt/gz_plugin_vendor/lib:/opt/ros/jazzy/opt/gz_fuel_tools_vendor/lib:/opt/ros/jazzy/opt/gz_msgs_vendor/lib:/opt/ros/jazzy/opt/gz_common_vendor/lib:/opt/ros/jazzy/opt/gz_math_vendor/lib:/opt/ros/jazzy/opt/gz_utils_vendor/lib:/opt/ros/jazzy/opt/gz_tools_vendor/lib:/opt/ros/jazzy/opt/gz_ogre_next_vendor/lib:/opt/ros/jazzy/opt/gz_dartsim_vendor/lib:/opt/ros/jazzy/opt/gz_cmake_vendor/lib:/opt/ros/jazzy/lib /usr/bin/cmake /home/ws/src/opennav_coverage/opennav_coverage_bt -DCMAKE_INSTALL_PREFIX=/home/ws/install/opennav_coverage_bt
[11.859s] DEBUG:colcon.colcon_core.event_handler.log_command:Invoking command in '/home/ws/build/opennav_coverage_bt': CMAKE_PREFIX_PATH=/home/ws/install/opennav_coverage_msgs:/home/ws/install/opennav_coverage_bt:/home/ws/install/opennav_coverage:/home/ws/install/fields2cover:/home/ws/install/temizlik_navigation:/opt/ros/jazzy/opt/gz_sim_vendor:/opt/ros/jazzy/opt/gz_sensors_vendor:/opt/ros/jazzy/opt/gz_physics_vendor:/opt/ros/jazzy/opt/sdformat_vendor:/opt/ros/jazzy/opt/gz_gui_vendor:/opt/ros/jazzy/opt/gz_transport_vendor:/opt/ros/jazzy/opt/gz_rendering_vendor:/opt/ros/jazzy/opt/gz_plugin_vendor:/opt/ros/jazzy/opt/gz_fuel_tools_vendor:/opt/ros/jazzy/opt/gz_msgs_vendor:/opt/ros/jazzy/opt/gz_common_vendor:/opt/ros/jazzy/opt/gz_math_vendor:/opt/ros/jazzy/opt/gz_utils_vendor:/opt/ros/jazzy/opt/gz_tools_vendor:/opt/ros/jazzy/opt/gz_ogre_next_vendor:/opt/ros/jazzy/opt/gz_dartsim_vendor:/opt/ros/jazzy/opt/gz_cmake_vendor:/opt/ros/jazzy LD_LIBRARY_PATH=/home/ws/install/opennav_coverage_msgs/lib:/home/ws/install/opennav_coverage_bt/lib:/home/ws/install/opennav_coverage/lib:/home/ws/install/fields2cover/lib:/opt/ros/jazzy/opt/gz_sim_vendor/lib:/opt/ros/jazzy/opt/gz_sensors_vendor/lib:/opt/ros/jazzy/opt/gz_physics_vendor/lib:/opt/ros/jazzy/opt/sdformat_vendor/lib:/opt/ros/jazzy/opt/rviz_ogre_vendor/lib:/opt/ros/jazzy/lib/x86_64-linux-gnu:/opt/ros/jazzy/opt/gz_gui_vendor/lib:/opt/ros/jazzy/opt/gz_transport_vendor/lib:/opt/ros/jazzy/opt/gz_rendering_vendor/lib:/opt/ros/jazzy/opt/gz_plugin_vendor/lib:/opt/ros/jazzy/opt/gz_fuel_tools_vendor/lib:/opt/ros/jazzy/opt/gz_msgs_vendor/lib:/opt/ros/jazzy/opt/gz_common_vendor/lib:/opt/ros/jazzy/opt/gz_math_vendor/lib:/opt/ros/jazzy/opt/gz_utils_vendor/lib:/opt/ros/jazzy/opt/gz_tools_vendor/lib:/opt/ros/jazzy/opt/gz_ogre_next_vendor/lib:/opt/ros/jazzy/opt/gz_dartsim_vendor/lib:/opt/ros/jazzy/opt/gz_cmake_vendor/lib:/opt/ros/jazzy/lib /usr/bin/cmake --build /home/ws/build/opennav_coverage_bt -- -j12 -l12
[30.205s] DEBUG:colcon.colcon_core.event_handler.log_command:Invoked command in '/home/ws/build/opennav_coverage_bt' returned '0': CMAKE_PREFIX_PATH=/home/ws/install/opennav_coverage_msgs:/home/ws/install/opennav_coverage_bt:/home/ws/install/opennav_coverage:/home/ws/install/fields2cover:/home/ws/install/temizlik_navigation:/opt/ros/jazzy/opt/gz_sim_vendor:/opt/ros/jazzy/opt/gz_sensors_vendor:/opt/ros/jazzy/opt/gz_physics_vendor:/opt/ros/jazzy/opt/sdformat_vendor:/opt/ros/jazzy/opt/gz_gui_vendor:/opt/ros/jazzy/opt/gz_transport_vendor:/opt/ros/jazzy/opt/gz_rendering_vendor:/opt/ros/jazzy/opt/gz_plugin_vendor:/opt/ros/jazzy/opt/gz_fuel_tools_vendor:/opt/ros/jazzy/opt/gz_msgs_vendor:/opt/ros/jazzy/opt/gz_common_vendor:/opt/ros/jazzy/opt/gz_math_vendor:/opt/ros/jazzy/opt/gz_utils_vendor:/opt/ros/jazzy/opt/gz_tools_vendor:/opt/ros/jazzy/opt/gz_ogre_next_vendor:/opt/ros/jazzy/opt/gz_dartsim_vendor:/opt/ros/jazzy/opt/gz_cmake_vendor:/opt/ros/jazzy LD_LIBRARY_PATH=/home/ws/install/opennav_coverage_msgs/lib:/home/ws/install/opennav_coverage_bt/lib:/home/ws/install/opennav_coverage/lib:/home/ws/install/fields2cover/lib:/opt/ros/jazzy/opt/gz_sim_vendor/lib:/opt/ros/jazzy/opt/gz_sensors_vendor/lib:/opt/ros/jazzy/opt/gz_physics_vendor/lib:/opt/ros/jazzy/opt/sdformat_vendor/lib:/opt/ros/jazzy/opt/rviz_ogre_vendor/lib:/opt/ros/jazzy/lib/x86_64-linux-gnu:/opt/ros/jazzy/opt/gz_gui_vendor/lib:/opt/ros/jazzy/opt/gz_transport_vendor/lib:/opt/ros/jazzy/opt/gz_rendering_vendor/lib:/opt/ros/jazzy/opt/gz_plugin_vendor/lib:/opt/ros/jazzy/opt/gz_fuel_tools_vendor/lib:/opt/ros/jazzy/opt/gz_msgs_vendor/lib:/opt/ros/jazzy/opt/gz_common_vendor/lib:/opt/ros/jazzy/opt/gz_math_vendor/lib:/opt/ros/jazzy/opt/gz_utils_vendor/lib:/opt/ros/jazzy/opt/gz_tools_vendor/lib:/opt/ros/jazzy/opt/gz_ogre_next_vendor/lib:/opt/ros/jazzy/opt/gz_dartsim_vendor/lib:/opt/ros/jazzy/opt/gz_cmake_vendor/lib:/opt/ros/jazzy/lib /usr/bin/cmake --build /home/ws/build/opennav_coverage_bt -- -j12 -l12
[30.206s] DEBUG:colcon.colcon_core.event_handler.log_command:Invoking command in '/home/ws/build/opennav_coverage_bt': CMAKE_PREFIX_PATH=/home/ws/install/opennav_coverage_msgs:/home/ws/install/opennav_coverage_bt:/home/ws/install/opennav_coverage:/home/ws/install/fields2cover:/home/ws/install/temizlik_navigation:/opt/ros/jazzy/opt/gz_sim_vendor:/opt/ros/jazzy/opt/gz_sensors_vendor:/opt/ros/jazzy/opt/gz_physics_vendor:/opt/ros/jazzy/opt/sdformat_vendor:/opt/ros/jazzy/opt/gz_gui_vendor:/opt/ros/jazzy/opt/gz_transport_vendor:/opt/ros/jazzy/opt/gz_rendering_vendor:/opt/ros/jazzy/opt/gz_plugin_vendor:/opt/ros/jazzy/opt/gz_fuel_tools_vendor:/opt/ros/jazzy/opt/gz_msgs_vendor:/opt/ros/jazzy/opt/gz_common_vendor:/opt/ros/jazzy/opt/gz_math_vendor:/opt/ros/jazzy/opt/gz_utils_vendor:/opt/ros/jazzy/opt/gz_tools_vendor:/opt/ros/jazzy/opt/gz_ogre_next_vendor:/opt/ros/jazzy/opt/gz_dartsim_vendor:/opt/ros/jazzy/opt/gz_cmake_vendor:/opt/ros/jazzy LD_LIBRARY_PATH=/home/ws/install/opennav_coverage_msgs/lib:/home/ws/install/opennav_coverage_bt/lib:/home/ws/install/opennav_coverage/lib:/home/ws/install/fields2cover/lib:/opt/ros/jazzy/opt/gz_sim_vendor/lib:/opt/ros/jazzy/opt/gz_sensors_vendor/lib:/opt/ros/jazzy/opt/gz_physics_vendor/lib:/opt/ros/jazzy/opt/sdformat_vendor/lib:/opt/ros/jazzy/opt/rviz_ogre_vendor/lib:/opt/ros/jazzy/lib/x86_64-linux-gnu:/opt/ros/jazzy/opt/gz_gui_vendor/lib:/opt/ros/jazzy/opt/gz_transport_vendor/lib:/opt/ros/jazzy/opt/gz_rendering_vendor/lib:/opt/ros/jazzy/opt/gz_plugin_vendor/lib:/opt/ros/jazzy/opt/gz_fuel_tools_vendor/lib:/opt/ros/jazzy/opt/gz_msgs_vendor/lib:/opt/ros/jazzy/opt/gz_common_vendor/lib:/opt/ros/jazzy/opt/gz_math_vendor/lib:/opt/ros/jazzy/opt/gz_utils_vendor/lib:/opt/ros/jazzy/opt/gz_tools_vendor/lib:/opt/ros/jazzy/opt/gz_ogre_next_vendor/lib:/opt/ros/jazzy/opt/gz_dartsim_vendor/lib:/opt/ros/jazzy/opt/gz_cmake_vendor/lib:/opt/ros/jazzy/lib /usr/bin/cmake --install /home/ws/build/opennav_coverage_bt
[30.221s] Level 1:colcon.colcon_core.environment:create_environment_scripts_only(opennav_coverage_bt)
[30.221s] Level 1:colcon.colcon_core.environment:checking '/home/ws/install/opennav_coverage_bt' for CMake module files
[30.221s] DEBUG:colcon.colcon_core.event_handler.log_command:Invoked command in '/home/ws/build/opennav_coverage_bt' returned '0': CMAKE_PREFIX_PATH=/home/ws/install/opennav_coverage_msgs:/home/ws/install/opennav_coverage_bt:/home/ws/install/opennav_coverage:/home/ws/install/fields2cover:/home/ws/install/temizlik_navigation:/opt/ros/jazzy/opt/gz_sim_vendor:/opt/ros/jazzy/opt/gz_sensors_vendor:/opt/ros/jazzy/opt/gz_physics_vendor:/opt/ros/jazzy/opt/sdformat_vendor:/opt/ros/jazzy/opt/gz_gui_vendor:/opt/ros/jazzy/opt/gz_transport_vendor:/opt/ros/jazzy/opt/gz_rendering_vendor:/opt/ros/jazzy/opt/gz_plugin_vendor:/opt/ros/jazzy/opt/gz_fuel_tools_vendor:/opt/ros/jazzy/opt/gz_msgs_vendor:/opt/ros/jazzy/opt/gz_common_vendor:/opt/ros/jazzy/opt/gz_math_vendor:/opt/ros/jazzy/opt/gz_utils_vendor:/opt/ros/jazzy/opt/gz_tools_vendor:/opt/ros/jazzy/opt/gz_ogre_next_vendor:/opt/ros/jazzy/opt/gz_dartsim_vendor:/opt/ros/jazzy/opt/gz_cmake_vendor:/opt/ros/jazzy LD_LIBRARY_PATH=/home/ws/install/opennav_coverage_msgs/lib:/home/ws/install/opennav_coverage_bt/lib:/home/ws/install/opennav_coverage/lib:/home/ws/install/fields2cover/lib:/opt/ros/jazzy/opt/gz_sim_vendor/lib:/opt/ros/jazzy/opt/gz_sensors_vendor/lib:/opt/ros/jazzy/opt/gz_physics_vendor/lib:/opt/ros/jazzy/opt/sdformat_vendor/lib:/opt/ros/jazzy/opt/rviz_ogre_vendor/lib:/opt/ros/jazzy/lib/x86_64-linux-gnu:/opt/ros/jazzy/opt/gz_gui_vendor/lib:/opt/ros/jazzy/opt/gz_transport_vendor/lib:/opt/ros/jazzy/opt/gz_rendering_vendor/lib:/opt/ros/jazzy/opt/gz_plugin_vendor/lib:/opt/ros/jazzy/opt/gz_fuel_tools_vendor/lib:/opt/ros/jazzy/opt/gz_msgs_vendor/lib:/opt/ros/jazzy/opt/gz_common_vendor/lib:/opt/ros/jazzy/opt/gz_math_vendor/lib:/opt/ros/jazzy/opt/gz_utils_vendor/lib:/opt/ros/jazzy/opt/gz_tools_vendor/lib:/opt/ros/jazzy/opt/gz_ogre_next_vendor/lib:/opt/ros/jazzy/opt/gz_dartsim_vendor/lib:/opt/ros/jazzy/opt/gz_cmake_vendor/lib:/opt/ros/jazzy/lib /usr/bin/cmake --install /home/ws/build/opennav_coverage_bt
[30.221s] Level 1:colcon.colcon_core.environment:checking '/home/ws/install/opennav_coverage_bt' for CMake config files
[30.222s] Level 1:colcon.colcon_core.shell:create_environment_hook('opennav_coverage_bt', 'cmake_prefix_path')
[30.222s] INFO:colcon.colcon_core.shell:Creating environment hook '/home/ws/install/opennav_coverage_bt/share/opennav_coverage_bt/hook/cmake_prefix_path.ps1'
[30.222s] INFO:colcon.colcon_core.shell:Creating environment descriptor '/home/ws/install/opennav_coverage_bt/share/opennav_coverage_bt/hook/cmake_prefix_path.dsv'
[30.222s] INFO:colcon.colcon_core.shell:Creating environment hook '/home/ws/install/opennav_coverage_bt/share/opennav_coverage_bt/hook/cmake_prefix_path.sh'
[30.223s] Level 1:colcon.colcon_core.environment:checking '/home/ws/install/opennav_coverage_bt/lib'
[30.223s] Level 1:colcon.colcon_core.shell:create_environment_hook('opennav_coverage_bt', 'ld_library_path_lib')
[30.223s] INFO:colcon.colcon_core.shell:Creating environment hook '/home/ws/install/opennav_coverage_bt/share/opennav_coverage_bt/hook/ld_library_path_lib.ps1'
[30.223s] INFO:colcon.colcon_core.shell:Creating environment descriptor '/home/ws/install/opennav_coverage_bt/share/opennav_coverage_bt/hook/ld_library_path_lib.dsv'
[30.223s] INFO:colcon.colcon_core.shell:Creating environment hook '/home/ws/install/opennav_coverage_bt/share/opennav_coverage_bt/hook/ld_library_path_lib.sh'
[30.223s] Level 1:colcon.colcon_core.environment:checking '/home/ws/install/opennav_coverage_bt/bin'
[30.223s] Level 1:colcon.colcon_core.environment:checking '/home/ws/install/opennav_coverage_bt/lib/pkgconfig/opennav_coverage_bt.pc'
[30.224s] Level 1:colcon.colcon_core.environment:checking '/home/ws/install/opennav_coverage_bt/lib/python3.12/site-packages'
[30.224s] Level 1:colcon.colcon_core.environment:checking '/home/ws/install/opennav_coverage_bt/bin'
[30.224s] INFO:colcon.colcon_core.shell:Creating package script '/home/ws/install/opennav_coverage_bt/share/opennav_coverage_bt/package.ps1'
[30.224s] INFO:colcon.colcon_core.shell:Creating package descriptor '/home/ws/install/opennav_coverage_bt/share/opennav_coverage_bt/package.dsv'
[30.225s] INFO:colcon.colcon_core.shell:Creating package script '/home/ws/install/opennav_coverage_bt/share/opennav_coverage_bt/package.sh'
[30.225s] INFO:colcon.colcon_core.shell:Creating package script '/home/ws/install/opennav_coverage_bt/share/opennav_coverage_bt/package.bash'
[30.225s] INFO:colcon.colcon_core.shell:Creating package script '/home/ws/install/opennav_coverage_bt/share/opennav_coverage_bt/package.zsh'
[30.225s] Level 1:colcon.colcon_core.environment:create_file_with_runtime_dependencies(/home/ws/install/opennav_coverage_bt/share/colcon-core/packages/opennav_coverage_bt)
[30.226s] Level 1:colcon.colcon_core.environment:create_environment_scripts_only(opennav_coverage_bt)
[30.226s] Level 1:colcon.colcon_core.environment:checking '/home/ws/install/opennav_coverage_bt' for CMake module files
[30.226s] Level 1:colcon.colcon_core.environment:checking '/home/ws/install/opennav_coverage_bt' for CMake config files
[30.226s] Level 1:colcon.colcon_core.shell:create_environment_hook('opennav_coverage_bt', 'cmake_prefix_path')
[30.226s] INFO:colcon.colcon_core.shell:Creating environment hook '/home/ws/install/opennav_coverage_bt/share/opennav_coverage_bt/hook/cmake_prefix_path.ps1'
[30.227s] INFO:colcon.colcon_core.shell:Creating environment descriptor '/home/ws/install/opennav_coverage_bt/share/opennav_coverage_bt/hook/cmake_prefix_path.dsv'
[30.227s] INFO:colcon.colcon_core.shell:Creating environment hook '/home/ws/install/opennav_coverage_bt/share/opennav_coverage_bt/hook/cmake_prefix_path.sh'
[30.227s] Level 1:colcon.colcon_core.environment:checking '/home/ws/install/opennav_coverage_bt/lib'
[30.227s] Level 1:colcon.colcon_core.shell:create_environment_hook('opennav_coverage_bt', 'ld_library_path_lib')
[30.227s] INFO:colcon.colcon_core.shell:Creating environment hook '/home/ws/install/opennav_coverage_bt/share/opennav_coverage_bt/hook/ld_library_path_lib.ps1'
[30.228s] INFO:colcon.colcon_core.shell:Creating environment descriptor '/home/ws/install/opennav_coverage_bt/share/opennav_coverage_bt/hook/ld_library_path_lib.dsv'
[30.228s] INFO:colcon.colcon_core.shell:Creating environment hook '/home/ws/install/opennav_coverage_bt/share/opennav_coverage_bt/hook/ld_library_path_lib.sh'
[30.228s] Level 1:colcon.colcon_core.environment:checking '/home/ws/install/opennav_coverage_bt/bin'
[30.228s] Level 1:colcon.colcon_core.environment:checking '/home/ws/install/opennav_coverage_bt/lib/pkgconfig/opennav_coverage_bt.pc'
[30.228s] Level 1:colcon.colcon_core.environment:checking '/home/ws/install/opennav_coverage_bt/lib/python3.12/site-packages'
[30.229s] Level 1:colcon.colcon_core.environment:checking '/home/ws/install/opennav_coverage_bt/bin'
[30.229s] INFO:colcon.colcon_core.shell:Creating package script '/home/ws/install/opennav_coverage_bt/share/opennav_coverage_bt/package.ps1'
[30.229s] INFO:colcon.colcon_core.shell:Creating package descriptor '/home/ws/install/opennav_coverage_bt/share/opennav_coverage_bt/package.dsv'
[30.230s] INFO:colcon.colcon_core.shell:Creating package script '/home/ws/install/opennav_coverage_bt/share/opennav_coverage_bt/package.sh'
[30.230s] INFO:colcon.colcon_core.shell:Creating package script '/home/ws/install/opennav_coverage_bt/share/opennav_coverage_bt/package.bash'
[30.230s] INFO:colcon.colcon_core.shell:Creating package script '/home/ws/install/opennav_coverage_bt/share/opennav_coverage_bt/package.zsh'
[30.230s] Level 1:colcon.colcon_core.environment:create_file_with_runtime_dependencies(/home/ws/install/opennav_coverage_bt/share/colcon-core/packages/opennav_coverage_bt)
[31.175s] DEBUG:colcon.colcon_core.event_handler.log_command:Invoked command in '/home/ws/build/fields2cover' returned '0': CMAKE_PREFIX_PATH=${CMAKE_PREFIX_PATH}:/opt/ros/jazzy /usr/bin/cmake --build /home/ws/build/fields2cover -- -j12 -l12
[31.176s] DEBUG:colcon.colcon_core.event_handler.log_command:Invoking command in '/home/ws/build/fields2cover': CMAKE_PREFIX_PATH=${CMAKE_PREFIX_PATH}:/opt/ros/jazzy /usr/bin/cmake --install /home/ws/build/fields2cover
[31.193s] DEBUG:colcon.colcon_core.event_handler.log_command:Invoked command in '/home/ws/build/fields2cover' returned '0': CMAKE_PREFIX_PATH=${CMAKE_PREFIX_PATH}:/opt/ros/jazzy /usr/bin/cmake --install /home/ws/build/fields2cover
[31.194s] Level 1:colcon.colcon_core.shell:create_environment_hook('fields2cover', 'pkg_config_path')
[31.194s] INFO:colcon.colcon_core.shell:Creating environment hook '/home/ws/install/fields2cover/share/fields2cover/hook/pkg_config_path.ps1'
[31.194s] INFO:colcon.colcon_core.shell:Creating environment descriptor '/home/ws/install/fields2cover/share/fields2cover/hook/pkg_config_path.dsv'
[31.194s] INFO:colcon.colcon_core.shell:Creating environment hook '/home/ws/install/fields2cover/share/fields2cover/hook/pkg_config_path.sh'
[31.196s] Level 1:colcon.colcon_core.shell:create_environment_hook('fields2cover', 'pkg_config_path_multiarch')
[31.196s] INFO:colcon.colcon_core.shell:Creating environment hook '/home/ws/install/fields2cover/share/fields2cover/hook/pkg_config_path_multiarch.ps1'
[31.196s] INFO:colcon.colcon_core.shell:Creating environment descriptor '/home/ws/install/fields2cover/share/fields2cover/hook/pkg_config_path_multiarch.dsv'
[31.196s] INFO:colcon.colcon_core.shell:Creating environment hook '/home/ws/install/fields2cover/share/fields2cover/hook/pkg_config_path_multiarch.sh'
[31.196s] Level 1:colcon.colcon_core.environment:create_environment_scripts_only(fields2cover)
[31.196s] Level 1:colcon.colcon_core.environment:checking '/home/ws/install/fields2cover' for CMake module files
[31.196s] Level 1:colcon.colcon_core.environment:checking '/home/ws/install/fields2cover' for CMake config files
[31.196s] Level 1:colcon.colcon_core.shell:create_environment_hook('fields2cover', 'cmake_prefix_path')
[31.197s] INFO:colcon.colcon_core.shell:Creating environment hook '/home/ws/install/fields2cover/share/fields2cover/hook/cmake_prefix_path.ps1'
[31.197s] INFO:colcon.colcon_core.shell:Creating environment descriptor '/home/ws/install/fields2cover/share/fields2cover/hook/cmake_prefix_path.dsv'
[31.197s] INFO:colcon.colcon_core.shell:Creating environment hook '/home/ws/install/fields2cover/share/fields2cover/hook/cmake_prefix_path.sh'
[31.197s] Level 1:colcon.colcon_core.environment:checking '/home/ws/install/fields2cover/lib'
[31.197s] Level 1:colcon.colcon_core.shell:create_environment_hook('fields2cover', 'ld_library_path_lib')
[31.197s] INFO:colcon.colcon_core.shell:Creating environment hook '/home/ws/install/fields2cover/share/fields2cover/hook/ld_library_path_lib.ps1'
[31.197s] INFO:colcon.colcon_core.shell:Creating environment descriptor '/home/ws/install/fields2cover/share/fields2cover/hook/ld_library_path_lib.dsv'
[31.198s] INFO:colcon.colcon_core.shell:Creating environment hook '/home/ws/install/fields2cover/share/fields2cover/hook/ld_library_path_lib.sh'
[31.198s] Level 1:colcon.colcon_core.environment:checking '/home/ws/install/fields2cover/bin'
[31.198s] Level 1:colcon.colcon_core.environment:checking '/home/ws/install/fields2cover/lib/pkgconfig/fields2cover.pc'
[31.198s] Level 1:colcon.colcon_core.environment:checking '/home/ws/install/fields2cover/lib/python3.12/site-packages'
[31.198s] Level 1:colcon.colcon_core.environment:checking '/home/ws/install/fields2cover/bin'
[31.198s] INFO:colcon.colcon_core.shell:Creating package script '/home/ws/install/fields2cover/share/fields2cover/package.ps1'
[31.198s] INFO:colcon.colcon_core.shell:Creating package descriptor '/home/ws/install/fields2cover/share/fields2cover/package.dsv'
[31.199s] INFO:colcon.colcon_core.shell:Creating package script '/home/ws/install/fields2cover/share/fields2cover/package.sh'
[31.199s] INFO:colcon.colcon_core.shell:Creating package script '/home/ws/install/fields2cover/share/fields2cover/package.bash'
[31.199s] INFO:colcon.colcon_core.shell:Creating package script '/home/ws/install/fields2cover/share/fields2cover/package.zsh'
[31.199s] Level 1:colcon.colcon_core.environment:create_file_with_runtime_dependencies(/home/ws/install/fields2cover/share/colcon-core/packages/fields2cover)
[31.199s] INFO:colcon.colcon_ros.task.ament_cmake.build:Building ROS package in '/home/ws/src/opennav_coverage/opennav_coverage' with build type 'ament_cmake'
[31.199s] INFO:colcon.colcon_cmake.task.cmake.build:Building CMake package in '/home/ws/src/opennav_coverage/opennav_coverage'
[31.200s] INFO:colcon.colcon_core.shell:Skip shell extension 'powershell' for command environment: Not usable outside of PowerShell
[31.200s] DEBUG:colcon.colcon_core.shell:Skip shell extension 'dsv' for command environment
[31.208s] DEBUG:colcon.colcon_core.event_handler.log_command:Invoking command in '/home/ws/build/opennav_coverage': CMAKE_PREFIX_PATH=/home/ws/install/opennav_coverage_msgs:/home/ws/install/fields2cover:/home/ws/install/opennav_coverage_bt:/home/ws/install/opennav_coverage:/home/ws/install/temizlik_navigation:/opt/ros/jazzy/opt/gz_sim_vendor:/opt/ros/jazzy/opt/gz_sensors_vendor:/opt/ros/jazzy/opt/gz_physics_vendor:/opt/ros/jazzy/opt/sdformat_vendor:/opt/ros/jazzy/opt/gz_gui_vendor:/opt/ros/jazzy/opt/gz_transport_vendor:/opt/ros/jazzy/opt/gz_rendering_vendor:/opt/ros/jazzy/opt/gz_plugin_vendor:/opt/ros/jazzy/opt/gz_fuel_tools_vendor:/opt/ros/jazzy/opt/gz_msgs_vendor:/opt/ros/jazzy/opt/gz_common_vendor:/opt/ros/jazzy/opt/gz_math_vendor:/opt/ros/jazzy/opt/gz_utils_vendor:/opt/ros/jazzy/opt/gz_tools_vendor:/opt/ros/jazzy/opt/gz_ogre_next_vendor:/opt/ros/jazzy/opt/gz_dartsim_vendor:/opt/ros/jazzy/opt/gz_cmake_vendor:/opt/ros/jazzy LD_LIBRARY_PATH=/home/ws/install/opennav_coverage_msgs/lib:/home/ws/install/fields2cover/lib:/home/ws/install/opennav_coverage_bt/lib:/home/ws/install/opennav_coverage/lib:/opt/ros/jazzy/opt/gz_sim_vendor/lib:/opt/ros/jazzy/opt/gz_sensors_vendor/lib:/opt/ros/jazzy/opt/gz_physics_vendor/lib:/opt/ros/jazzy/opt/sdformat_vendor/lib:/opt/ros/jazzy/opt/rviz_ogre_vendor/lib:/opt/ros/jazzy/lib/x86_64-linux-gnu:/opt/ros/jazzy/opt/gz_gui_vendor/lib:/opt/ros/jazzy/opt/gz_transport_vendor/lib:/opt/ros/jazzy/opt/gz_rendering_vendor/lib:/opt/ros/jazzy/opt/gz_plugin_vendor/lib:/opt/ros/jazzy/opt/gz_fuel_tools_vendor/lib:/opt/ros/jazzy/opt/gz_msgs_vendor/lib:/opt/ros/jazzy/opt/gz_common_vendor/lib:/opt/ros/jazzy/opt/gz_math_vendor/lib:/opt/ros/jazzy/opt/gz_utils_vendor/lib:/opt/ros/jazzy/opt/gz_tools_vendor/lib:/opt/ros/jazzy/opt/gz_ogre_next_vendor/lib:/opt/ros/jazzy/opt/gz_dartsim_vendor/lib:/opt/ros/jazzy/opt/gz_cmake_vendor/lib:/opt/ros/jazzy/lib /usr/bin/cmake /home/ws/src/opennav_coverage/opennav_coverage -DCMAKE_INSTALL_PREFIX=/home/ws/install/opennav_coverage
[32.838s] DEBUG:colcon.colcon_core.event_handler.log_command:Invoked command in '/home/ws/build/opennav_coverage' returned '0': CMAKE_PREFIX_PATH=/home/ws/install/opennav_coverage_msgs:/home/ws/install/fields2cover:/home/ws/install/opennav_coverage_bt:/home/ws/install/opennav_coverage:/home/ws/install/temizlik_navigation:/opt/ros/jazzy/opt/gz_sim_vendor:/opt/ros/jazzy/opt/gz_sensors_vendor:/opt/ros/jazzy/opt/gz_physics_vendor:/opt/ros/jazzy/opt/sdformat_vendor:/opt/ros/jazzy/opt/gz_gui_vendor:/opt/ros/jazzy/opt/gz_transport_vendor:/opt/ros/jazzy/opt/gz_rendering_vendor:/opt/ros/jazzy/opt/gz_plugin_vendor:/opt/ros/jazzy/opt/gz_fuel_tools_vendor:/opt/ros/jazzy/opt/gz_msgs_vendor:/opt/ros/jazzy/opt/gz_common_vendor:/opt/ros/jazzy/opt/gz_math_vendor:/opt/ros/jazzy/opt/gz_utils_vendor:/opt/ros/jazzy/opt/gz_tools_vendor:/opt/ros/jazzy/opt/gz_ogre_next_vendor:/opt/ros/jazzy/opt/gz_dartsim_vendor:/opt/ros/jazzy/opt/gz_cmake_vendor:/opt/ros/jazzy LD_LIBRARY_PATH=/home/ws/install/opennav_coverage_msgs/lib:/home/ws/install/fields2cover/lib:/home/ws/install/opennav_coverage_bt/lib:/home/ws/install/opennav_coverage/lib:/opt/ros/jazzy/opt/gz_sim_vendor/lib:/opt/ros/jazzy/opt/gz_sensors_vendor/lib:/opt/ros/jazzy/opt/gz_physics_vendor/lib:/opt/ros/jazzy/opt/sdformat_vendor/lib:/opt/ros/jazzy/opt/rviz_ogre_vendor/lib:/opt/ros/jazzy/lib/x86_64-linux-gnu:/opt/ros/jazzy/opt/gz_gui_vendor/lib:/opt/ros/jazzy/opt/gz_transport_vendor/lib:/opt/ros/jazzy/opt/gz_rendering_vendor/lib:/opt/ros/jazzy/opt/gz_plugin_vendor/lib:/opt/ros/jazzy/opt/gz_fuel_tools_vendor/lib:/opt/ros/jazzy/opt/gz_msgs_vendor/lib:/opt/ros/jazzy/opt/gz_common_vendor/lib:/opt/ros/jazzy/opt/gz_math_vendor/lib:/opt/ros/jazzy/opt/gz_utils_vendor/lib:/opt/ros/jazzy/opt/gz_tools_vendor/lib:/opt/ros/jazzy/opt/gz_ogre_next_vendor/lib:/opt/ros/jazzy/opt/gz_dartsim_vendor/lib:/opt/ros/jazzy/opt/gz_cmake_vendor/lib:/opt/ros/jazzy/lib /usr/bin/cmake /home/ws/src/opennav_coverage/opennav_coverage -DCMAKE_INSTALL_PREFIX=/home/ws/install/opennav_coverage
[32.839s] DEBUG:colcon.colcon_core.event_handler.log_command:Invoking command in '/home/ws/build/opennav_coverage': CMAKE_PREFIX_PATH=/home/ws/install/opennav_coverage_msgs:/home/ws/install/fields2cover:/home/ws/install/opennav_coverage_bt:/home/ws/install/opennav_coverage:/home/ws/install/temizlik_navigation:/opt/ros/jazzy/opt/gz_sim_vendor:/opt/ros/jazzy/opt/gz_sensors_vendor:/opt/ros/jazzy/opt/gz_physics_vendor:/opt/ros/jazzy/opt/sdformat_vendor:/opt/ros/jazzy/opt/gz_gui_vendor:/opt/ros/jazzy/opt/gz_transport_vendor:/opt/ros/jazzy/opt/gz_rendering_vendor:/opt/ros/jazzy/opt/gz_plugin_vendor:/opt/ros/jazzy/opt/gz_fuel_tools_vendor:/opt/ros/jazzy/opt/gz_msgs_vendor:/opt/ros/jazzy/opt/gz_common_vendor:/opt/ros/jazzy/opt/gz_math_vendor:/opt/ros/jazzy/opt/gz_utils_vendor:/opt/ros/jazzy/opt/gz_tools_vendor:/opt/ros/jazzy/opt/gz_ogre_next_vendor:/opt/ros/jazzy/opt/gz_dartsim_vendor:/opt/ros/jazzy/opt/gz_cmake_vendor:/opt/ros/jazzy LD_LIBRARY_PATH=/home/ws/install/opennav_coverage_msgs/lib:/home/ws/install/fields2cover/lib:/home/ws/install/opennav_coverage_bt/lib:/home/ws/install/opennav_coverage/lib:/opt/ros/jazzy/opt/gz_sim_vendor/lib:/opt/ros/jazzy/opt/gz_sensors_vendor/lib:/opt/ros/jazzy/opt/gz_physics_vendor/lib:/opt/ros/jazzy/opt/sdformat_vendor/lib:/opt/ros/jazzy/opt/rviz_ogre_vendor/lib:/opt/ros/jazzy/lib/x86_64-linux-gnu:/opt/ros/jazzy/opt/gz_gui_vendor/lib:/opt/ros/jazzy/opt/gz_transport_vendor/lib:/opt/ros/jazzy/opt/gz_rendering_vendor/lib:/opt/ros/jazzy/opt/gz_plugin_vendor/lib:/opt/ros/jazzy/opt/gz_fuel_tools_vendor/lib:/opt/ros/jazzy/opt/gz_msgs_vendor/lib:/opt/ros/jazzy/opt/gz_common_vendor/lib:/opt/ros/jazzy/opt/gz_math_vendor/lib:/opt/ros/jazzy/opt/gz_utils_vendor/lib:/opt/ros/jazzy/opt/gz_tools_vendor/lib:/opt/ros/jazzy/opt/gz_ogre_next_vendor/lib:/opt/ros/jazzy/opt/gz_dartsim_vendor/lib:/opt/ros/jazzy/opt/gz_cmake_vendor/lib:/opt/ros/jazzy/lib /usr/bin/cmake --build /home/ws/build/opennav_coverage -- -j12 -l12
[50.326s] DEBUG:colcon.colcon_core.event_handler.log_command:Invoked command in '/home/ws/build/opennav_coverage' returned '0': CMAKE_PREFIX_PATH=/home/ws/install/opennav_coverage_msgs:/home/ws/install/fields2cover:/home/ws/install/opennav_coverage_bt:/home/ws/install/opennav_coverage:/home/ws/install/temizlik_navigation:/opt/ros/jazzy/opt/gz_sim_vendor:/opt/ros/jazzy/opt/gz_sensors_vendor:/opt/ros/jazzy/opt/gz_physics_vendor:/opt/ros/jazzy/opt/sdformat_vendor:/opt/ros/jazzy/opt/gz_gui_vendor:/opt/ros/jazzy/opt/gz_transport_vendor:/opt/ros/jazzy/opt/gz_rendering_vendor:/opt/ros/jazzy/opt/gz_plugin_vendor:/opt/ros/jazzy/opt/gz_fuel_tools_vendor:/opt/ros/jazzy/opt/gz_msgs_vendor:/opt/ros/jazzy/opt/gz_common_vendor:/opt/ros/jazzy/opt/gz_math_vendor:/opt/ros/jazzy/opt/gz_utils_vendor:/opt/ros/jazzy/opt/gz_tools_vendor:/opt/ros/jazzy/opt/gz_ogre_next_vendor:/opt/ros/jazzy/opt/gz_dartsim_vendor:/opt/ros/jazzy/opt/gz_cmake_vendor:/opt/ros/jazzy LD_LIBRARY_PATH=/home/ws/install/opennav_coverage_msgs/lib:/home/ws/install/fields2cover/lib:/home/ws/install/opennav_coverage_bt/lib:/home/ws/install/opennav_coverage/lib:/opt/ros/jazzy/opt/gz_sim_vendor/lib:/opt/ros/jazzy/opt/gz_sensors_vendor/lib:/opt/ros/jazzy/opt/gz_physics_vendor/lib:/opt/ros/jazzy/opt/sdformat_vendor/lib:/opt/ros/jazzy/opt/rviz_ogre_vendor/lib:/opt/ros/jazzy/lib/x86_64-linux-gnu:/opt/ros/jazzy/opt/gz_gui_vendor/lib:/opt/ros/jazzy/opt/gz_transport_vendor/lib:/opt/ros/jazzy/opt/gz_rendering_vendor/lib:/opt/ros/jazzy/opt/gz_plugin_vendor/lib:/opt/ros/jazzy/opt/gz_fuel_tools_vendor/lib:/opt/ros/jazzy/opt/gz_msgs_vendor/lib:/opt/ros/jazzy/opt/gz_common_vendor/lib:/opt/ros/jazzy/opt/gz_math_vendor/lib:/opt/ros/jazzy/opt/gz_utils_vendor/lib:/opt/ros/jazzy/opt/gz_tools_vendor/lib:/opt/ros/jazzy/opt/gz_ogre_next_vendor/lib:/opt/ros/jazzy/opt/gz_dartsim_vendor/lib:/opt/ros/jazzy/opt/gz_cmake_vendor/lib:/opt/ros/jazzy/lib /usr/bin/cmake --build /home/ws/build/opennav_coverage -- -j12 -l12
[50.327s] DEBUG:colcon.colcon_core.event_handler.log_command:Invoking command in '/home/ws/build/opennav_coverage': CMAKE_PREFIX_PATH=/home/ws/install/opennav_coverage_msgs:/home/ws/install/fields2cover:/home/ws/install/opennav_coverage_bt:/home/ws/install/opennav_coverage:/home/ws/install/temizlik_navigation:/opt/ros/jazzy/opt/gz_sim_vendor:/opt/ros/jazzy/opt/gz_sensors_vendor:/opt/ros/jazzy/opt/gz_physics_vendor:/opt/ros/jazzy/opt/sdformat_vendor:/opt/ros/jazzy/opt/gz_gui_vendor:/opt/ros/jazzy/opt/gz_transport_vendor:/opt/ros/jazzy/opt/gz_rendering_vendor:/opt/ros/jazzy/opt/gz_plugin_vendor:/opt/ros/jazzy/opt/gz_fuel_tools_vendor:/opt/ros/jazzy/opt/gz_msgs_vendor:/opt/ros/jazzy/opt/gz_common_vendor:/opt/ros/jazzy/opt/gz_math_vendor:/opt/ros/jazzy/opt/gz_utils_vendor:/opt/ros/jazzy/opt/gz_tools_vendor:/opt/ros/jazzy/opt/gz_ogre_next_vendor:/opt/ros/jazzy/opt/gz_dartsim_vendor:/opt/ros/jazzy/opt/gz_cmake_vendor:/opt/ros/jazzy LD_LIBRARY_PATH=/home/ws/install/opennav_coverage_msgs/lib:/home/ws/install/fields2cover/lib:/home/ws/install/opennav_coverage_bt/lib:/home/ws/install/opennav_coverage/lib:/opt/ros/jazzy/opt/gz_sim_vendor/lib:/opt/ros/jazzy/opt/gz_sensors_vendor/lib:/opt/ros/jazzy/opt/gz_physics_vendor/lib:/opt/ros/jazzy/opt/sdformat_vendor/lib:/opt/ros/jazzy/opt/rviz_ogre_vendor/lib:/opt/ros/jazzy/lib/x86_64-linux-gnu:/opt/ros/jazzy/opt/gz_gui_vendor/lib:/opt/ros/jazzy/opt/gz_transport_vendor/lib:/opt/ros/jazzy/opt/gz_rendering_vendor/lib:/opt/ros/jazzy/opt/gz_plugin_vendor/lib:/opt/ros/jazzy/opt/gz_fuel_tools_vendor/lib:/opt/ros/jazzy/opt/gz_msgs_vendor/lib:/opt/ros/jazzy/opt/gz_common_vendor/lib:/opt/ros/jazzy/opt/gz_math_vendor/lib:/opt/ros/jazzy/opt/gz_utils_vendor/lib:/opt/ros/jazzy/opt/gz_tools_vendor/lib:/opt/ros/jazzy/opt/gz_ogre_next_vendor/lib:/opt/ros/jazzy/opt/gz_dartsim_vendor/lib:/opt/ros/jazzy/opt/gz_cmake_vendor/lib:/opt/ros/jazzy/lib /usr/bin/cmake --install /home/ws/build/opennav_coverage
[50.344s] Level 1:colcon.colcon_core.environment:create_environment_scripts_only(opennav_coverage)
[50.344s] Level 1:colcon.colcon_core.environment:checking '/home/ws/install/opennav_coverage' for CMake module files
[50.344s] DEBUG:colcon.colcon_core.event_handler.log_command:Invoked command in '/home/ws/build/opennav_coverage' returned '0': CMAKE_PREFIX_PATH=/home/ws/install/opennav_coverage_msgs:/home/ws/install/fields2cover:/home/ws/install/opennav_coverage_bt:/home/ws/install/opennav_coverage:/home/ws/install/temizlik_navigation:/opt/ros/jazzy/opt/gz_sim_vendor:/opt/ros/jazzy/opt/gz_sensors_vendor:/opt/ros/jazzy/opt/gz_physics_vendor:/opt/ros/jazzy/opt/sdformat_vendor:/opt/ros/jazzy/opt/gz_gui_vendor:/opt/ros/jazzy/opt/gz_transport_vendor:/opt/ros/jazzy/opt/gz_rendering_vendor:/opt/ros/jazzy/opt/gz_plugin_vendor:/opt/ros/jazzy/opt/gz_fuel_tools_vendor:/opt/ros/jazzy/opt/gz_msgs_vendor:/opt/ros/jazzy/opt/gz_common_vendor:/opt/ros/jazzy/opt/gz_math_vendor:/opt/ros/jazzy/opt/gz_utils_vendor:/opt/ros/jazzy/opt/gz_tools_vendor:/opt/ros/jazzy/opt/gz_ogre_next_vendor:/opt/ros/jazzy/opt/gz_dartsim_vendor:/opt/ros/jazzy/opt/gz_cmake_vendor:/opt/ros/jazzy LD_LIBRARY_PATH=/home/ws/install/opennav_coverage_msgs/lib:/home/ws/install/fields2cover/lib:/home/ws/install/opennav_coverage_bt/lib:/home/ws/install/opennav_coverage/lib:/opt/ros/jazzy/opt/gz_sim_vendor/lib:/opt/ros/jazzy/opt/gz_sensors_vendor/lib:/opt/ros/jazzy/opt/gz_physics_vendor/lib:/opt/ros/jazzy/opt/sdformat_vendor/lib:/opt/ros/jazzy/opt/rviz_ogre_vendor/lib:/opt/ros/jazzy/lib/x86_64-linux-gnu:/opt/ros/jazzy/opt/gz_gui_vendor/lib:/opt/ros/jazzy/opt/gz_transport_vendor/lib:/opt/ros/jazzy/opt/gz_rendering_vendor/lib:/opt/ros/jazzy/opt/gz_plugin_vendor/lib:/opt/ros/jazzy/opt/gz_fuel_tools_vendor/lib:/opt/ros/jazzy/opt/gz_msgs_vendor/lib:/opt/ros/jazzy/opt/gz_common_vendor/lib:/opt/ros/jazzy/opt/gz_math_vendor/lib:/opt/ros/jazzy/opt/gz_utils_vendor/lib:/opt/ros/jazzy/opt/gz_tools_vendor/lib:/opt/ros/jazzy/opt/gz_ogre_next_vendor/lib:/opt/ros/jazzy/opt/gz_dartsim_vendor/lib:/opt/ros/jazzy/opt/gz_cmake_vendor/lib:/opt/ros/jazzy/lib /usr/bin/cmake --install /home/ws/build/opennav_coverage
[50.345s] Level 1:colcon.colcon_core.environment:checking '/home/ws/install/opennav_coverage' for CMake config files
[50.345s] Level 1:colcon.colcon_core.shell:create_environment_hook('opennav_coverage', 'cmake_prefix_path')
[50.345s] INFO:colcon.colcon_core.shell:Creating environment hook '/home/ws/install/opennav_coverage/share/opennav_coverage/hook/cmake_prefix_path.ps1'
[50.345s] INFO:colcon.colcon_core.shell:Creating environment descriptor '/home/ws/install/opennav_coverage/share/opennav_coverage/hook/cmake_prefix_path.dsv'
[50.345s] INFO:colcon.colcon_core.shell:Creating environment hook '/home/ws/install/opennav_coverage/share/opennav_coverage/hook/cmake_prefix_path.sh'
[50.345s] Level 1:colcon.colcon_core.environment:checking '/home/ws/install/opennav_coverage/lib'
[50.346s] Level 1:colcon.colcon_core.shell:create_environment_hook('opennav_coverage', 'ld_library_path_lib')
[50.346s] INFO:colcon.colcon_core.shell:Creating environment hook '/home/ws/install/opennav_coverage/share/opennav_coverage/hook/ld_library_path_lib.ps1'
[50.346s] INFO:colcon.colcon_core.shell:Creating environment descriptor '/home/ws/install/opennav_coverage/share/opennav_coverage/hook/ld_library_path_lib.dsv'
[50.346s] INFO:colcon.colcon_core.shell:Creating environment hook '/home/ws/install/opennav_coverage/share/opennav_coverage/hook/ld_library_path_lib.sh'
[50.346s] Level 1:colcon.colcon_core.environment:checking '/home/ws/install/opennav_coverage/bin'
[50.346s] Level 1:colcon.colcon_core.environment:checking '/home/ws/install/opennav_coverage/lib/pkgconfig/opennav_coverage.pc'
[50.346s] Level 1:colcon.colcon_core.environment:checking '/home/ws/install/opennav_coverage/lib/python3.12/site-packages'
[50.346s] Level 1:colcon.colcon_core.environment:checking '/home/ws/install/opennav_coverage/bin'
[50.347s] INFO:colcon.colcon_core.shell:Creating package script '/home/ws/install/opennav_coverage/share/opennav_coverage/package.ps1'
[50.347s] INFO:colcon.colcon_core.shell:Creating package descriptor '/home/ws/install/opennav_coverage/share/opennav_coverage/package.dsv'
[50.347s] INFO:colcon.colcon_core.shell:Creating package script '/home/ws/install/opennav_coverage/share/opennav_coverage/package.sh'
[50.347s] INFO:colcon.colcon_core.shell:Creating package script '/home/ws/install/opennav_coverage/share/opennav_coverage/package.bash'
[50.348s] INFO:colcon.colcon_core.shell:Creating package script '/home/ws/install/opennav_coverage/share/opennav_coverage/package.zsh'
[50.348s] Level 1:colcon.colcon_core.environment:create_file_with_runtime_dependencies(/home/ws/install/opennav_coverage/share/colcon-core/packages/opennav_coverage)
[50.348s] Level 1:colcon.colcon_core.environment:create_environment_scripts_only(opennav_coverage)
[50.348s] Level 1:colcon.colcon_core.environment:checking '/home/ws/install/opennav_coverage' for CMake module files
[50.348s] Level 1:colcon.colcon_core.environment:checking '/home/ws/install/opennav_coverage' for CMake config files
[50.348s] Level 1:colcon.colcon_core.shell:create_environment_hook('opennav_coverage', 'cmake_prefix_path')
[50.349s] INFO:colcon.colcon_core.shell:Creating environment hook '/home/ws/install/opennav_coverage/share/opennav_coverage/hook/cmake_prefix_path.ps1'
[50.349s] INFO:colcon.colcon_core.shell:Creating environment descriptor '/home/ws/install/opennav_coverage/share/opennav_coverage/hook/cmake_prefix_path.dsv'
[50.349s] INFO:colcon.colcon_core.shell:Creating environment hook '/home/ws/install/opennav_coverage/share/opennav_coverage/hook/cmake_prefix_path.sh'
[50.349s] Level 1:colcon.colcon_core.environment:checking '/home/ws/install/opennav_coverage/lib'
[50.349s] Level 1:colcon.colcon_core.shell:create_environment_hook('opennav_coverage', 'ld_library_path_lib')
[50.349s] INFO:colcon.colcon_core.shell:Creating environment hook '/home/ws/install/opennav_coverage/share/opennav_coverage/hook/ld_library_path_lib.ps1'
[50.349s] INFO:colcon.colcon_core.shell:Creating environment descriptor '/home/ws/install/opennav_coverage/share/opennav_coverage/hook/ld_library_path_lib.dsv'
[50.350s] INFO:colcon.colcon_core.shell:Creating environment hook '/home/ws/install/opennav_coverage/share/opennav_coverage/hook/ld_library_path_lib.sh'
[50.350s] Level 1:colcon.colcon_core.environment:checking '/home/ws/install/opennav_coverage/bin'
[50.350s] Level 1:colcon.colcon_core.environment:checking '/home/ws/install/opennav_coverage/lib/pkgconfig/opennav_coverage.pc'
[50.350s] Level 1:colcon.colcon_core.environment:checking '/home/ws/install/opennav_coverage/lib/python3.12/site-packages'
[50.350s] Level 1:colcon.colcon_core.environment:checking '/home/ws/install/opennav_coverage/bin'
[50.350s] INFO:colcon.colcon_core.shell:Creating package script '/home/ws/install/opennav_coverage/share/opennav_coverage/package.ps1'
[50.351s] INFO:colcon.colcon_core.shell:Creating package descriptor '/home/ws/install/opennav_coverage/share/opennav_coverage/package.dsv'
[50.351s] INFO:colcon.colcon_core.shell:Creating package script '/home/ws/install/opennav_coverage/share/opennav_coverage/package.sh'
[50.351s] INFO:colcon.colcon_core.shell:Creating package script '/home/ws/install/opennav_coverage/share/opennav_coverage/package.bash'
[50.351s] INFO:colcon.colcon_core.shell:Creating package script '/home/ws/install/opennav_coverage/share/opennav_coverage/package.zsh'
[50.351s] Level 1:colcon.colcon_core.environment:create_file_with_runtime_dependencies(/home/ws/install/opennav_coverage/share/colcon-core/packages/opennav_coverage)
[50.352s] INFO:colcon.colcon_ros.task.ament_cmake.build:Building ROS package in '/home/ws/src/opennav_coverage/opennav_coverage_navigator' with build type 'ament_cmake'
[50.352s] INFO:colcon.colcon_cmake.task.cmake.build:Building CMake package in '/home/ws/src/opennav_coverage/opennav_coverage_navigator'
[50.352s] INFO:colcon.colcon_core.shell:Skip shell extension 'powershell' for command environment: Not usable outside of PowerShell
[50.352s] DEBUG:colcon.colcon_core.shell:Skip shell extension 'dsv' for command environment
[50.355s] INFO:colcon.colcon_ros.task.ament_cmake.build:Building ROS package in '/home/ws/src/opennav_coverage/opennav_row_coverage' with build type 'ament_cmake'
[50.355s] INFO:colcon.colcon_cmake.task.cmake.build:Building CMake package in '/home/ws/src/opennav_coverage/opennav_row_coverage'
[50.355s] INFO:colcon.colcon_core.shell:Skip shell extension 'powershell' for command environment: Not usable outside of PowerShell
[50.356s] DEBUG:colcon.colcon_core.shell:Skip shell extension 'dsv' for command environment
[50.358s] INFO:colcon.colcon_ros.task.ament_cmake.build:Building ROS package in '/home/ws/src/temizlik_navigation' with build type 'ament_cmake'
[50.358s] INFO:colcon.colcon_cmake.task.cmake.build:Building CMake package in '/home/ws/src/temizlik_navigation'
[50.358s] INFO:colcon.colcon_core.shell:Skip shell extension 'powershell' for command environment: Not usable outside of PowerShell
[50.358s] DEBUG:colcon.colcon_core.shell:Skip shell extension 'dsv' for command environment
[50.365s] DEBUG:colcon.colcon_core.event_handler.log_command:Invoking command in '/home/ws/build/opennav_coverage_navigator': CMAKE_PREFIX_PATH=${CMAKE_PREFIX_PATH}:/opt/ros/jazzy /usr/bin/cmake /home/ws/src/opennav_coverage/opennav_coverage_navigator -DCMAKE_INSTALL_PREFIX=/home/ws/install/opennav_coverage_navigator
[50.367s] DEBUG:colcon.colcon_core.event_handler.log_command:Invoking command in '/home/ws/build/opennav_row_coverage': CMAKE_PREFIX_PATH=/home/ws/install/opennav_coverage:/home/ws/install/opennav_coverage_msgs:/home/ws/install/fields2cover:/home/ws/install/opennav_coverage_bt:/home/ws/install/temizlik_navigation:/opt/ros/jazzy/opt/gz_sim_vendor:/opt/ros/jazzy/opt/gz_sensors_vendor:/opt/ros/jazzy/opt/gz_physics_vendor:/opt/ros/jazzy/opt/sdformat_vendor:/opt/ros/jazzy/opt/gz_gui_vendor:/opt/ros/jazzy/opt/gz_transport_vendor:/opt/ros/jazzy/opt/gz_rendering_vendor:/opt/ros/jazzy/opt/gz_plugin_vendor:/opt/ros/jazzy/opt/gz_fuel_tools_vendor:/opt/ros/jazzy/opt/gz_msgs_vendor:/opt/ros/jazzy/opt/gz_common_vendor:/opt/ros/jazzy/opt/gz_math_vendor:/opt/ros/jazzy/opt/gz_utils_vendor:/opt/ros/jazzy/opt/gz_tools_vendor:/opt/ros/jazzy/opt/gz_ogre_next_vendor:/opt/ros/jazzy/opt/gz_dartsim_vendor:/opt/ros/jazzy/opt/gz_cmake_vendor:/opt/ros/jazzy LD_LIBRARY_PATH=/home/ws/install/opennav_coverage/lib:/home/ws/install/opennav_coverage_msgs/lib:/home/ws/install/fields2cover/lib:/home/ws/install/opennav_coverage_bt/lib:/opt/ros/jazzy/opt/gz_sim_vendor/lib:/opt/ros/jazzy/opt/gz_sensors_vendor/lib:/opt/ros/jazzy/opt/gz_physics_vendor/lib:/opt/ros/jazzy/opt/sdformat_vendor/lib:/opt/ros/jazzy/opt/rviz_ogre_vendor/lib:/opt/ros/jazzy/lib/x86_64-linux-gnu:/opt/ros/jazzy/opt/gz_gui_vendor/lib:/opt/ros/jazzy/opt/gz_transport_vendor/lib:/opt/ros/jazzy/opt/gz_rendering_vendor/lib:/opt/ros/jazzy/opt/gz_plugin_vendor/lib:/opt/ros/jazzy/opt/gz_fuel_tools_vendor/lib:/opt/ros/jazzy/opt/gz_msgs_vendor/lib:/opt/ros/jazzy/opt/gz_common_vendor/lib:/opt/ros/jazzy/opt/gz_math_vendor/lib:/opt/ros/jazzy/opt/gz_utils_vendor/lib:/opt/ros/jazzy/opt/gz_tools_vendor/lib:/opt/ros/jazzy/opt/gz_ogre_next_vendor/lib:/opt/ros/jazzy/opt/gz_dartsim_vendor/lib:/opt/ros/jazzy/opt/gz_cmake_vendor/lib:/opt/ros/jazzy/lib /usr/bin/cmake /home/ws/src/opennav_coverage/opennav_row_coverage -DCMAKE_INSTALL_PREFIX=/home/ws/install/opennav_row_coverage
[50.368s] DEBUG:colcon.colcon_core.event_handler.log_command:Invoking command in '/home/ws/build/temizlik_navigation': CMAKE_PREFIX_PATH=/home/ws/install/opennav_coverage:/home/ws/install/opennav_coverage_msgs:/home/ws/install/fields2cover:/home/ws/install/opennav_coverage_bt:/home/ws/install/temizlik_navigation:/opt/ros/jazzy/opt/gz_sim_vendor:/opt/ros/jazzy/opt/gz_sensors_vendor:/opt/ros/jazzy/opt/gz_physics_vendor:/opt/ros/jazzy/opt/sdformat_vendor:/opt/ros/jazzy/opt/gz_gui_vendor:/opt/ros/jazzy/opt/gz_transport_vendor:/opt/ros/jazzy/opt/gz_rendering_vendor:/opt/ros/jazzy/opt/gz_plugin_vendor:/opt/ros/jazzy/opt/gz_fuel_tools_vendor:/opt/ros/jazzy/opt/gz_msgs_vendor:/opt/ros/jazzy/opt/gz_common_vendor:/opt/ros/jazzy/opt/gz_math_vendor:/opt/ros/jazzy/opt/gz_utils_vendor:/opt/ros/jazzy/opt/gz_tools_vendor:/opt/ros/jazzy/opt/gz_ogre_next_vendor:/opt/ros/jazzy/opt/gz_dartsim_vendor:/opt/ros/jazzy/opt/gz_cmake_vendor:/opt/ros/jazzy LD_LIBRARY_PATH=/home/ws/install/opennav_coverage/lib:/home/ws/install/opennav_coverage_msgs/lib:/home/ws/install/fields2cover/lib:/home/ws/install/opennav_coverage_bt/lib:/opt/ros/jazzy/opt/gz_sim_vendor/lib:/opt/ros/jazzy/opt/gz_sensors_vendor/lib:/opt/ros/jazzy/opt/gz_physics_vendor/lib:/opt/ros/jazzy/opt/sdformat_vendor/lib:/opt/ros/jazzy/opt/rviz_ogre_vendor/lib:/opt/ros/jazzy/lib/x86_64-linux-gnu:/opt/ros/jazzy/opt/gz_gui_vendor/lib:/opt/ros/jazzy/opt/gz_transport_vendor/lib:/opt/ros/jazzy/opt/gz_rendering_vendor/lib:/opt/ros/jazzy/opt/gz_plugin_vendor/lib:/opt/ros/jazzy/opt/gz_fuel_tools_vendor/lib:/opt/ros/jazzy/opt/gz_msgs_vendor/lib:/opt/ros/jazzy/opt/gz_common_vendor/lib:/opt/ros/jazzy/opt/gz_math_vendor/lib:/opt/ros/jazzy/opt/gz_utils_vendor/lib:/opt/ros/jazzy/opt/gz_tools_vendor/lib:/opt/ros/jazzy/opt/gz_ogre_next_vendor/lib:/opt/ros/jazzy/opt/gz_dartsim_vendor/lib:/opt/ros/jazzy/opt/gz_cmake_vendor/lib:/opt/ros/jazzy/lib /usr/bin/cmake /home/ws/src/temizlik_navigation -DCMAKE_INSTALL_PREFIX=/home/ws/install/temizlik_navigation
[51.550s] DEBUG:colcon.colcon_core.event_handler.log_command:Invoked command in '/home/ws/build/temizlik_navigation' returned '0': CMAKE_PREFIX_PATH=/home/ws/install/opennav_coverage:/home/ws/install/opennav_coverage_msgs:/home/ws/install/fields2cover:/home/ws/install/opennav_coverage_bt:/home/ws/install/temizlik_navigation:/opt/ros/jazzy/opt/gz_sim_vendor:/opt/ros/jazzy/opt/gz_sensors_vendor:/opt/ros/jazzy/opt/gz_physics_vendor:/opt/ros/jazzy/opt/sdformat_vendor:/opt/ros/jazzy/opt/gz_gui_vendor:/opt/ros/jazzy/opt/gz_transport_vendor:/opt/ros/jazzy/opt/gz_rendering_vendor:/opt/ros/jazzy/opt/gz_plugin_vendor:/opt/ros/jazzy/opt/gz_fuel_tools_vendor:/opt/ros/jazzy/opt/gz_msgs_vendor:/opt/ros/jazzy/opt/gz_common_vendor:/opt/ros/jazzy/opt/gz_math_vendor:/opt/ros/jazzy/opt/gz_utils_vendor:/opt/ros/jazzy/opt/gz_tools_vendor:/opt/ros/jazzy/opt/gz_ogre_next_vendor:/opt/ros/jazzy/opt/gz_dartsim_vendor:/opt/ros/jazzy/opt/gz_cmake_vendor:/opt/ros/jazzy LD_LIBRARY_PATH=/home/ws/install/opennav_coverage/lib:/home/ws/install/opennav_coverage_msgs/lib:/home/ws/install/fields2cover/lib:/home/ws/install/opennav_coverage_bt/lib:/opt/ros/jazzy/opt/gz_sim_vendor/lib:/opt/ros/jazzy/opt/gz_sensors_vendor/lib:/opt/ros/jazzy/opt/gz_physics_vendor/lib:/opt/ros/jazzy/opt/sdformat_vendor/lib:/opt/ros/jazzy/opt/rviz_ogre_vendor/lib:/opt/ros/jazzy/lib/x86_64-linux-gnu:/opt/ros/jazzy/opt/gz_gui_vendor/lib:/opt/ros/jazzy/opt/gz_transport_vendor/lib:/opt/ros/jazzy/opt/gz_rendering_vendor/lib:/opt/ros/jazzy/opt/gz_plugin_vendor/lib:/opt/ros/jazzy/opt/gz_fuel_tools_vendor/lib:/opt/ros/jazzy/opt/gz_msgs_vendor/lib:/opt/ros/jazzy/opt/gz_common_vendor/lib:/opt/ros/jazzy/opt/gz_math_vendor/lib:/opt/ros/jazzy/opt/gz_utils_vendor/lib:/opt/ros/jazzy/opt/gz_tools_vendor/lib:/opt/ros/jazzy/opt/gz_ogre_next_vendor/lib:/opt/ros/jazzy/opt/gz_dartsim_vendor/lib:/opt/ros/jazzy/opt/gz_cmake_vendor/lib:/opt/ros/jazzy/lib /usr/bin/cmake /home/ws/src/temizlik_navigation -DCMAKE_INSTALL_PREFIX=/home/ws/install/temizlik_navigation
[51.551s] DEBUG:colcon.colcon_core.event_handler.log_command:Invoking command in '/home/ws/build/temizlik_navigation': CMAKE_PREFIX_PATH=/home/ws/install/opennav_coverage:/home/ws/install/opennav_coverage_msgs:/home/ws/install/fields2cover:/home/ws/install/opennav_coverage_bt:/home/ws/install/temizlik_navigation:/opt/ros/jazzy/opt/gz_sim_vendor:/opt/ros/jazzy/opt/gz_sensors_vendor:/opt/ros/jazzy/opt/gz_physics_vendor:/opt/ros/jazzy/opt/sdformat_vendor:/opt/ros/jazzy/opt/gz_gui_vendor:/opt/ros/jazzy/opt/gz_transport_vendor:/opt/ros/jazzy/opt/gz_rendering_vendor:/opt/ros/jazzy/opt/gz_plugin_vendor:/opt/ros/jazzy/opt/gz_fuel_tools_vendor:/opt/ros/jazzy/opt/gz_msgs_vendor:/opt/ros/jazzy/opt/gz_common_vendor:/opt/ros/jazzy/opt/gz_math_vendor:/opt/ros/jazzy/opt/gz_utils_vendor:/opt/ros/jazzy/opt/gz_tools_vendor:/opt/ros/jazzy/opt/gz_ogre_next_vendor:/opt/ros/jazzy/opt/gz_dartsim_vendor:/opt/ros/jazzy/opt/gz_cmake_vendor:/opt/ros/jazzy LD_LIBRARY_PATH=/home/ws/install/opennav_coverage/lib:/home/ws/install/opennav_coverage_msgs/lib:/home/ws/install/fields2cover/lib:/home/ws/install/opennav_coverage_bt/lib:/opt/ros/jazzy/opt/gz_sim_vendor/lib:/opt/ros/jazzy/opt/gz_sensors_vendor/lib:/opt/ros/jazzy/opt/gz_physics_vendor/lib:/opt/ros/jazzy/opt/sdformat_vendor/lib:/opt/ros/jazzy/opt/rviz_ogre_vendor/lib:/opt/ros/jazzy/lib/x86_64-linux-gnu:/opt/ros/jazzy/opt/gz_gui_vendor/lib:/opt/ros/jazzy/opt/gz_transport_vendor/lib:/opt/ros/jazzy/opt/gz_rendering_vendor/lib:/opt/ros/jazzy/opt/gz_plugin_vendor/lib:/opt/ros/jazzy/opt/gz_fuel_tools_vendor/lib:/opt/ros/jazzy/opt/gz_msgs_vendor/lib:/opt/ros/jazzy/opt/gz_common_vendor/lib:/opt/ros/jazzy/opt/gz_math_vendor/lib:/opt/ros/jazzy/opt/gz_utils_vendor/lib:/opt/ros/jazzy/opt/gz_tools_vendor/lib:/opt/ros/jazzy/opt/gz_ogre_next_vendor/lib:/opt/ros/jazzy/opt/gz_dartsim_vendor/lib:/opt/ros/jazzy/opt/gz_cmake_vendor/lib:/opt/ros/jazzy/lib /usr/bin/cmake --build /home/ws/build/temizlik_navigation -- -j12 -l12
[52.115s] DEBUG:colcon.colcon_core.event_handler.log_command:Invoked command in '/home/ws/build/opennav_row_coverage' returned '0': CMAKE_PREFIX_PATH=/home/ws/install/opennav_coverage:/home/ws/install/opennav_coverage_msgs:/home/ws/install/fields2cover:/home/ws/install/opennav_coverage_bt:/home/ws/install/temizlik_navigation:/opt/ros/jazzy/opt/gz_sim_vendor:/opt/ros/jazzy/opt/gz_sensors_vendor:/opt/ros/jazzy/opt/gz_physics_vendor:/opt/ros/jazzy/opt/sdformat_vendor:/opt/ros/jazzy/opt/gz_gui_vendor:/opt/ros/jazzy/opt/gz_transport_vendor:/opt/ros/jazzy/opt/gz_rendering_vendor:/opt/ros/jazzy/opt/gz_plugin_vendor:/opt/ros/jazzy/opt/gz_fuel_tools_vendor:/opt/ros/jazzy/opt/gz_msgs_vendor:/opt/ros/jazzy/opt/gz_common_vendor:/opt/ros/jazzy/opt/gz_math_vendor:/opt/ros/jazzy/opt/gz_utils_vendor:/opt/ros/jazzy/opt/gz_tools_vendor:/opt/ros/jazzy/opt/gz_ogre_next_vendor:/opt/ros/jazzy/opt/gz_dartsim_vendor:/opt/ros/jazzy/opt/gz_cmake_vendor:/opt/ros/jazzy LD_LIBRARY_PATH=/home/ws/install/opennav_coverage/lib:/home/ws/install/opennav_coverage_msgs/lib:/home/ws/install/fields2cover/lib:/home/ws/install/opennav_coverage_bt/lib:/opt/ros/jazzy/opt/gz_sim_vendor/lib:/opt/ros/jazzy/opt/gz_sensors_vendor/lib:/opt/ros/jazzy/opt/gz_physics_vendor/lib:/opt/ros/jazzy/opt/sdformat_vendor/lib:/opt/ros/jazzy/opt/rviz_ogre_vendor/lib:/opt/ros/jazzy/lib/x86_64-linux-gnu:/opt/ros/jazzy/opt/gz_gui_vendor/lib:/opt/ros/jazzy/opt/gz_transport_vendor/lib:/opt/ros/jazzy/opt/gz_rendering_vendor/lib:/opt/ros/jazzy/opt/gz_plugin_vendor/lib:/opt/ros/jazzy/opt/gz_fuel_tools_vendor/lib:/opt/ros/jazzy/opt/gz_msgs_vendor/lib:/opt/ros/jazzy/opt/gz_common_vendor/lib:/opt/ros/jazzy/opt/gz_math_vendor/lib:/opt/ros/jazzy/opt/gz_utils_vendor/lib:/opt/ros/jazzy/opt/gz_tools_vendor/lib:/opt/ros/jazzy/opt/gz_ogre_next_vendor/lib:/opt/ros/jazzy/opt/gz_dartsim_vendor/lib:/opt/ros/jazzy/opt/gz_cmake_vendor/lib:/opt/ros/jazzy/lib /usr/bin/cmake /home/ws/src/opennav_coverage/opennav_row_coverage -DCMAKE_INSTALL_PREFIX=/home/ws/install/opennav_row_coverage
[52.116s] DEBUG:colcon.colcon_core.event_handler.log_command:Invoking command in '/home/ws/build/opennav_row_coverage': CMAKE_PREFIX_PATH=/home/ws/install/opennav_coverage:/home/ws/install/opennav_coverage_msgs:/home/ws/install/fields2cover:/home/ws/install/opennav_coverage_bt:/home/ws/install/temizlik_navigation:/opt/ros/jazzy/opt/gz_sim_vendor:/opt/ros/jazzy/opt/gz_sensors_vendor:/opt/ros/jazzy/opt/gz_physics_vendor:/opt/ros/jazzy/opt/sdformat_vendor:/opt/ros/jazzy/opt/gz_gui_vendor:/opt/ros/jazzy/opt/gz_transport_vendor:/opt/ros/jazzy/opt/gz_rendering_vendor:/opt/ros/jazzy/opt/gz_plugin_vendor:/opt/ros/jazzy/opt/gz_fuel_tools_vendor:/opt/ros/jazzy/opt/gz_msgs_vendor:/opt/ros/jazzy/opt/gz_common_vendor:/opt/ros/jazzy/opt/gz_math_vendor:/opt/ros/jazzy/opt/gz_utils_vendor:/opt/ros/jazzy/opt/gz_tools_vendor:/opt/ros/jazzy/opt/gz_ogre_next_vendor:/opt/ros/jazzy/opt/gz_dartsim_vendor:/opt/ros/jazzy/opt/gz_cmake_vendor:/opt/ros/jazzy LD_LIBRARY_PATH=/home/ws/install/opennav_coverage/lib:/home/ws/install/opennav_coverage_msgs/lib:/home/ws/install/fields2cover/lib:/home/ws/install/opennav_coverage_bt/lib:/opt/ros/jazzy/opt/gz_sim_vendor/lib:/opt/ros/jazzy/opt/gz_sensors_vendor/lib:/opt/ros/jazzy/opt/gz_physics_vendor/lib:/opt/ros/jazzy/opt/sdformat_vendor/lib:/opt/ros/jazzy/opt/rviz_ogre_vendor/lib:/opt/ros/jazzy/lib/x86_64-linux-gnu:/opt/ros/jazzy/opt/gz_gui_vendor/lib:/opt/ros/jazzy/opt/gz_transport_vendor/lib:/opt/ros/jazzy/opt/gz_rendering_vendor/lib:/opt/ros/jazzy/opt/gz_plugin_vendor/lib:/opt/ros/jazzy/opt/gz_fuel_tools_vendor/lib:/opt/ros/jazzy/opt/gz_msgs_vendor/lib:/opt/ros/jazzy/opt/gz_common_vendor/lib:/opt/ros/jazzy/opt/gz_math_vendor/lib:/opt/ros/jazzy/opt/gz_utils_vendor/lib:/opt/ros/jazzy/opt/gz_tools_vendor/lib:/opt/ros/jazzy/opt/gz_ogre_next_vendor/lib:/opt/ros/jazzy/opt/gz_dartsim_vendor/lib:/opt/ros/jazzy/opt/gz_cmake_vendor/lib:/opt/ros/jazzy/lib /usr/bin/cmake --build /home/ws/build/opennav_row_coverage -- -j12 -l12
[52.199s] DEBUG:colcon.colcon_core.event_handler.log_command:Invoked command in '/home/ws/build/opennav_coverage_navigator' returned '0': CMAKE_PREFIX_PATH=${CMAKE_PREFIX_PATH}:/opt/ros/jazzy /usr/bin/cmake /home/ws/src/opennav_coverage/opennav_coverage_navigator -DCMAKE_INSTALL_PREFIX=/home/ws/install/opennav_coverage_navigator
[52.200s] DEBUG:colcon.colcon_core.event_handler.log_command:Invoking command in '/home/ws/build/opennav_coverage_navigator': CMAKE_PREFIX_PATH=${CMAKE_PREFIX_PATH}:/opt/ros/jazzy /usr/bin/cmake --build /home/ws/build/opennav_coverage_navigator -- -j12 -l12
[55.470s] DEBUG:colcon.colcon_core.event_handler.log_command:Invoked command in '/home/ws/build/temizlik_navigation' returned '2': CMAKE_PREFIX_PATH=/home/ws/install/opennav_coverage:/home/ws/install/opennav_coverage_msgs:/home/ws/install/fields2cover:/home/ws/install/opennav_coverage_bt:/home/ws/install/temizlik_navigation:/opt/ros/jazzy/opt/gz_sim_vendor:/opt/ros/jazzy/opt/gz_sensors_vendor:/opt/ros/jazzy/opt/gz_physics_vendor:/opt/ros/jazzy/opt/sdformat_vendor:/opt/ros/jazzy/opt/gz_gui_vendor:/opt/ros/jazzy/opt/gz_transport_vendor:/opt/ros/jazzy/opt/gz_rendering_vendor:/opt/ros/jazzy/opt/gz_plugin_vendor:/opt/ros/jazzy/opt/gz_fuel_tools_vendor:/opt/ros/jazzy/opt/gz_msgs_vendor:/opt/ros/jazzy/opt/gz_common_vendor:/opt/ros/jazzy/opt/gz_math_vendor:/opt/ros/jazzy/opt/gz_utils_vendor:/opt/ros/jazzy/opt/gz_tools_vendor:/opt/ros/jazzy/opt/gz_ogre_next_vendor:/opt/ros/jazzy/opt/gz_dartsim_vendor:/opt/ros/jazzy/opt/gz_cmake_vendor:/opt/ros/jazzy LD_LIBRARY_PATH=/home/ws/install/opennav_coverage/lib:/home/ws/install/opennav_coverage_msgs/lib:/home/ws/install/fields2cover/lib:/home/ws/install/opennav_coverage_bt/lib:/opt/ros/jazzy/opt/gz_sim_vendor/lib:/opt/ros/jazzy/opt/gz_sensors_vendor/lib:/opt/ros/jazzy/opt/gz_physics_vendor/lib:/opt/ros/jazzy/opt/sdformat_vendor/lib:/opt/ros/jazzy/opt/rviz_ogre_vendor/lib:/opt/ros/jazzy/lib/x86_64-linux-gnu:/opt/ros/jazzy/opt/gz_gui_vendor/lib:/opt/ros/jazzy/opt/gz_transport_vendor/lib:/opt/ros/jazzy/opt/gz_rendering_vendor/lib:/opt/ros/jazzy/opt/gz_plugin_vendor/lib:/opt/ros/jazzy/opt/gz_fuel_tools_vendor/lib:/opt/ros/jazzy/opt/gz_msgs_vendor/lib:/opt/ros/jazzy/opt/gz_common_vendor/lib:/opt/ros/jazzy/opt/gz_math_vendor/lib:/opt/ros/jazzy/opt/gz_utils_vendor/lib:/opt/ros/jazzy/opt/gz_tools_vendor/lib:/opt/ros/jazzy/opt/gz_ogre_next_vendor/lib:/opt/ros/jazzy/opt/gz_dartsim_vendor/lib:/opt/ros/jazzy/opt/gz_cmake_vendor/lib:/opt/ros/jazzy/lib /usr/bin/cmake --build /home/ws/build/temizlik_navigation -- -j12 -l12
[55.471s] Level 1:colcon.colcon_core.environment:create_environment_scripts_only(temizlik_navigation)
[55.471s] Level 1:colcon.colcon_core.environment:checking '/home/ws/install/temizlik_navigation' for CMake module files
[55.471s] Level 1:colcon.colcon_core.environment:checking '/home/ws/install/temizlik_navigation' for CMake config files
[55.471s] Level 1:colcon.colcon_core.environment:checking '/home/ws/install/temizlik_navigation/bin'
[55.471s] Level 1:colcon.colcon_core.environment:checking '/home/ws/install/temizlik_navigation/lib/pkgconfig/temizlik_navigation.pc'
[55.471s] Level 1:colcon.colcon_core.environment:checking '/home/ws/install/temizlik_navigation/lib/python3.12/site-packages'
[55.471s] Level 1:colcon.colcon_core.environment:checking '/home/ws/install/temizlik_navigation/bin'
[55.471s] INFO:colcon.colcon_core.shell:Creating package script '/home/ws/install/temizlik_navigation/share/temizlik_navigation/package.ps1'
[55.472s] INFO:colcon.colcon_core.shell:Creating package descriptor '/home/ws/install/temizlik_navigation/share/temizlik_navigation/package.dsv'
[55.472s] INFO:colcon.colcon_core.shell:Creating package script '/home/ws/install/temizlik_navigation/share/temizlik_navigation/package.sh'
[55.472s] INFO:colcon.colcon_core.shell:Creating package script '/home/ws/install/temizlik_navigation/share/temizlik_navigation/package.bash'
[55.472s] INFO:colcon.colcon_core.shell:Creating package script '/home/ws/install/temizlik_navigation/share/temizlik_navigation/package.zsh'
[55.473s] Level 1:colcon.colcon_core.environment:create_file_with_runtime_dependencies(/home/ws/install/temizlik_navigation/share/colcon-core/packages/temizlik_navigation)
[69.706s] DEBUG:colcon.colcon_parallel_executor.executor.parallel:closing loop
[69.707s] DEBUG:colcon.colcon_parallel_executor.executor.parallel:loop closed
[69.707s] DEBUG:colcon.colcon_parallel_executor.executor.parallel:run_until_complete finished with '2'
[69.707s] DEBUG:colcon.colcon_core.event_reactor:joining thread
[69.711s] INFO:colcon.colcon_core.plugin_system:Skipping extension 'colcon_notification.desktop_notification.notify_send': Could not find 'notify-send'
[69.711s] INFO:colcon.colcon_core.plugin_system:Skipping extension 'colcon_notification.desktop_notification.terminal_notifier': Not used on non-Darwin systems
[69.711s] INFO:colcon.colcon_core.plugin_system:Skipping extension 'colcon_notification.desktop_notification.win32': Not used on non-Windows systems
[69.711s] INFO:colcon.colcon_notification.desktop_notification:Sending desktop notification using 'notify2'
[69.713s] DEBUG:colcon.colcon_notification.desktop_notification.notify2:Failed to initialize notify2: org.freedesktop.DBus.Error.Spawn.ExecFailed: /usr/bin/dbus-launch terminated abnormally without any error message
[69.713s] DEBUG:colcon.colcon_core.event_reactor:joined thread
[69.713s] INFO:colcon.colcon_core.shell:Creating prefix script '/home/ws/install/local_setup.ps1'
[69.714s] INFO:colcon.colcon_core.shell:Creating prefix util module '/home/ws/install/_local_setup_util_ps1.py'
[69.715s] INFO:colcon.colcon_core.shell:Creating prefix chain script '/home/ws/install/setup.ps1'
[69.716s] INFO:colcon.colcon_core.shell:Creating prefix script '/home/ws/install/local_setup.sh'
[69.716s] INFO:colcon.colcon_core.shell:Creating prefix util module '/home/ws/install/_local_setup_util_sh.py'
[69.716s] INFO:colcon.colcon_core.shell:Creating prefix chain script '/home/ws/install/setup.sh'
[69.717s] INFO:colcon.colcon_core.shell:Creating prefix script '/home/ws/install/local_setup.bash'
[69.718s] INFO:colcon.colcon_core.shell:Creating prefix chain script '/home/ws/install/setup.bash'
[69.718s] INFO:colcon.colcon_core.shell:Creating prefix script '/home/ws/install/local_setup.zsh'
[69.719s] INFO:colcon.colcon_core.shell:Creating prefix chain script '/home/ws/install/setup.zsh'
